,A,Element,Z,N,Energy (keV),Energy Unc (keV),Ji,Thalf,E_gamma (keV),E_gamma Unc (keV),I_gamma,I_gamma Unc,Mult,Mult Ratio,Mult Ratio Unc,Conv Coef,Conv Coef Unc,B_exp (W.u.),B_exp Unc (W.u.),twoJi,Thalf Value,Thalf Units,Thalf Unc,Thalf (sec),Thalf Unc (sec),B_exp (e^2fm^4),B_exp Unc (e^2fm^4),Nucleus,Jf,twoJf,ni,nf,Include
0,16,O,8,8,6917.1,0.6,2,4.70 FS 0.13,867.7,1.2,0.027,0.003,[E2],,,,,27.0,3.0,4,4.7,FS,0.13,4.700000000000001e-15,1.3000000000000002e-16,64.665806041189,7.185089560132112,16O,0,0,1,2,False
1,16,O,8,8,9844.5,0.5,2,0.62 KEV 0.1,3794.6,1.2,30.0,7.0,[E2],,,,,1.2,0.3,4,0.62,KEV,0.1,7.358539907170257e-19,4.562294742445559e-18,2.8740358240528447,0.7185089560132112,16O,0,0,2,2,False
2,16,O,8,8,10356.0,3.0,4,26 KEV 3,3439.0,3.0,100.0,10.0,[E2],,,,,65.0,6.0,8,26.0,KEV,3.0,1.7547287470944462e-20,1.5207649141485198e-19,155.6769404695291,14.370179120264224,16O,2,4,1,1,False
3,16,O,8,8,11096.7,1.6,4,0.28 KEV 0.05,4179.0,1.7,81.0,20.0,[E2],,,,,1.0,0.3,8,0.28,KEV,0.05,1.6293909794448428e-18,9.124589484891118e-18,2.3950298533773706,0.7185089560132112,16O,2,4,2,1,False
4,17,O,8,9,870.73,0.1,1/2,179.2 PS 1.8,870.71,0.12,100.0,0.0,[E2],,,,,2.39,0.03,1,179.2,PS,1.8,1.7919999999999999e-10,1.8e-12,6.206033044969713,0.0778999963803729,17O,5/2,5,1,1,True
5,18,O,8,10,1982.07,0.09,2,1.94 PS 0.05,1982.0,0.0,100.0,0.0,E2,,,,,3.32,0.09,4,1.94,PS,0.05,1.94e-12,5e-14,9.303628879353177,0.2522068069704174,18O,0,0,1,1,True
6,18,O,8,10,3554.84,0.4,4,17.2 PS 0.8,1573.0,0.0,100.0,0.0,E2,,,,,1.19,0.06,8,17.2,PS,0.8,1.72e-11,8e-13,3.3347344477199634,0.1681378713136116,18O,2,4,1,1,True
7,18,O,8,10,3633.76,0.11,0,0.96 PS 0.11,1652.0,0.0,99.7,0.06,E2,,,,,17.0,2.0,0,0.96,PS,0.11,9.6e-13,1.1e-13,47.63906353885663,5.6045957104537205,18O,2,4,2,1,True
8,18,O,8,10,3920.44,0.14,2,18.4 FS 2,3920.0,0.0,12.4,0.7,E2,,,,,1.3,0.2,4,18.4,FS,2.0,1.84e-14,2e-15,3.6429872117949182,0.560459571045372,18O,0,0,2,1,True
9,18,O,8,10,5254.8,0.9,2,7.0 FS 0.3,1699.0,0.0,1.1,0.6,E2,,,,,21.0,12.0,4,7.0,FS,0.3,7e-15,3e-16,58.84825495976406,33.62757426272232,18O,4,8,3,1,True
10,18,O,8,10,5254.8,0.9,2,7.0 FS 0.3,1621.0,0.0,1.0,0.6,E2,,,,,23.0,15.0,4,7.0,FS,0.3,7e-15,3e-16,64.45285067021779,42.0344678284029,18O,0,0,3,2,True
11,18,O,8,10,5336.4,0.6,0,139 FS 28,3354.0,0.0,58.0,2.0,E2,,,,,2.0,0.4,0,139.0,FS,28.0,1.3900000000000001e-13,2.8e-14,5.6045957104537205,1.120919142090744,18O,2,4,3,1,True
12,18,O,8,10,8213.0,4.0,2,1.0 KEV 0.8,4658.0,0.0,3.0,1.0,E2,,,,,2.4,1.0,4,1.0,KEV,0.8,4.562294742445561e-19,5.70286842805695e-19,6.725514852544465,2.8022978552268603,18O,4,8,4,1,True
13,19,O,8,11,1471.7,0.4,1/2,0.88 PS 0.12,1471.7,0.0,2.0,0.2,E2,,,,,0.58,0.12,1,0.88,PS,0.12,8.8e-13,1.2e-13,1.7468290905623916,0.3614129152887707,19O,5/2,5,1,1,True
14,20,O,8,12,1673.68,0.15,2,7.3 PS 0.3,1673.6,0.15,100.0,0.0,[E2],,,,,1.8,0.07,4,7.3,PS,0.3,7.3e-12,3e-13,5.804927324750454,0.2257471737402954,20O,0,0,1,1,True
15,22,O,8,14,3199.0,8.0,2,0.40 PS 0.15,3199.0,8.0,100.0,0.0,E2,,,,,1.2,0.5,4,0.4,PS,0.15,4e-13,1.5e-13,4.394361435940092,1.8309839316417047,22O,0,0,1,1,True
16,17,F,9,8,495.33,0.1,1/2,286 PS 6,495.32,0.1,100.0,0.0,[E2],,,,,25.0,0.5,1,286.0,PS,6.0,2.86e-10,6e-12,64.9166636503108,1.298333273006216,17F,5/2,5,1,1,True
17,18,F,9,9,937.2,0.06,3,46.9 PS 1.7,937.0,0.0,100.0,0.0,E2,,,,,5.8,0.2,6,46.9,PS,1.7,4.69e-11,1.6999999999999998e-12,16.25332756031579,0.560459571045372,18F,1,2,1,1,True
18,18,F,9,9,1121.36,0.15,5,162 NS 7,184.0,0.0,100.0,0.0,E2,,,,,5.78,0.25,10,162.0,NS,7.0,1.6200000000000002e-07,7.0000000000000015e-09,16.197281603211252,0.7005744638067151,18F,3,6,1,1,True
19,18,F,9,9,3358.2,1.0,3,0.30 PS 0.02,1657.0,0.0,40.0,4.0,E2,,,,,21.0,3.0,6,0.3,PS,0.02,3e-13,2e-14,58.84825495976406,8.40689356568058,18F,1,2,2,2,True
20,18,F,9,9,3358.2,1.0,3,0.30 PS 0.02,3358.0,0.0,45.0,5.0,E2,,,,,0.69,0.09,6,0.3,PS,0.02,3e-13,2e-14,1.9335855201065333,0.2522068069704174,18F,1,2,2,1,True
21,18,F,9,9,4115.9,0.25,3,63 FS 15,4116.0,0.0,5.0,3.0,E2,,,,,0.15,0.04,6,63.0,FS,15.0,6.300000000000001e-14,1.5000000000000002e-14,0.420344678284029,0.1120919142090744,18F,1,2,3,1,True
22,18,F,9,9,5297.6,1.5,4,21 FS 3,2775.0,0.0,78.0,3.0,E2,,,,,17.0,6.0,8,21.0,FS,3.0,2.1e-14,3.0000000000000002e-15,47.63906353885663,16.81378713136116,18F,2,4,2,1,True
23,18,F,9,9,6310.5,0.8,3,0.95 KEV 0.14,2587.0,0.0,1.4,0.7,E2,,,,,9.0,5.0,6,0.95,KEV,0.14,4.802415518363747e-19,3.258781958889685e-18,25.220680697041743,14.011489276134302,18F,1,2,5,3,True
24,18,F,9,9,6310.5,0.8,3,0.95 KEV 0.14,4610.0,0.0,3.0,0.8,E2,,,,,1.0,0.4,6,0.95,KEV,0.14,4.802415518363747e-19,3.258781958889685e-18,2.8022978552268603,1.120919142090744,18F,1,2,5,2,True
25,18,F,9,9,6484.9,1.5,3,0.40 KEV 0.1,4784.0,0.0,4.0,2.0,E2,,,,,0.52,0.35,6,0.4,KEV,0.1,1.1405736856113897e-18,4.562294742445559e-18,1.4571948847179674,0.980804249329401,18F,1,2,6,2,True
26,18,F,9,9,6567.0,1.5,5,0.56 KEV 0.13,3209.0,0.0,83.0,3.0,E2,,,,,28.0,6.0,10,0.56,KEV,0.13,8.146954897224214e-19,3.509457494188891e-18,78.46433994635208,16.81378713136116,18F,3,6,2,2,False
27,19,F,9,10,197.143,0.004,5/2,89.3 NS 1,197.1,0.0,100.0,0.0,E2,,,,,6.95,0.08,5,89.3,NS,1.0,8.93e-08,1e-09,20.931831343807968,0.2409419435258471,19F,1/2,1,1,1,True
28,19,F,9,10,2779.849,0.034,9/2,194 FS 21,2582.7,0.0,100.0,0.0,E2,,,,,8.2,0.9,9,194.0,FS,21.0,1.94e-13,2.1e-14,24.69654921139933,2.71059686466578,19F,5/2,5,1,1,True
29,19,F,9,10,4648.0,1.0,13/2,2.6 PS 0.3,1868.0,0.0,100.0,0.0,E2,,,,,3.2,0.4,13,2.6,PS,0.3,2.6000000000000002e-12,3e-13,9.637677741033883,1.2047097176292356,19F,9/2,9,1,1,True
30,19,F,9,10,6070.0,1.0,7/2,1.2 KEV,4516.0,0.0,1.0,1.0,E2,0.035,0.023,,,1.5,1.3,7,1.2,KEV,0.0,3.8019122853713e-19,,4.517661441109634,3.915306582295016,19F,3/2,3,3,1,True
31,19,F,9,10,6330.0,2.0,7/2,2.4 KEV,4776.0,0.0,8.5,1.5,E2,0.0,0.14,,,2.6,0.8,7,2.4,KEV,0.0,1.9009561426856502e-19,,7.830613164590032,2.4094194352584712,19F,3/2,3,4,1,True
32,20,F,9,11,822.73,0.03,4,55 PS 4,822.69,0.04,33.2,2.4,[E2],,,,,2.76,0.29,8,55.0,PS,4.0,5.5e-11,4e-12,8.900888564617361,0.9352382912097952,20F,2,4,1,1,True
33,21,F,9,12,279.93,0.06,1/2,6.1 NS 0.6,279.92,0.06,100.0,0.0,(E2),,,,,15.7,1.6,1,6.1,NS,0.6,6.1e-09,6e-10,54.03514646593363,5.506766518821262,21F,5/2,5,1,1,True
34,18,Ne,10,8,1887.3,0.2,2,0.46 PS 0.04,1887.0,0.0,100.0,0.0,E2,,,,,17.7,1.8,4,0.46,PS,0.04,4.600000000000002e-13,4e-14,49.60067203751542,5.044136139408349,18Ne,0,0,1,1,True
35,18,Ne,10,8,3376.2,0.4,4,3.0 PS 0.4,1489.0,0.0,100.0,0.0,E2,,,,,8.9,1.2,8,3.0,PS,0.4,3e-12,4e-13,24.940450911519054,3.3627574262722324,18Ne,2,4,1,1,True
36,18,Ne,10,8,3576.3,2.0,0,3 PS 1,1689.0,0.0,100.0,0.0,E2,,,,,5.0,2.5,0,3.0,PS,1.0,3e-12,1e-12,14.011489276134302,7.005744638067151,18Ne,2,4,2,1,True
37,18,Ne,10,8,3616.4,0.6,2,44 FS +21-14,3616.0,0.0,9.0,2.0,E2,,,,,0.66,0.33,4,44.0,FS,21.0,4.4e-14,2.1e-14,1.849516584449728,0.924758292224864,18Ne,0,0,2,1,True
38,19,Ne,10,9,238.27,0.11,5/2,18.0 NS 0.5,238.3,0.0,100.0,0.0,E2,,,,,13.2,0.5,5,18.0,NS,0.5,1.8000000000000002e-08,5e-10,39.755420681764775,1.5058871470365445,19Ne,1/2,1,1,1,True
39,19,Ne,10,9,2794.7,0.6,9/2,97 FS 24,2556.4,0.0,100.0,0.0,E2,,,,,17.0,4.0,9,97.0,FS,24.0,9.7e-14,2.4e-14,51.20016299924252,12.047097176292356,19Ne,5/2,5,1,1,True
40,20,Ne,10,10,1633.674,0.015,2,0.73 PS 0.04,1633.602,0.015,100.0,0.0,[E2],,,,,20.3,1.0,4,0.73,PS,0.04,7.299999999999999e-13,4e-14,65.46668038468567,3.2249596248613632,20Ne,0,0,1,1,True
41,20,Ne,10,10,4247.7,1.1,4,64 FS 6,2613.8,1.1,100.0,0.0,[E2],,,,,22.0,2.0,8,64.0,FS,6.0,6.4e-14,6.000000000000001e-15,70.94911174695,6.449919249722727,20Ne,2,4,1,1,True
42,20,Ne,10,10,8777.6,2.2,6,0.11 KEV 0.02,4529.3,2.5,100.0,0.0,[E2],,,,,20.0,3.0,12,0.11,KEV,0.02,4.147540674950509e-18,2.28114737122278e-17,64.49919249722727,9.67487887458409,20Ne,4,8,1,1,True
43,20,Ne,10,10,11951.0,4.0,8,0.035 KEV 0.01,3173.0,5.0,100.0,0.0,[E2],,,,,9.0,1.3,16,0.035,KEV,0.01,1.3035127835558739e-17,4.56229474244556e-17,29.02463662375227,4.192447512319772,20Ne,6,12,1,1,True
44,22,Ne,10,12,1274.537,0.007,2,3.60 PS 0.05,1274.537,0.007,100.0,0.0,E2,,,,,12.76,0.18,4,3.6,PS,0.05,3.6e-12,5e-14,46.72670993549632,0.6591542153910138,22Ne,0,0,1,1,True
45,22,Ne,10,12,3357.2,0.5,4,225 FS 4,2082.6,0.5,100.0,0.0,E2,,,,,17.5,0.4,8,225.0,FS,4.0,2.2500000000000005e-13,4e-15,64.08443760745968,1.4647871453133643,22Ne,2,4,1,1,True
46,22,Ne,10,12,4456.2,0.9,2,3.7 FS 2.5,4455.7,0.0,3.1,2.1,E2,,,,,0.7,0.5,4,3.7,FS,2.5,3.7e-15,2.5000000000000004e-15,2.563377504298387,1.8309839316417047,22Ne,0,0,2,1,True
47,22,Ne,10,12,5523.3,0.6,4,21 FS 3,4247.9,1.0,1.6,0.3,E2,,,,,0.084,0.02,8,21.0,FS,3.0,2.1e-14,3.0000000000000002e-15,0.3076053005158065,0.0732393572656682,22Ne,2,4,2,1,True
48,22,Ne,10,12,6311.0,1.0,6,49 FS 4,2953.6,0.0,100.0,0.0,[E2],,,,,14.0,1.2,12,49.0,FS,4.0,4.9000000000000006e-14,4e-15,51.26755008596774,4.394361435940092,22Ne,4,8,1,1,True
49,23,Ne,10,13,1016.926,0.02,1/2,178 PS 10,1016.9,0.02,100.0,0.0,[E2],,,,,0.75,0.05,1,178.0,PS,10.0,1.78e-10,1e-11,2.91417748846706,0.1942784992311373,23Ne,5/2,5,1,1,True
50,24,Ne,10,14,1981.6,0.4,2,660 FS 150,1981.6,0.4,100.0,0.0,E2,,,,,6.8,1.6,4,660.0,FS,150.0,6.6e-13,1.5000000000000004e-13,27.964572801915228,6.579899482803583,24Ne,0,0,1,1,True
51,28,Ne,10,18,1304.0,3.0,2,5.7 PS 1,1304.0,3.0,100.0,0.0,E2,,,,,5.0,0.8,4,5.7,PS,1.0,5.7e-12,1e-12,25.254086696939638,4.040653871510342,28Ne,0,0,1,1,True
52,21,Na,11,10,1716.1,0.3,7/2,37 FS 8,1715.9,0.7,7.5,2.2,[E2],,,,,21.0,8.0,7,37.0,FS,8.0,3.7e-14,8e-15,72.27631055952905,27.533832594106308,21Na,3/2,3,1,1,True
53,22,Na,11,11,583.05,0.1,1,243 NS 2,583.04,0.1,100.0,0.0,E2,,,,,0.00944,8e-05,2,243.0,NS,2.0,2.43e-07,2e-09,0.0345689766293954,0.0002929574290626,22Na,3,6,1,1,True
54,22,Na,11,11,1528.1,0.3,5,3.42 PS 0.24,1528.1,0.2,100.0,1.3,E2,,,0.000105,,5.2,0.4,10,3.42,PS,0.24,3.42e-12,2.4e-13,19.04223288907373,1.4647871453133643,22Na,3,6,1,1,True
55,22,Na,11,11,1936.9,0.2,1,13 FS 4,1936.8,0.0,0.59,0.06,[E2],,,,,2.6,0.9,2,13.0,FS,4.0,1.3e-14,4e-15,9.521116444536869,3.295771076955069,22Na,3,6,2,1,True
56,22,Na,11,11,1951.8,0.3,2,8 FS 2,1294.8,0.0,0.29,0.05,[E2],,,,,15.0,5.0,4,8.0,FS,2.0,8e-15,2e-15,54.92951794925116,18.30983931641705,22Na,0,0,1,1,True
57,22,Na,11,11,1983.5,0.5,3,1.47 PS 0.15,1400.4,0.5,100.0,0.3,E2,,,6.24e-05,9e-07,18.9,2.0,6,1.47,PS,0.15,1.47e-12,1.5e-13,69.21119261605645,7.323935726566821,22Na,1,2,2,1,True
58,22,Na,11,11,3706.7,0.4,6,59 FS 12,2815.8,0.3,100.0,9.0,E2,,,0.000705,,11.0,3.0,12,59.0,FS,12.0,5.9e-14,1.2e-14,40.28164649611751,10.985903589850231,22Na,4,8,1,1,True
59,22,Na,11,11,4710.0,0.4,5,37 FS 14,2726.0,0.4,100.0,4.0,E2,,,0.000664,,14.0,6.0,10,37.0,FS,14.0,3.7e-14,1.4e-14,51.26755008596774,21.971807179700463,22Na,3,6,3,2,True
60,22,Na,11,11,4710.0,0.4,5,37 FS 14,1741.3,0.0,10.0,2.0,E2,,,0.000196,,14.0,6.0,10,37.0,FS,14.0,3.7e-14,1.4e-14,51.26755008596774,21.971807179700463,22Na,3,6,3,3,True
61,22,Na,11,11,5100.4,1.3,4,38 FS 12,2039.1,0.0,49.0,6.0,(E2),,,0.000337,,21.0,8.0,8,38.0,FS,12.0,3.8e-14,1.2e-14,76.90132512895161,29.29574290626728,22Na,2,4,3,2,True
62,23,Na,11,12,2076.2,0.4,7/2,27 FS 3,2076.7,0.8,9.77,0.11,E2,,,0.000355,,12.2,1.5,7,27.0,FS,3.0,2.7e-14,3.0000000000000002e-15,47.40395381239751,5.82835497693412,23Na,3/2,3,1,1,True
63,23,Na,11,12,2390.9,0.3,1/2,0.60 PS 0.14,1950.6,0.4,52.2,0.6,E2,,,0.000294,,2.9,0.7,1,0.6,PS,0.14,6e-13,1.4e-13,11.268152955405965,2.7198989892359227,23Na,5/2,5,1,1,True
64,23,Na,11,12,2703.8,0.5,9/2,88 FS 7,2263.3,0.8,100.0,0.5,E2,,,0.000446,,17.4,1.4,9,88.0,FS,7.0,8.8e-14,7e-15,67.60891773243578,5.439797978471845,23Na,5/2,5,1,1,True
65,23,Na,11,12,3914.6,0.4,5/2,6.9 FS 1.4,1523.0,1.0,1.38,0.13,[E2],,,0.000103,,28.0,7.0,5,6.9,FS,1.4,6.900000000000001e-15,1.4e-15,108.7959595694369,27.198989892359226,23Na,1/2,1,2,1,True
66,23,Na,11,12,5534.2,0.6,11/2,10.4 FS 0.6,3458.0,1.0,27.5,0.7,E2,,,0.000976,,6.0,4.0,11,10.4,FS,0.6,1.0400000000000002e-14,6e-16,23.31341990773648,15.542279938490989,23Na,7/2,7,1,1,True
67,23,Na,11,12,6115.1,0.6,11/2,35 FS 9,4038.0,1.0,30.0,3.0,[E2],,,0.00118,,0.89,0.25,11,35.0,FS,9.0,3.5e-14,9.000000000000001e-15,3.4581572863142447,0.9713924961556868,23Na,7/2,7,2,1,True
68,23,Na,11,12,6235.4,0.6,13/2,16 FS 8,3531.0,1.0,100.0,1.2,(E2),,,0.001,,15.0,8.0,13,16.0,FS,8.0,1.6e-14,8e-15,58.2835497693412,31.084559876981974,23Na,9/2,9,1,1,True
69,23,Na,11,12,6735.5,0.2,3/2,415 AS 50,4658.8,0.0,71.0,13.0,[E2],,,0.00139,,43.0,11.0,3,415.0,AS,50.0,4.15e-16,5.000000000000001e-17,167.0795093387781,42.74126983085021,23Na,7/2,7,4,1,True
70,23,Na,11,12,7268.1,0.6,13/2,18 FS 6,4564.0,1.0,100.0,3.0,E2,,,0.00136,,1.8,0.6,13,18.0,FS,6.0,1.8000000000000002e-14,6.000000000000001e-15,6.994025972320944,2.331341990773648,23Na,9/2,9,2,1,True
71,23,Na,11,12,9802.9,0.8,15/2,4.2 FS 1.4,4269.0,1.0,29.0,5.0,E2,,,0.00127,,3.5,1.4,15,4.2,FS,1.4,4.2000000000000004e-15,1.4e-15,13.599494946179613,5.439797978471845,23Na,11/2,11,1,1,False
72,23,Na,11,12,11073.7,1.0,17/2,34.7 FS 6.9,4838.0,1.0,50.0,13.0,(E2),,,0.00144,,0.53,0.2,17,34.7,FS,6.9,3.4700000000000006e-14,6.900000000000001e-15,2.059352091850056,0.7771139969245494,23Na,13/2,13,1,1,False
73,25,Na,11,14,1069.32,0.19,1/2,1.32 PS 0.14,1069.3,0.0,12.4,1.1,[E2],,,,,7.1,1.1,1,1.32,PS,0.14,1.32e-12,1.4e-13,30.83159419828129,4.776725861705553,25Na,5/2,5,1,1,True
74,26,Na,11,15,82.2,0.6,1,9 US 2,84.0,3.0,100.0,0.0,E2,,,,,3.6,0.9,2,9.0,US,2.0,9e-06,2e-06,16.47218655919093,4.118046639797733,26Na,3,6,1,1,True
75,22,Mg,12,10,1247.02,0.03,2,2.0 PS 0.8,1246.98,0.03,100.0,0.0,E2,,,,,26.0,11.0,4,2.0,PS,0.8,2e-12,8e-13,95.21116444536868,40.28164649611751,22Mg,0,0,1,1,True
76,22,Mg,12,10,3308.22,0.06,4,200 FS 45,2061.09,0.05,100.0,0.0,E2,,,,,21.0,5.0,8,200.0,FS,45.0,2e-13,4.5e-14,76.90132512895161,18.30983931641705,22Mg,2,4,1,1,True
77,23,Mg,12,11,2357.0,0.7,1/2,575 FS 118,1906.0,1.0,100.0,4.0,[E2],,,0.000274,,6.9,1.8,1,575.0,FS,118.0,5.750000000000001e-13,1.18e-13,26.810432893896955,6.994025972320944,23Mg,5/2,5,1,1,True
78,23,Mg,12,11,2714.5,0.5,9/2,65 FS 8,2263.0,1.0,100.0,0.7,[E2],,,,,26.5,3.7,9,65.0,FS,8.0,6.5e-14,8e-15,102.9676045925028,14.376608943104165,23Mg,5/2,5,1,1,True
79,23,Mg,12,11,6194.7,0.7,13/2,11.9 FS 2.1,3480.0,1.0,100.0,1.8,E2,,,0.000986,,21.4,4.6,13,11.9,FS,2.1,1.1900000000000002e-14,2.1000000000000002e-15,83.15119767092678,17.873621929264633,23Mg,9/2,9,1,1,False
80,24,Mg,12,12,1368.672,0.005,2,1.33 PS 0.06,1368.626,0.005,100.0,0.0,E2,,,1.3e-05,3e-06,21.5,1.0,4,1.33,PS,0.06,1.33e-12,6e-14,88.41739930017314,4.112437176752239,24Mg,0,0,1,1,True
81,24,Mg,12,12,4122.889,0.012,4,22 FS 2,2754.007,0.011,100.0,0.0,E2,,,,,39.0,4.0,8,22.0,FS,2.0,2.2e-14,2e-15,160.38504989333734,16.449748707008958,24Mg,2,4,1,1,True
82,24,Mg,12,12,4238.24,0.03,2,41 FS 4,4237.96,0.06,100.0,0.6,E2,,,,,1.94,0.19,4,41.0,FS,4.0,4.1e-14,4e-15,7.978128122899344,0.7813630635829255,24Mg,0,0,2,1,True
83,24,Mg,12,12,6432.3,0.11,0,53 FS 8,2193.4,0.6,21.1,0.9,E2,,,,,8.9,1.4,0,53.0,FS,8.0,5.3e-14,8e-15,36.60069087309493,5.757412047453135,24Mg,2,4,2,2,True
84,25,Mg,12,13,585.045,0.021,1/2,3.38 NS 0.06,585.028,0.03,100.0,0.0,E2,,,,,0.563,0.01,1,3.38,NS,0.06,3.38e-09,6e-11,2.4448151455820235,0.0434247805609595,25Mg,5/2,5,1,1,True
85,25,Mg,12,13,1964.624,0.023,5/2,0.70 PS 0.06,1379.543,0.03,100.0,2.2,E2,,,,,15.8,1.4,5,0.7,PS,0.06,6.999999999999999e-13,6e-14,68.61115328631612,6.079469278534339,25Mg,1/2,1,2,1,True
86,25,Mg,12,13,2563.36,0.05,1/2,10 FS 5,2563.6,0.4,5.0,1.4,E2,,,,,4.0,3.0,1,10.0,FS,5.0,1.0000000000000002e-14,5.000000000000001e-15,17.369912224383828,13.027434168287872,25Mg,5/2,5,2,1,True
87,25,Mg,12,13,2737.8,0.3,7/2,290 FS 30,1763.5,0.7,100.0,2.3,E2,,,,,22.9,2.5,7,290.0,FS,30.0,2.900000000000001e-13,3.0000000000000005e-14,99.4427474845974,10.856195140239892,25Mg,3/2,3,2,1,True
88,25,Mg,12,13,3405.06,0.17,9/2,7.7 FS 0.7,3404.7,0.4,22.7,2.0,E2,,,,,6.8,0.9,9,7.7,FS,0.7,7.700000000000001e-15,7e-16,29.52885078145251,3.9082302504863615,25Mg,5/2,5,1,1,True
89,25,Mg,12,13,4059.6,0.3,9/2,47 FS 5,4058.9,0.5,100.0,1.7,E2,,,,,1.51,0.17,9,47.0,FS,5.0,4.7e-14,5.000000000000001e-15,6.557141864704895,0.7382212695363127,25Mg,5/2,5,2,1,True
90,25,Mg,12,13,4711.6,0.4,9/2,26 FS 3,2746.9,0.5,100.0,1.1,E2,,,,,30.0,5.0,9,26.0,FS,3.0,2.6000000000000003e-14,3.0000000000000002e-15,130.2743416828787,21.712390280479784,25Mg,5/2,5,3,2,True
91,25,Mg,12,13,5251.63,0.22,11/2,15 FS 2,3639.5,0.3,100.0,3.0,E2,,,,,5.1,1.2,11,15.0,FS,2.0,1.5000000000000002e-14,2e-15,22.14663808608938,5.210973667315148,25Mg,7/2,7,1,1,True
92,25,Mg,12,13,5251.63,0.22,11/2,15 FS 2,2515.7,1.2,32.0,3.0,[E2],,,,,10.5,1.8,11,15.0,FS,2.0,1.5000000000000002e-14,2e-15,45.59601958900755,7.816460500972723,25Mg,7/2,7,1,2,True
93,25,Mg,12,13,5461.1,0.3,13/2,1.44 PS 0.13,2055.9,0.2,100.0,0.0,E2,,,,,2.46,0.23,13,1.44,PS,0.13,1.44e-12,1.3e-13,10.682496017996057,0.9987699529020702,25Mg,9/2,9,1,1,False
94,25,Mg,12,13,5533.8,0.4,11/2,6 FS 2,3922.0,1.1,61.0,6.0,[E2],,,,,9.0,4.0,11,6.0,FS,2.0,6.000000000000001e-15,2e-15,39.08230250486361,17.369912224383828,25Mg,7/2,7,2,1,True
95,26,Mg,12,14,1808.74,0.04,2,476 FS 21,1808.68,0.04,100.0,0.0,E2,,,,,13.4,0.6,4,476.0,FS,21.0,4.76e-13,2.1e-14,61.31313885921069,2.7453644265318218,26Mg,0,0,1,1,True
96,26,Mg,12,14,2938.33,0.04,2,141 FS 8,2938.15,0.05,10.7,0.6,E2,,,,,0.39,0.04,4,141.0,FS,8.0,1.41e-13,8e-15,1.7844868772456843,0.1830242951021214,26Mg,0,0,2,1,True
97,26,Mg,12,14,3588.56,0.09,0,6.45 PS 0.48,1779.74,0.08,100.0,0.0,E2,,,,,1.07,0.08,0,6.45,PS,0.48,6.45e-12,4.8e-13,4.895899893981749,0.3660485902042429,26Mg,2,4,2,1,True
98,26,Mg,12,14,4318.89,0.05,4,272 FS 16,2510.01,0.05,100.0,2.0,[E2],,,,,4.5,0.3,8,272.0,FS,16.0,2.72e-13,1.6e-14,20.590233198988663,1.3726822132659109,26Mg,2,4,1,1,True
99,26,Mg,12,14,4332.52,0.05,2,20 FS 3,4332.2,0.3,7.6,0.8,[E2],,,,,0.24,0.05,4,20.0,FS,3.0,2.0000000000000003e-14,3.0000000000000002e-15,1.0981457706127289,0.2287803688776518,26Mg,0,0,3,1,True
100,26,Mg,12,14,4835.13,0.05,2,28 FS 6,4834.61,0.18,10.8,0.9,E2,,,,,0.15,0.04,4,28.0,FS,6.0,2.8e-14,6.000000000000001e-15,0.6863411066329554,0.1830242951021214,26Mg,0,0,4,1,True
101,26,Mg,12,14,4901.44,0.07,4,29 FS 6,3092.31,0.11,100.0,1.0,[E2],,,,,14.0,3.0,8,29.0,FS,6.0,2.9e-14,6.000000000000001e-15,64.05850328574252,13.726822132659107,26Mg,2,4,2,1,True
102,26,Mg,12,14,4901.44,0.07,4,29 FS 6,1962.99,0.24,1.89,0.14,[E2],,,,,2.5,0.6,8,29.0,FS,6.0,2.9e-14,6.000000000000001e-15,11.439018443882592,2.7453644265318218,26Mg,2,4,2,2,True
103,26,Mg,12,14,4972.3,0.13,0,446 FS 70,3163.35,0.0,8.0,4.0,E2,,,,,0.06,0.04,0,446.0,FS,70.0,4.46e-13,7e-14,0.2745364426531821,0.1830242951021214,26Mg,2,4,3,1,True
104,26,Mg,12,14,4972.3,0.13,0,446 FS 70,2033.88,0.12,100.0,4.0,E2,,,,,7.4,1.3,0,446.0,FS,70.0,4.46e-13,7e-14,33.85949459389247,5.948289590818948,26Mg,2,4,3,2,True
105,26,Mg,12,14,5476.05,0.07,4,21 FS 6,3667.4,0.5,25.0,2.0,[E2],,,,,1.1,0.4,8,21.0,FS,6.0,2.1e-14,6.000000000000001e-15,5.0331681153083405,1.8302429510212148,26Mg,2,4,3,1,True
106,26,Mg,12,14,5715.91,0.08,4,53 FS 16,2776.82,0.2,51.4,1.4,[E2],,,,,1.7,0.5,8,53.0,FS,16.0,5.3e-14,1.6e-14,7.778532541840162,2.2878036887765183,26Mg,2,4,4,2,True
107,26,Mg,12,14,6256.2,1.4,0,53 FS 31,4447.1,0.0,100.0,4.0,E2,,,,,1.2,0.8,0,53.0,FS,31.0,5.3e-14,3.1e-14,5.490728853063644,3.6604859020424296,26Mg,2,4,4,1,True
108,26,Mg,12,14,6622.94,0.14,4,19 FS 5,2290.2,0.3,26.2,1.4,[E2],,,,,12.0,4.0,8,19.0,FS,5.0,1.9e-14,5.000000000000001e-15,54.90728853063644,18.302429510212143,26Mg,2,4,5,3,True
109,26,Mg,12,14,6978.3,0.8,5,14 FS 5,3036.5,0.0,28.0,4.0,E2,,,,,4.8,1.9,10,14.0,FS,5.0,1.4e-14,5.000000000000001e-15,21.96291541225457,8.693654017350768,26Mg,3,6,1,1,True
110,26,Mg,12,14,6978.3,0.8,5,14 FS 5,2628.1,0.0,9.0,2.0,[E2],,,,,3.2,1.4,10,14.0,FS,5.0,1.4e-14,5.000000000000001e-15,14.64194360816972,6.4058503285742505,26Mg,3,6,1,2,True
111,27,Mg,12,15,1698.52,0.08,5/2,0.81 PS 0.17,1698.46,0.23,100.0,6.0,E2,,,,,10.1,2.3,5,0.81,PS,0.17,8.100000000000002e-13,1.7e-13,48.59862854133585,11.067014420304202,27Mg,1/2,1,1,1,True
112,28,Mg,12,16,1473.54,0.1,2,1.2 PS 0.1,1473.5,0.1,100.0,0.0,E2,,,,,13.4,1.2,4,1.2,PS,0.1,1.2e-12,1e-13,67.68095234779823,6.060980807265512,28Mg,0,0,1,1,True
113,28,Mg,12,16,3862.15,0.14,0,0.55 PS 0.07,2388.5,0.1,100.0,0.0,E2,,,,,2.6,0.4,0,0.55,PS,0.07,5.500000000000001e-13,7e-14,13.13212508240861,2.020326935755171,28Mg,2,4,2,1,True
114,28,Mg,12,16,4021.0,0.5,4,105 FS 35,2547.7,0.6,100.0,0.0,(E2),,,,,10.0,4.0,8,105.0,FS,35.0,1.0500000000000001e-13,3.5e-14,50.50817339387927,20.203269357551708,28Mg,2,4,1,1,True
115,28,Mg,12,16,5702.1,0.7,0,0.21 PS 0.03,4227.9,0.0,28.5,1.6,[E2],,,,,0.077,0.012,0,0.21,PS,0.03,2.1e-13,3e-14,0.3889129351328704,0.0606098080726551,28Mg,2,4,3,1,True
116,30,Mg,12,18,1482.8,0.3,2,1.5 PS 0.2,1482.1,0.5,100.0,0.0,E2,,,,,9.5,1.3,4,1.5,PS,0.2,1.5e-12,2e-13,52.6061153028951,7.198731567764592,30Mg,0,0,1,1,True
117,30,Mg,12,18,1788.2,0.4,0,3.9 NS 0.4,305.5,0.3,100.0,0.0,E2,,,,,9.8,1.1,0,3.9,NS,0.4,3.9e-09,4.0000000000000007e-10,54.26736104930232,6.091234403493117,30Mg,2,4,2,1,True
118,32,Mg,12,20,885.3,0.1,2,11.4 PS 2,885.3,0.1,100.0,0.0,(E2),,,,,15.0,3.0,4,11.4,PS,2.0,1.14e-11,2e-12,90.5264558219034,18.10529116438068,32Mg,0,0,1,1,True
119,25,Al,13,12,451.7,0.5,1/2,2.29 NS 0.04,451.7,0.5,100.0,0.0,[E2],,,,,3.03,0.06,1,2.29,NS,0.04,2.29e-09,4e-11,13.15770850997075,0.2605486833657574,25Al,5/2,5,1,1,True
120,25,Al,13,12,3424.2,0.8,9/2,9.0 FS 1.4,3423.9,0.8,19.0,5.0,E2,,,,,4.8,1.6,9,9.0,FS,1.4,9.000000000000001e-15,1.4e-15,20.843894669260592,6.947964889753532,25Al,5/2,5,1,1,True
121,26,Al,13,13,416.852,0.003,3,1.20 NS 0.01,416.848,0.0,100.0,0.0,[E2],,,,,8.19,0.12,6,1.2,NS,0.01,1.2e-09,1e-11,37.47422442215937,0.5490728853063643,26Al,5,10,1,1,True
122,26,Al,13,13,1850.62,0.03,1,32 FS 3,1433.73,0.0,0.7,0.1,[E2],,,,,4.4,0.8,2,32.0,FS,3.0,3.2e-14,3.0000000000000002e-15,20.13267246123336,3.6604859020424296,26Al,3,6,2,1,True
123,26,Al,13,13,2069.47,0.03,2,14 FS 2,1841.09,0.0,4.0,0.5,E2,,,,,12.6,2.4,4,14.0,FS,2.0,1.4e-14,2e-15,57.65265295716826,10.981457706127289,26Al,0,0,2,1,True
124,26,Al,13,13,2071.64,0.04,1,367 FS 69,1654.73,0.0,11.9,1.0,[E2],,,,,2.9,0.6,2,367.0,FS,69.0,3.670000000000001e-13,6.900000000000002e-14,13.269261394903806,2.7453644265318218,26Al,3,6,3,1,True
125,26,Al,13,13,2365.15,0.018,3,0.8 PS 0.2,1307.375,0.0,26.9,0.8,[E2],,,,,5.5,1.4,6,0.8,PS,0.2,8e-13,2e-13,25.1658405765417,6.4058503285742505,26Al,1,2,2,1,True
126,26,Al,13,13,2365.15,0.018,3,0.8 PS 0.2,2365.034,0.0,1.75,0.08,[E2],,,,,0.019,0.005,6,0.8,PS,0.2,8e-13,2e-13,0.0869365401735076,0.0228780368877651,26Al,5,10,2,1,True
127,26,Al,13,13,2545.367,0.017,3,0.69 PS 0.17,2545.232,0.0,0.31,0.09,[E2],,,,,0.0035,0.0014,6,0.69,PS,0.17,6.899999999999999e-13,1.7e-13,0.0160146258214356,0.0064058503285742,26Al,5,10,3,1,True
128,26,Al,13,13,2545.367,0.017,3,0.69 PS 0.17,1487.582,0.0,3.7,0.3,[E2],,,,,0.62,0.16,6,0.69,PS,0.17,6.899999999999999e-13,1.7e-13,2.8368765740828827,0.7320971804084858,26Al,1,2,3,1,True
129,26,Al,13,13,2740.03,0.03,1,31 FS 3,2323.07,0.0,0.81,0.2,[E2],,,,,0.47,0.13,2,31.0,FS,3.0,3.1e-14,3.0000000000000002e-15,2.1505354674499277,0.5948289590818948,26Al,3,6,4,1,True
130,26,Al,13,13,3073.63,0.04,3,194 FS 31,3073.43,0.0,0.95,0.11,[E2],,,,,0.018,0.004,6,194.0,FS,31.0,1.94e-13,3.1e-14,0.0823609327959546,0.0183024295102121,26Al,5,10,4,1,True
131,26,Al,13,13,3073.63,0.04,3,194 FS 31,2015.81,0.0,14.7,0.5,[E2],,,,,2.3,0.4,6,194.0,FS,31.0,1.94e-13,3.1e-14,10.523896968371984,1.8302429510212148,26Al,1,2,4,1,True
132,26,Al,13,13,3073.63,0.04,3,194 FS 31,1222.98,0.0,3.23,0.1,[E2],,,,,6.3,1.1,6,194.0,FS,31.0,1.94e-13,3.1e-14,28.82632647858413,5.0331681153083405,26Al,1,2,4,2,True
133,26,Al,13,13,3159.889,0.013,2,3.5 FS 0.7,2931.406,0.0,0.69,0.08,E2,,,,,0.72,0.17,4,3.5,FS,0.7,3.5e-15,7e-16,3.294437311838186,0.7778532541840163,26Al,0,0,5,1,True
134,26,Al,13,13,3402.65,0.06,5,67 FS 12,1037.48,0.0,0.84,0.11,[E2],,,,,7.4,1.7,10,67.0,FS,12.0,6.7e-14,1.2e-14,33.85949459389247,7.778532541840162,26Al,3,6,2,2,True
135,26,Al,13,13,3402.65,0.06,5,67 FS 12,2985.61,0.0,100.0,1.8,[E2],,,,,4.4,0.8,10,67.0,FS,12.0,6.7e-14,1.2e-14,20.13267246123336,3.6604859020424296,26Al,3,6,2,1,True
136,26,Al,13,13,3507.63,0.08,6,17 FS 3,1438.73,0.0,0.32,0.07,[E2],,,,,3.8,1.1,12,17.0,FS,3.0,1.7e-14,3.0000000000000002e-15,17.387308034701537,5.0331681153083405,26Al,4,8,1,1,False
137,26,Al,13,13,3596.34,0.04,3,18 FS 3,3596.07,0.0,4.02,0.22,[E2],,,,,0.42,0.08,6,18.0,FS,3.0,1.8000000000000002e-14,3.0000000000000002e-15,1.9217550985722756,0.3660485902042429,26Al,5,10,5,1,True
138,26,Al,13,13,3596.34,0.04,3,18 FS 3,2538.47,0.0,3.48,0.11,[E2],,,,,2.1,0.4,6,18.0,FS,3.0,1.8000000000000002e-14,3.0000000000000002e-15,9.608775492861378,1.8302429510212148,26Al,1,2,5,1,True
139,26,Al,13,13,3596.34,0.04,3,18 FS 3,1745.66,0.0,1.07,0.07,[E2],,,,,4.2,0.8,6,18.0,FS,3.0,1.8000000000000002e-14,3.0000000000000002e-15,19.21755098572276,3.6604859020424296,26Al,1,2,5,2,True
140,26,Al,13,13,3674.92,0.05,4,155 FS 20,1915.81,0.0,48.0,1.4,[E2],,,,,8.5,1.2,8,155.0,FS,20.0,1.5500000000000002e-13,2.0000000000000003e-14,38.89266270920081,5.490728853063644,26Al,2,4,2,1,True
141,26,Al,13,13,3680.68,0.06,3,8.3 FS 1.4,3680.4,0.0,0.77,0.08,[E2],,,,,0.16,0.04,6,8.3,FS,1.4,8.300000000000002e-15,1.4e-15,0.7320971804084858,0.1830242951021214,26Al,5,10,6,1,True
142,26,Al,13,13,3680.68,0.06,3,8.3 FS 1.4,2622.8,0.0,2.79,0.21,[E2],,,,,3.1,0.6,6,8.3,FS,1.4,8.300000000000002e-15,1.4e-15,14.184382870414414,2.7453644265318218,26Al,1,2,6,1,True
143,26,Al,13,13,3680.68,0.06,3,8.3 FS 1.4,1829.99,0.0,0.19,0.04,[E2],,,,,1.3,0.4,6,8.3,FS,1.4,8.300000000000002e-15,1.4e-15,5.948289590818948,1.8302429510212148,26Al,1,2,6,2,True
144,26,Al,13,13,3962.83,0.05,3,37 FS 5,3962.5,0.0,7.9,0.4,[E2],,,,,0.19,0.03,6,37.0,FS,5.0,3.7e-14,5.000000000000001e-15,0.8693654017350769,0.137268221326591,26Al,5,10,7,1,True
145,26,Al,13,13,3962.83,0.05,3,37 FS 5,2904.92,0.0,15.9,0.6,[E2],,,,,1.8,0.3,6,37.0,FS,5.0,3.7e-14,5.000000000000001e-15,8.236093279595465,1.3726822132659109,26Al,1,2,7,1,True
146,26,Al,13,13,3962.83,0.05,3,37 FS 5,2112.12,0.0,2.3,0.3,[E2],,,,,1.28,0.25,6,37.0,FS,5.0,3.7e-14,5.000000000000001e-15,5.856777443267887,1.1439018443882591,26Al,1,2,7,2,True
147,26,Al,13,13,3962.83,0.05,3,37 FS 5,1222.77,0.0,0.7,0.3,[E2],,,,,6.0,3.0,6,37.0,FS,5.0,3.7e-14,5.000000000000001e-15,27.453644265318214,13.726822132659107,26Al,1,2,7,4,True
148,26,Al,13,13,4191.92,0.06,3,5 FS 2,4191.56,0.0,0.41,0.1,[E2],,,,,0.046,0.022,6,5.0,FS,2.0,5.000000000000001e-15,2e-15,0.2104779393674397,0.1006633623061667,26Al,5,10,8,1,True
149,26,Al,13,13,4205.86,0.05,4,62 FS 10,2446.7,0.0,1.67,0.11,[E2],,,,,0.25,0.05,8,62.0,FS,10.0,6.2e-14,1.0000000000000002e-14,1.1439018443882591,0.2287803688776518,26Al,2,4,3,1,True
150,26,Al,13,13,4205.86,0.05,4,62 FS 10,1544.89,0.0,12.3,0.8,[E2],,,,,18.0,4.0,8,62.0,FS,10.0,6.2e-14,1.0000000000000002e-14,82.36093279595465,18.302429510212143,26Al,2,4,3,3,True
151,26,Al,13,13,4205.86,0.05,4,62 FS 10,1292.43,0.0,0.95,0.08,[E2],,,,,3.5,0.7,8,62.0,FS,10.0,6.2e-14,1.0000000000000002e-14,16.01462582143563,3.2029251642871253,26Al,2,4,3,4,True
152,26,Al,13,13,4349.34,0.07,3,9 FS 3,3291.38,0.0,1.9,0.2,[E2],,,,,0.64,0.23,6,9.0,FS,3.0,9.000000000000001e-15,3.0000000000000002e-15,2.9283887216339437,1.0523896968371984,26Al,1,2,9,1,True
153,26,Al,13,13,4349.34,0.07,3,9 FS 3,4348.95,0.0,0.64,0.11,[E2],,,,,0.053,0.02,6,9.0,FS,3.0,9.000000000000001e-15,3.0000000000000002e-15,0.2425071910103109,0.0915121475510607,26Al,5,10,9,1,True
154,26,Al,13,13,4773.35,0.06,4,82 FS 12,3014.13,0.0,1.3,0.3,[E2],,,,,0.024,0.007,8,82.0,FS,12.0,8.2e-14,1.2e-14,0.1098145770612728,0.0320292516428712,26Al,2,4,5,1,False
155,26,Al,13,13,4773.35,0.06,4,82 FS 12,2112.34,0.0,87.0,3.0,[E2],,,,,9.4,1.5,8,82.0,FS,12.0,8.2e-14,1.2e-14,43.01070934899855,6.863411066329554,26Al,2,4,5,3,False
156,26,Al,13,13,4773.35,0.06,4,82 FS 12,1859.88,0.0,19.3,0.7,[E2],,,,,3.9,0.6,8,82.0,FS,12.0,8.2e-14,1.2e-14,17.84486877245684,2.7453644265318218,26Al,2,4,5,4,False
157,26,Al,13,13,4940.79,0.05,5,24 FS 6,4523.51,0.0,100.0,1.9,[E2],,,,,1.5,0.4,10,24.0,FS,6.0,2.4e-14,6.000000000000001e-15,6.863411066329554,1.8302429510212148,26Al,3,6,3,1,False
158,26,Al,13,13,4940.79,0.05,5,24 FS 6,2575.5,0.0,38.1,1.1,[E2],,,,,9.3,2.4,10,24.0,FS,6.0,2.4e-14,6.000000000000001e-15,42.553148611243245,10.981457706127289,26Al,3,6,3,2,False
159,26,Al,13,13,4940.79,0.05,5,24 FS 6,2395.3,0.0,39.8,1.5,[E2],,,,,14.0,4.0,10,24.0,FS,6.0,2.4e-14,6.000000000000001e-15,64.05850328574252,18.302429510212143,26Al,3,6,3,3,False
160,26,Al,13,13,4940.79,0.05,5,24 FS 6,1867.09,0.0,0.46,0.15,[E2],,,,,0.56,0.24,10,24.0,FS,6.0,2.4e-14,6.000000000000001e-15,2.5623401314297007,1.0981457706127289,26Al,3,6,3,4,False
161,26,Al,13,13,4952.3,0.04,3,10 FS 3,3894.25,0.0,3.3,0.4,[E2],,,,,0.26,0.09,6,10.0,FS,3.0,1.0000000000000002e-14,3.0000000000000002e-15,1.1896579181637896,0.4118046639797733,26Al,1,2,11,1,False
162,26,Al,13,13,4952.3,0.04,3,10 FS 3,3101.48,0.0,4.6,0.4,[E2],,,,,1.1,0.4,6,10.0,FS,3.0,1.0000000000000002e-14,3.0000000000000002e-15,5.0331681153083405,1.8302429510212148,26Al,1,2,11,2,False
163,26,Al,13,13,4952.3,0.04,3,10 FS 3,2212.17,0.0,1.75,0.18,[E2],,,,,2.3,0.8,6,10.0,FS,3.0,1.0000000000000002e-14,3.0000000000000002e-15,10.523896968371984,3.6604859020424296,26Al,1,2,11,4,False
164,26,Al,13,13,5245.28,0.04,4,12 FS 3,2584.22,0.0,6.3,0.2,[E2],,,,,2.6,0.7,8,12.0,FS,3.0,1.2e-14,3.0000000000000002e-15,11.896579181637897,3.2029251642871253,26Al,2,4,7,3,False
165,26,Al,13,13,5245.28,0.04,4,12 FS 3,2331.77,0.0,12.2,0.4,[E2],,,,,8.4,2.2,8,12.0,FS,3.0,1.2e-14,3.0000000000000002e-15,38.43510197144551,10.06633623061668,26Al,2,4,7,4,False
166,26,Al,13,13,5245.28,0.04,4,12 FS 3,1737.59,0.0,0.54,0.09,[E2],,,,,1.6,0.5,8,12.0,FS,3.0,1.2e-14,3.0000000000000002e-15,7.320971804084859,2.2878036887765183,26Al,6,12,7,1,False
167,26,Al,13,13,5245.28,0.04,4,12 FS 3,3485.99,0.0,16.1,0.7,[E2],,,,,1.5,0.4,8,12.0,FS,3.0,1.2e-14,3.0000000000000002e-15,6.863411066329554,1.8302429510212148,26Al,2,4,7,1,False
168,26,Al,13,13,5245.28,0.04,4,12 FS 3,1494.33,0.0,0.17,0.07,[E2],,,,,1.1,0.6,8,12.0,FS,3.0,1.2e-14,3.0000000000000002e-15,5.0331681153083405,2.7453644265318218,26Al,2,4,7,6,False
169,26,Al,13,13,5245.28,0.04,4,12 FS 3,3175.6,0.0,8.3,0.4,[E2],,,,,1.2,0.4,8,12.0,FS,3.0,1.2e-14,3.0000000000000002e-15,5.490728853063644,1.8302429510212148,26Al,2,4,7,2,False
170,26,Al,13,13,5513.48,0.04,4,35 FS 4,2599.94,0.0,2.89,0.22,[E2],,,,,0.32,0.05,8,35.0,FS,4.0,3.5e-14,4e-15,1.4641943608169716,0.2287803688776518,26Al,2,4,8,4,False
171,26,Al,13,13,5513.48,0.04,4,35 FS 4,1762.52,0.0,0.78,0.19,[E2],,,,,0.6,0.17,8,35.0,FS,4.0,3.5e-14,4e-15,2.7453644265318218,0.7778532541840163,26Al,2,4,8,6,False
172,26,Al,13,13,5513.48,0.04,4,35 FS 4,3754.15,0.0,71.9,2.2,[E2],,,,,1.26,0.15,8,35.0,FS,4.0,3.5e-14,4e-15,5.765265295716826,0.6863411066329554,26Al,2,4,8,1,False
173,26,Al,13,13,5513.48,0.04,4,35 FS 4,2852.39,0.0,1.97,0.22,[E2],,,,,0.136,0.022,8,35.0,FS,4.0,3.5e-14,4e-15,0.622282603347213,0.1006633623061667,26Al,2,4,8,3,False
174,27,Al,13,14,843.76,0.09,1/2,35 PS 1,843.76,0.1,100.0,0.0,E2,,,,,7.86,0.23,1,35.0,PS,1.0,3.5e-11,1e-12,37.82031884503959,1.1067014420304204,27Al,5/2,5,1,1,True
175,27,Al,13,14,3004.2,0.8,9/2,59 FS 3,3004.0,0.9,100.0,2.0,E2,,,,,7.1,0.4,9,59.0,FS,3.0,5.9e-14,3.0000000000000002e-15,34.16339234093906,1.9246981600529047,27Al,5/2,5,1,1,True
176,27,Al,13,14,4510.3,0.5,11/2,222 FS 14,2299.0,0.8,100.0,3.0,(E2),,,,,5.6,0.7,11,222.0,FS,14.0,2.2200000000000001e-13,1.4e-14,26.94577424074067,3.368221780092584,27Al,7/2,7,1,1,True
177,27,Al,13,14,7400.0,1.0,11/2,24 FS 10,2819.8,1.3,97.0,12.0,E2,,,,,10.0,5.0,11,24.0,FS,10.0,2.4e-14,1.0000000000000002e-14,48.11745400132263,24.058727000661317,27Al,7/2,7,4,2,False
178,28,Al,13,15,972.35,0.03,0,33 PS 2,941.79,0.06,100.0,0.0,E2,,,,,4.6,0.3,0,33.0,PS,2.0,3.3e-11,2e-12,23.233759761184466,1.515245201816378,28Al,2,4,1,1,True
179,28,Al,13,15,1372.917,0.02,1,223 FS 35,1372.8,0.2,15.0,8.0,[E2],,,,,9.0,5.0,2,223.0,FS,35.0,2.23e-13,3.5e-14,45.45735605449134,25.254086696939638,28Al,3,6,1,1,True
180,28,Al,13,15,2581.81,0.22,5,313 FS 25,2582.2,0.5,100.0,2.0,[E2],,,,,2.9,0.3,10,313.0,FS,25.0,3.130000000000001e-13,2.5e-14,14.647370284224989,1.515245201816378,28Al,3,6,1,1,True
181,29,Al,13,16,1398.05,0.16,1/2,4.5 PS 0.3,1398.0,0.2,100.0,0.0,(E2),,,,,4.4,0.3,1,4.5,PS,0.3,4.5e-12,3e-13,23.28811272515537,1.5878258676242294,29Al,5/2,5,1,1,True
182,26,Si,14,12,1797.3,0.1,2,440 FS 40,1797.2,0.1,100.0,0.0,E2,,,,,15.3,1.5,4,440.0,FS,40.0,4.4000000000000004e-13,4.0000000000000006e-14,70.00679287656146,6.863411066329554,26Si,0,0,1,1,True
183,26,Si,14,12,2787.05,0.13,2,146 FS 35,2787.0,0.2,48.9,2.7,E2,,,,,1.7,0.4,4,146.0,FS,35.0,1.46e-13,3.5e-14,7.778532541840162,1.8302429510212148,26Si,0,0,2,1,True
184,26,Si,14,12,3336.35,0.22,0,1.52 PS 0.48,1539.0,0.2,100.0,19.0,E2,,,,,10.0,5.0,0,1.52,PS,0.48,1.52e-12,4.8e-13,45.75607377553037,22.878036887765184,26Si,2,4,2,1,True
185,26,Si,14,12,4139.06,0.2,2,35 FS 3,4141.0,3.0,11.8,5.9,[E2],,,,,0.28,0.15,4,35.0,FS,3.0,3.5e-14,3.0000000000000002e-15,1.2811700657148504,0.6863411066329554,26Si,0,0,3,1,True
186,27,Si,14,13,2647.6,0.3,5/2,17 FS 2,1866.6,0.0,3.9,1.3,(E2),,,,,9.0,3.0,5,17.0,FS,2.0,1.7e-14,2e-15,43.30570860119036,14.435236200396789,27Si,1/2,1,2,1,True
187,27,Si,14,13,4447.3,0.5,11/2,390 FS 40,2283.5,0.0,100.0,2.3,(E2),,,,,4.2,0.5,11,390.0,FS,40.0,3.900000000000001e-13,4.0000000000000006e-14,20.209330680555503,2.4058727000661317,27Si,7/2,7,1,1,True
188,28,Si,14,14,1779.03,0.011,2,475 FS 17,1778.969,0.011,100.0,0.0,E2,,,,,13.2,0.5,4,475.0,FS,17.0,4.75e-13,1.7e-14,66.67078887992064,2.5254086696939635,28Si,0,0,1,1,True
189,28,Si,14,14,4617.86,0.04,4,37 FS 4,2838.29,0.15,100.0,0.0,(E2),,,,,16.4,1.8,8,37.0,FS,4.0,3.7e-14,4e-15,82.833404365962,9.091471210898268,28Si,2,4,1,1,True
190,28,Si,14,14,4979.92,0.08,0,35 FS 2,3200.7,0.5,100.0,0.0,E2,,,,,9.5,0.6,0,35.0,FS,2.0,3.5e-14,2e-15,47.98276472418531,3.030490403632756,28Si,2,4,2,1,True
191,28,Si,14,14,6690.74,0.15,0,147 FS 10,4910.8,0.5,100.0,0.0,E2,,,,,0.267,0.019,0,147.0,FS,10.0,1.47e-13,1.0000000000000002e-14,1.3485682296165766,0.0959655294483706,28Si,2,4,3,1,True
192,28,Si,14,14,7380.59,0.09,2,5 FS 2,2400.5,0.0,0.47,0.16,E2,,,,,0.8,0.5,4,5.0,FS,2.0,5.000000000000001e-15,2e-15,4.040653871510342,2.5254086696939635,28Si,0,0,2,2,True
193,28,Si,14,14,7933.45,0.1,2,11 FS 2,3315.2,0.0,5.65,0.24,(E2),,,,,1.2,0.23,4,11.0,FS,2.0,1.1e-14,2e-15,6.060980807265512,1.1616879880592232,28Si,4,8,4,1,True
194,28,Si,14,14,7933.45,0.1,2,11 FS 2,2953.2,0.0,4.81,0.24,E2,,,,,1.8,0.4,4,11.0,FS,2.0,1.1e-14,2e-15,9.091471210898268,2.020326935755171,28Si,0,0,4,2,True
195,28,Si,14,14,8258.74,0.1,2,10 FS 2,3278.4,0.0,24.3,1.5,E2,,,,,5.0,1.1,4,10.0,FS,2.0,1.0000000000000002e-14,2e-15,25.254086696939638,5.55589907332672,28Si,0,0,5,2,True
196,28,Si,14,14,8258.74,0.1,2,10 FS 2,3640.4,0.0,5.7,1.5,(E2),,,,,0.7,0.24,4,10.0,FS,2.0,1.0000000000000002e-14,2e-15,3.5355721375715485,1.2121961614531025,28Si,4,8,5,1,True
197,28,Si,14,14,8543.56,0.2,6,11.4 FS 1,3925.1,0.3,100.0,0.0,[E2],,,,,10.6,1.0,12,11.4,FS,1.0,1.14e-14,1e-15,53.53866379751202,5.050817339387927,28Si,4,8,1,1,True
198,28,Si,14,14,9164.68,0.17,4,28 FS 3,1784.0,0.0,29.3,2.2,[E2],,,,,30.0,4.0,8,28.0,FS,3.0,2.8e-14,3.0000000000000002e-15,151.5245201816378,20.203269357551708,28Si,2,4,3,2,False
199,28,Si,14,14,9164.68,0.17,4,28 FS 3,1748.3,0.0,9.8,1.1,[E2],,,,,11.1,1.8,8,28.0,FS,3.0,2.8e-14,3.0000000000000002e-15,56.06407246720599,9.091471210898268,28Si,2,4,3,3,False
200,28,Si,14,14,9417.17,0.14,4,78 FS 12,2036.4,0.0,1.2,0.2,(E2),,,,,0.21,0.05,8,78.0,FS,12.0,7.800000000000002e-14,1.2e-14,1.0606716412714647,0.2525408669693963,28Si,2,4,4,2,False
201,28,Si,14,14,9417.17,0.14,4,78 FS 12,1483.6,0.0,27.0,4.0,(E2),,,,,23.0,5.0,8,78.0,FS,12.0,7.800000000000002e-14,1.2e-14,116.16879880592232,25.254086696939638,28Si,2,4,4,4,False
202,28,Si,14,14,9479.49,0.11,2,6 FS 2,4860.7,0.0,7.5,0.4,(E2),,,,,0.44,0.15,4,6.0,FS,2.0,6.000000000000001e-15,2e-15,2.222359629330688,0.757622600908189,28Si,4,8,7,1,False
203,28,Si,14,14,9479.49,0.11,2,6 FS 2,4498.8,0.0,5.3,1.8,(E2),,,,,0.46,0.22,4,6.0,FS,2.0,6.000000000000001e-15,2e-15,2.3233759761184465,1.111179814665344,28Si,0,0,7,2,False
204,28,Si,14,14,10418.25,0.22,5,18 FS 4,2619.0,0.0,6.2,1.1,(E2),,,,,2.3,0.7,10,18.0,FS,4.0,1.8000000000000002e-14,4e-15,11.616879880592233,3.5355721375715485,28Si,3,6,2,2,False
205,28,Si,14,14,10418.25,0.22,5,18 FS 4,4141.4,0.0,100.0,3.0,(E2),,,,,3.7,0.9,10,18.0,FS,4.0,1.8000000000000002e-14,4e-15,18.68802415573533,4.545735605449134,28Si,3,6,2,1,False
206,28,Si,14,14,10668.34,0.11,4,18 FS 3,2734.6,0.0,14.1,0.4,(E2),,,,,2.2,0.4,8,18.0,FS,3.0,1.8000000000000002e-14,3.0000000000000002e-15,11.11179814665344,2.020326935755171,28Si,2,4,6,4,False
207,28,Si,14,14,10668.34,0.11,4,18 FS 3,2124.6,0.0,0.86,0.15,(E2),,,,,0.48,0.12,8,18.0,FS,3.0,1.8000000000000002e-14,3.0000000000000002e-15,2.424392322906205,0.6060980807265512,28Si,6,12,6,1,False
208,28,Si,14,14,10668.34,0.11,4,18 FS 3,1286.7,0.0,0.76,0.23,(E2),,,,,5.3,1.9,8,18.0,FS,3.0,1.8000000000000002e-14,3.0000000000000002e-15,26.76933189875601,9.59655294483706,28Si,2,4,6,6,False
209,28,Si,14,14,11510.4,1.0,6,9 FS 2,4621.9,0.0,100.0,7.0,(E2),,,,,3.4,0.9,12,9.0,FS,2.0,9.000000000000001e-15,2e-15,17.17277895391895,4.545735605449134,28Si,4,8,4,2,False
210,28,Si,14,14,11510.4,1.0,6,9 FS 2,2345.5,0.0,36.0,7.0,(E2),,,,,37.0,11.0,12,9.0,FS,2.0,9.000000000000001e-15,2e-15,186.8802415573533,55.5589907332672,28Si,4,8,4,3,False
211,29,Si,14,15,4079.9,0.3,7/2,44 FS 12,2806.3,0.3,100.0,6.0,(E2),,,,,7.5,2.2,7,44.0,FS,12.0,4.4e-14,1.2e-14,39.69564669060573,11.644056362577684,29Si,3/2,3,1,1,True
212,29,Si,14,15,4741.1,0.3,9/2,36 FS 7,2712.8,0.3,100.0,1.1,(E2),,,,,19.0,4.0,9,36.0,FS,7.0,3.6000000000000004e-14,7e-15,100.56230494953454,21.17101156832306,29Si,5/2,5,1,1,True
213,29,Si,14,15,4895.2,0.4,5/2,12 FS 5,4893.8,1.2,33.0,4.0,(E2),,,,,0.6,0.3,5,12.0,FS,5.0,1.2e-14,5.000000000000001e-15,3.175651735248459,1.5878258676242294,29Si,1/2,1,3,1,True
214,30,Si,14,16,2235.322,0.018,2,215 FS 28,2235.23,0.02,100.0,0.0,E2,,,0.000436,6e-06,8.5,1.1,4,215.0,FS,28.0,2.1500000000000002e-13,2.8e-14,47.06862948153772,6.091234403493117,30Si,0,0,1,1,True
215,30,Si,14,16,3498.49,0.03,2,58 FS 17,3498.33,0.05,98.0,3.0,E2,,,0.000994,1.4e-05,1.7,0.5,4,58.0,FS,17.0,5.8e-14,1.7e-14,9.413725896307543,2.7687429106786894,30Si,0,0,2,1,True
216,30,Si,14,16,4810.31,0.11,2,104 FS 15,4810.0,0.3,100.0,7.0,E2,,,0.001434,2e-05,0.17,0.03,4,104.0,FS,15.0,1.0400000000000001e-13,1.5000000000000002e-14,0.9413725896307544,0.1661245746407213,30Si,0,0,3,1,True
217,30,Si,14,16,5279.37,0.14,4,83 FS 22,3043.2,0.1,100.0,0.3,(E2),,,0.000808,1.2e-05,4.7,1.3,8,83.0,FS,22.0,8.300000000000001e-14,2.2e-14,26.02618336037968,7.198731567764592,30Si,2,4,1,1,True
218,30,Si,14,16,5372.2,0.6,0,59 FS 21,3136.6,0.7,100.0,27.0,E2,,,0.000847,1.2e-05,3.4,1.7,0,59.0,FS,21.0,5.9e-14,2.1e-14,18.827451792615086,9.413725896307543,30Si,2,4,3,1,True
219,30,Si,14,16,5950.73,0.15,4,15 FS 8,3714.9,0.2,100.0,3.0,(E2),,,0.001074,1.5e-05,9.0,5.0,8,15.0,FS,8.0,1.5000000000000002e-14,8e-15,49.83737239221641,27.68742910678689,30Si,2,4,2,1,True
220,30,Si,14,16,5950.73,0.15,4,15 FS 8,2452.6,1.3,5.0,3.0,(E2),,,0.00054,8e-06,4.0,3.0,8,15.0,FS,8.0,1.5000000000000002e-14,8e-15,22.149943285429515,16.612457464072136,30Si,2,4,2,2,True
221,32,Si,14,18,1941.4,0.3,2,0.78 PS 0.22,1941.4,0.3,100.0,0.0,E2,,,,,4.4,1.3,4,0.78,PS,0.22,7.8e-13,2.2e-13,26.554427041091664,7.845626171231627,32Si,0,0,1,1,True
222,32,Si,14,18,4230.8,0.8,2,0.26 PS 0.09,4230.0,1.5,100.0,5.0,[E2],,,,,0.17,0.06,4,0.26,PS,0.09,2.6e-13,9e-14,1.0259664993149051,0.3621058232876135,32Si,0,0,2,1,True
223,34,Si,14,20,3327.14,0.2,2,82 FS 32,3326.96,0.2,100.0,0.0,[E2],,,,,2.6,1.0,4,82.0,FS,32.0,8.2e-14,3.2e-14,17.01229317257016,6.543189681757753,34Si,0,0,1,1,True
224,31,P,15,16,2233.6,0.1,5/2,269 FS 18,2233.6,0.1,100.0,0.0,E2,,,,,6.4,0.5,5,269.0,FS,18.0,2.69e-13,1.8000000000000002e-14,37.02370299500025,2.8924767964843943,31P,1/2,1,1,1,True
225,31,P,15,16,3295.0,0.2,5/2,88 FS 10,3294.7,0.7,1.08,0.19,[E2],,,,,0.024,0.005,5,88.0,FS,10.0,8.8e-14,1.0000000000000002e-14,0.1388388862312509,0.0289247679648439,31P,1/2,1,2,1,True
226,31,P,15,16,3414.6,0.3,7/2,219 FS 17,2148.4,0.1,100.0,0.6,E2,,,,,9.5,0.8,7,219.0,FS,17.0,2.1900000000000005e-13,1.7e-14,54.95705913320349,4.627962874375031,31P,3/2,3,1,1,True
227,31,P,15,16,4634.2,0.8,7/2,68 FS 10,3367.6,0.7,9.0,3.0,[E2],,,,,0.1,0.04,7,68.0,FS,10.0,6.8e-14,1.0000000000000002e-14,0.5784953592968789,0.2313981437187515,31P,3/2,3,2,1,True
228,31,P,15,16,4783.4,1.1,5/2,6.9 FS 2.8,4783.4,0.0,100.0,4.0,E2,,,,,2.4,1.0,5,6.9,FS,2.8,6.900000000000001e-15,2.8e-15,13.883888623125092,5.7849535929687885,31P,1/2,1,4,1,True
229,31,P,15,16,5342.9,1.5,9/2,36 FS 8,3109.4,0.6,19.0,2.0,E2,,,,,1.4,0.4,9,36.0,FS,8.0,3.6000000000000004e-14,8e-15,8.098935030156303,2.313981437187516,31P,5/2,5,1,1,True
230,31,P,15,16,5342.9,1.5,9/2,36 FS 8,2048.3,0.4,4.9,1.3,E2,,,,,2.9,1.0,9,36.0,FS,8.0,3.6000000000000004e-14,8e-15,16.776365419609487,5.7849535929687885,31P,5/2,5,1,2,True
231,31,P,15,16,5773.5,1.6,7/2,22 FS 7,4507.0,0.0,57.0,14.0,[E2],,,,,0.43,0.18,7,22.0,FS,7.0,2.2e-14,7e-15,2.487530044976579,1.0412916467343818,31P,3/2,3,3,1,True
232,31,P,15,16,5891.9,2.0,9/2,23 FS 6,3658.2,0.5,100.0,3.0,E2,,,,,5.4,1.5,9,23.0,FS,6.0,2.3000000000000003e-14,6.000000000000001e-15,31.23874940203146,8.677430389453182,31P,5/2,5,2,1,True
233,31,P,15,16,6078.1,1.8,9/2,22 FS 10,3844.6,0.1,100.0,9.0,E2,,,,,3.3,1.6,9,22.0,FS,10.0,2.2e-14,1.0000000000000002e-14,19.090346856797,9.255925748750062,31P,5/2,5,3,1,True
234,31,P,15,16,6078.1,1.8,9/2,22 FS 10,2783.6,0.0,9.0,6.0,[E2],,,,,1.5,1.2,9,22.0,FS,10.0,2.2e-14,1.0000000000000002e-14,8.677430389453182,6.941944311562546,31P,5/2,5,3,2,False
235,31,P,15,16,6452.7,1.0,11/2,23 FS 10,1819.6,0.6,2.7,0.3,[E2],,,,,4.9,2.3,11,23.0,FS,10.0,2.3000000000000003e-14,1.0000000000000002e-14,28.346272605547068,13.305393263828211,31P,7/2,7,1,2,False
236,31,P,15,16,6452.7,1.0,11/2,23 FS 10,3039.2,0.4,100.0,4.0,E2,,,,,14.0,7.0,11,23.0,FS,10.0,2.3000000000000003e-14,1.0000000000000002e-14,80.98935030156304,40.49467515078152,31P,7/2,7,1,1,False
237,33,P,15,18,4048.4,0.5,5/2,62 FS 21,4048.0,0.0,7.0,4.0,[E2],,,,,0.07,0.05,5,62.0,FS,21.0,6.2e-14,2.1e-14,0.4401502107316768,0.3143930076654834,33P,1/2,1,3,1,True
238,33,P,15,18,4193.4,1.2,5/2,104 FS 35,4193.5,2.5,100.0,0.0,[E2],,,,,0.64,0.22,5,104.0,FS,35.0,1.0400000000000001e-13,3.5e-14,4.024230498118188,1.383329233728127,33P,1/2,1,4,1,True
239,31,S,16,15,2234.29,0.14,5/2,222 FS 55,2234.2,0.2,100.0,1.0,E2,,,,,7.8,2.2,5,222.0,FS,55.0,2.2200000000000001e-13,5.5000000000000005e-14,45.12263802515655,12.726897904531336,31S,1/2,1,1,1,True
240,32,S,16,16,3778.4,1.0,0,0.89 PS 0.09,1548.8,1.5,100.0,0.0,[E2],,,,,11.8,1.2,0,0.89,PS,0.09,8.9e-13,9e-14,71.214145246564,7.242116465752271,32S,2,4,2,1,True
241,32,S,16,16,4459.1,0.8,4,124 FS 27,2229.4,1.2,100.0,0.0,E2,,,,,14.0,3.0,8,124.0,FS,27.0,1.24e-13,2.7e-14,84.49135876710983,18.10529116438068,32S,2,4,1,1,True
242,32,S,16,16,6851.5,1.5,4,66 FS 17,2570.8,0.0,100.0,13.0,E2,,,,,8.0,3.0,8,66.0,FS,17.0,6.600000000000002e-14,1.7e-14,48.28077643834848,18.10529116438068,32S,2,4,3,2,True
243,33,S,16,17,1967.19,0.03,5/2,94 FS 14,1126.0,0.6,7.5,1.1,E2,,,,,37.0,8.0,5,94.0,FS,14.0,9.4e-14,1.4e-14,232.65082567245773,50.30288122647735,33S,1/2,1,1,1,True
244,33,S,16,17,2867.626,0.02,5/2,10.8 FS 3.5,2026.6,0.0,1.5,0.2,E2,,,,,3.6,1.3,5,10.8,FS,3.5,1.0800000000000002e-14,3.5e-15,22.636296551914807,8.174218199302569,33S,1/2,1,2,1,True
245,33,S,16,17,4095.09,0.17,7/2,31 FS 8,4096.0,0.5,5.7,1.1,E2,,,,,0.09,0.04,7,31.0,FS,8.0,3.1e-14,8e-15,0.5659074137978701,0.2515144061323867,33S,3/2,3,2,1,True
246,34,S,16,18,2127.564,0.013,2,318 FS 8,2127.499,0.02,100.0,0.0,E2,,,,,6.24,0.16,4,318.0,FS,8.0,3.18e-13,8e-15,40.82950361416838,1.0469103490812406,34S,0,0,1,1,True
247,34,S,16,18,3304.212,0.013,2,136 FS 7,3304.031,0.02,87.2,0.9,E2,,,,,0.75,0.04,4,136.0,FS,7.0,1.36e-13,7e-15,4.907392261318315,0.2617275872703101,34S,0,0,2,1,True
248,34,S,16,18,3916.408,0.021,0,1.12 PS 0.09,1788.794,0.02,100.0,10.0,E2,,,,,4.2,0.7,0,1.12,PS,0.09,1.12e-12,9e-14,27.481396663382565,4.580232777230427,34S,2,4,2,1,True
249,34,S,16,18,4114.813,0.023,2,73 FS 6,4114.52,0.04,100.0,10.0,E2,,,,,0.57,0.09,4,73.0,FS,6.0,7.3e-14,6.000000000000001e-15,3.7296181186019193,0.5888870713581977,34S,0,0,3,1,True
250,34,S,16,18,4688.98,0.05,4,88 FS 4,2561.36,0.05,100.0,11.0,E2,,,,,8.2,1.4,8,88.0,FS,4.0,8.8e-14,4e-15,53.65415539041357,9.160465554460854,34S,2,4,1,1,True
251,34,S,16,18,4889.756,0.022,2,29 FS 10,4889.3,0.08,90.0,10.0,E2,,,,,0.35,0.13,4,29.0,FS,10.0,2.9e-14,1.0000000000000002e-14,2.2901163886152136,0.8506146586285079,34S,0,0,4,1,True
252,34,S,16,18,10651.6,0.8,8,35 FS 17,2147.2,0.6,100.0,21.0,E2,,,,,27.0,15.0,16,35.0,FS,17.0,3.5e-14,1.7e-14,176.66612140745934,98.1478452263663,34S,6,12,1,1,False
253,34,S,16,18,12141.3,0.7,9,173 FS 35,2228.8,0.6,100.0,12.0,E2,,,,,7.6,2.0,18,173.0,FS,35.0,1.7300000000000005e-13,3.5e-14,49.72824158135892,13.086379363515508,34S,7,14,1,1,False
254,34,S,16,18,13341.6,0.8,10,180 FS 28,1966.8,0.9,81.0,19.0,E2,,,,,7.1,2.3,20,180.0,FS,28.0,1.8000000000000004e-13,2.8e-14,46.456646740480046,15.04933626804283,34S,8,16,1,2,False
255,36,S,16,20,3290.9,0.3,2,83 FS 7,3290.8,0.6,100.0,0.0,E2,,,,,2.83,0.24,4,83.0,FS,7.0,8.300000000000001e-14,7e-15,19.98361515625576,1.694723546820276,36S,0,0,1,1,True
256,33,Cl,17,16,2839.0,0.3,5/2,3 FS 1,2028.4,0.0,1.0,0.4,[E2],,,,,9.0,5.0,5,3.0,FS,1.0,3.0000000000000002e-15,1e-15,56.59074137978701,31.439300766548342,33Cl,1/2,1,2,1,True
257,34,Cl,17,17,2376.5,0.4,4,150 FS 17,1146.3,0.0,11.0,8.0,E2,,,,,20.0,16.0,8,150.0,FS,17.0,1.5000000000000004e-13,1.7e-14,130.86379363515508,104.69103490812404,34Cl,2,4,1,1,True
258,34,Cl,17,17,4824.2,0.1,5,0.32 PS 0.1,4677.4,0.2,100.0,14.0,E2,,,,,0.08,0.03,10,0.32,PS,0.1,3.2e-13,1e-13,0.5234551745406203,0.1962956904527326,34Cl,3,6,1,1,True
259,34,Cl,17,17,4824.2,0.1,5,0.32 PS 0.1,2643.5,0.5,4.2,1.4,E2,,,,,0.06,0.03,10,0.32,PS,0.1,3.2e-13,1e-13,0.3925913809054652,0.1962956904527326,34Cl,3,6,1,2,True
260,34,Cl,17,17,5314.93,0.17,7,65 PS 8,490.8,0.2,100.0,1.0,E2,,,,,35.0,5.0,14,65.0,PS,8.0,6.5e-11,8e-12,229.01163886152136,32.71594840878877,34Cl,5,10,1,1,False
261,35,Cl,17,18,2645.74,0.08,7/2,159 FS 21,2645.7,0.3,100.0,1.1,E2,,,,,3.7,0.5,7,159.0,FS,21.0,1.59e-13,2.1e-14,25.16382970579376,3.400517527809966,35Cl,3/2,3,1,1,True
262,35,Cl,17,18,3002.3,0.13,5/2,21 FS 4,1782.9,0.0,3.4,1.1,E2,,,,,7.0,3.0,5,21.0,FS,4.0,2.1e-14,4e-15,47.60724538933953,20.4031051668598,35Cl,1/2,1,2,1,True
263,35,Cl,17,18,3943.82,0.25,9/2,205 FS 35,2180.0,1.0,100.0,2.2,[E2],,,,,7.1,1.3,9,205.0,FS,35.0,2.05e-13,3.5e-14,48.28734889490153,8.841345572305913,35Cl,5/2,5,1,1,True
264,35,Cl,17,18,4111.98,0.24,7/2,49 FS 11,4111.7,0.0,100.0,6.0,E2,,,,,0.72,0.18,7,49.0,FS,11.0,4.9000000000000006e-14,1.1e-14,4.896745240046352,1.224186310011588,35Cl,3/2,3,2,1,True
265,32,Ar,18,14,1867.0,8.0,2,0.46 PS 0.12,1867.0,8.0,100.0,0.0,[E2],,,,,8.9,2.3,4,0.46,PS,0.12,4.600000000000002e-13,1.2e-13,53.71236378766268,13.880723226025186,32Ar,0,0,1,1,True
266,34,Ar,18,16,2091.1,0.3,2,319 FS 42,2091.1,0.3,100.0,0.0,E2,,,,,6.8,0.9,4,319.0,FS,42.0,3.19e-13,4.2e-14,44.49368983595272,5.888870713581978,34Ar,0,0,1,1,True
267,34,Ar,18,16,3287.7,0.5,2,194 FS 35,3286.0,4.0,9.0,6.0,[E2],,,,,0.1,0.07,4,194.0,FS,35.0,1.94e-13,3.5e-14,0.6543189681757754,0.4580232777230428,34Ar,0,0,2,1,True
268,36,Ar,18,18,1970.38,0.05,2,328 FS 20,1970.3,0.0,100.0,0.0,E2,,,,,8.2,0.5,4,328.0,FS,20.0,3.28e-13,2.0000000000000003e-14,57.90305451635943,3.530674055875576,36Ar,0,0,1,1,True
269,36,Ar,18,18,4414.4,0.16,4,76 FS 10,2443.9,0.0,100.0,0.0,E2,,,,,12.0,1.6,8,76.0,FS,10.0,7.6e-14,1.0000000000000002e-14,84.73617734101381,11.298156978801842,36Ar,2,4,1,1,True
270,36,Ar,18,18,4440.11,0.19,2,76 FS 14,4439.8,0.0,100.0,3.0,E2,,,,,0.39,0.08,4,76.0,FS,14.0,7.6e-14,1.4e-14,2.753925763582949,0.5649078489400922,36Ar,0,0,2,1,True
271,36,Ar,18,18,6356.0,0.6,4,0.31 PS 0.1,4385.3,0.0,100.0,4.0,E2,,,,,0.07,0.03,8,0.31,PS,0.1,3.1e-13,1e-13,0.4942943678225806,0.2118404433525345,36Ar,2,4,3,1,True
272,36,Ar,18,18,7767.0,0.4,6,76 FS 11,3352.5,0.8,42.9,1.7,E2,,,,,0.75,0.12,12,76.0,FS,11.0,7.6e-14,1.1e-14,5.296011083813363,0.8473617734101381,36Ar,4,8,1,1,True
273,37,Ar,18,19,2217.0,0.23,7/2,283 FS 22,2217.1,0.3,100.0,0.0,E2,,,0.000434,6e-06,4.6,0.5,7,283.0,FS,22.0,2.83e-13,2.2e-14,33.69078146916754,3.6620414640399503,37Ar,3/2,3,1,1,True
274,38,Ar,18,20,2167.472,0.012,2,0.458 PS 0.021,2167.405,0.012,100.0,0.0,E2,,,,,3.4,0.16,4,0.458,PS,0.021,4.58e-13,2.1e-14,25.803265248317683,1.214271305803185,38Ar,0,0,1,1,True
275,38,Ar,18,20,3376.9,0.3,0,22.8 PS 1.5,1209.4,0.3,100.0,0.0,E2,,,,,1.26,0.08,0,22.8,PS,1.5,2.28e-11,1.5e-12,9.56238653320008,0.6071356529015925,38Ar,2,4,2,1,True
276,38,Ar,18,20,3936.5,0.4,2,43 FS 5,3936.1,0.5,100.0,0.6,[E2],,,,,1.71,0.24,4,43.0,FS,5.0,4.3000000000000006e-14,5.000000000000001e-15,12.97752458077154,1.8214069587047772,38Ar,0,0,2,1,True
277,38,Ar,18,20,4709.3,1.0,0,1.7 PS +2.1-0.7,772.8,0.9,100.0,0.0,[E2],,,,,160.0,110.0,0,1.7,PS,2.1,1.6999999999999998e-12,2.1e-12,1214.271305803185,834.8115227396897,38Ar,2,4,3,2,True
278,38,Ar,18,20,5349.4,0.3,4,0.14 PS 0.04,1413.1,0.4,50.0,3.0,[E2],,,,,28.0,16.0,8,0.14,PS,0.04,1.4e-13,4e-14,212.4974785155574,121.4271305803185,38Ar,2,4,1,2,True
279,38,Ar,18,20,5349.4,0.3,4,0.14 PS 0.04,784.0,1.0,2.5,1.3,[E2],,,,,27.0,35.0,8,0.14,PS,0.04,1.4e-13,4e-14,204.90828285428748,265.62184814444674,38Ar,2,4,1,3,True
280,38,Ar,18,20,5349.4,0.3,4,0.14 PS 0.04,3182.2,0.7,100.0,5.0,E2,,,,,1.0,0.5,8,0.14,PS,0.04,1.4e-13,4e-14,7.589195661269906,3.794597830634953,38Ar,2,4,1,1,True
281,38,Ar,18,20,5594.6,0.6,2,60 FS 18,2217.6,0.0,39.0,5.0,[E2],,,,,3.3,2.6,4,60.0,FS,18.0,6.000000000000001e-14,1.8000000000000002e-14,25.04434568219069,19.73190871930176,38Ar,0,0,5,2,True
282,38,Ar,18,20,6053.2,0.4,4,71 FS 14,2116.0,1.0,41.0,6.0,[E2],,,,,5.5,2.7,8,71.0,FS,14.0,7.1e-14,1.4e-14,41.74057613698449,20.490828285428748,38Ar,2,4,2,2,True
283,38,Ar,18,20,6053.2,0.4,4,71 FS 14,1488.0,1.0,32.0,4.0,[E2],,,,,25.0,13.0,8,71.0,FS,14.0,7.1e-14,1.4e-14,189.72989153174765,98.65954359650878,38Ar,2,4,2,3,True
284,38,Ar,18,20,6276.1,0.4,4,81 FS 35,4108.4,0.0,100.0,6.0,[E2],,,,,0.36,0.42,8,81.0,FS,35.0,8.100000000000002e-14,3.5e-14,2.732110438057166,3.1874621777333605,38Ar,2,4,3,1,False
285,38,Ar,18,20,6276.1,0.4,4,81 FS 35,2339.5,0.0,31.0,8.0,[E2],,,,,1.9,2.8,8,81.0,FS,35.0,8.100000000000002e-14,3.5e-14,14.419471756412822,21.249747851555732,38Ar,2,4,3,2,False
286,38,Ar,18,20,6408.32,0.1,6,1.0 PS 0.3,1058.0,1.0,3.3,0.4,[E2],,,,,1.8,1.2,12,1.0,PS,0.3,1e-12,3e-13,13.660552190285832,9.107034793523887,38Ar,4,8,1,1,False
287,38,Ar,18,20,7288.32,0.24,6,27 FS 13,1939.4,0.7,100.0,4.0,E2,,,,,70.0,70.0,12,27.0,FS,13.0,2.7e-14,1.3e-14,531.2436962888935,531.2436962888935,38Ar,4,8,2,1,False
288,38,Ar,18,20,7288.32,0.24,6,27 FS 13,1236.0,1.0,5.1,1.3,[E2],,,,,33.0,53.0,12,27.0,FS,13.0,2.7e-14,1.3e-14,250.4434568219069,402.227370047305,38Ar,4,8,2,2,False
289,38,Ar,18,20,9339.2,0.4,8,73 FS 17,2931.0,1.0,24.1,2.5,[E2],,,,,0.8,0.5,16,73.0,FS,17.0,7.3e-14,1.7e-14,6.071356529015926,3.794597830634953,38Ar,6,12,2,1,False
290,38,Ar,18,20,9339.2,0.4,8,73 FS 17,2051.3,0.6,100.0,8.0,E2,,,,,20.0,8.0,16,73.0,FS,17.0,7.3e-14,1.7e-14,151.78391322539812,60.71356529015925,38Ar,6,12,2,2,False
291,38,Ar,18,20,9339.2,0.4,8,73 FS 17,1848.0,1.0,16.5,2.5,[E2],,,,,5.6,3.3,16,73.0,FS,17.0,7.3e-14,1.7e-14,42.49949570311147,25.04434568219069,38Ar,6,12,2,3,False
292,38,K,19,19,458.53,0.16,1,7.0 PS 0.6,458.6,0.3,1.01,0.16,[E2],,,0.00077,,5.2,1.5,2,7.0,PS,0.6,7e-12,6e-13,39.46381743860351,11.38379349190486,38K,3,6,1,1,True
293,38,K,19,19,1697.65,0.25,1,48 FS 10,1698.0,0.0,0.08,0.04,[E2],,,0.000197,,0.09,0.08,2,48.0,FS,10.0,4.8e-14,1.0000000000000002e-14,0.6830276095142915,0.6071356529015925,38K,3,6,2,1,True
294,38,K,19,19,2401.12,0.19,2,52 FS 15,2270.5,0.9,8.0,2.0,[E2],,,0.000461,,1.8,1.4,4,52.0,FS,15.0,5.2000000000000006e-14,1.5000000000000002e-14,13.660552190285832,10.624873925777868,38K,0,0,1,1,True
295,39,K,19,20,7776.31,0.22,17/2,1.0 PS 0.3,1341.7,0.4,100.0,4.0,E2,,,,,8.9,4.7,17,1.0,PS,0.3,1e-12,3e-13,69.92413516111775,36.92622868059027,39K,13/2,13,1,1,False
296,40,Ca,20,20,3904.38,0.03,2,35 FS 7,3903.9,0.1,100.0,0.0,E2,,,,,2.2,0.6,4,35.0,FS,7.0,3.5e-14,7e-15,17.878055872265186,4.875833419708687,40Ca,0,0,1,1,False
297,40,Ca,20,20,3904.38,0.03,2,35 FS 7,551.8,0.0,0.1,0.0,[E2],,,,,49.0,0.0,4,35.0,FS,7.0,3.5e-14,7e-15,398.1930626095427,0.0,40Ca,0,0,1,2,False
298,40,Ca,20,20,5211.56,0.17,0,1.02 PS 0.21,1307.7,0.3,100.0,0.0,[E2],,,,,17.0,4.0,0,1.02,PS,0.21,1.02e-12,2.1e-13,138.1486135584128,32.505556131391245,40Ca,2,4,3,1,False
299,40,Ca,20,20,5248.79,0.05,2,83 FS +11-9,1896.1,0.0,6.3,0.8,(E2),,,,,1.5,0.6,4,83.0,FS,11.0,8.300000000000001e-14,1.1e-14,12.189583549271717,4.875833419708687,40Ca,0,0,2,2,False
300,40,Ca,20,20,5278.8,0.06,4,0.21 PS 0.04,1374.0,0.3,100.0,1.5,E2,,,,,67.0,17.0,8,0.21,PS,0.04,2.1e-13,4e-14,544.4680652008034,138.1486135584128,40Ca,2,4,1,1,False
301,40,Ca,20,20,5629.41,0.06,2,40 FS 15,2277.0,1.0,14.0,1.0,[E2],,,,,3.3,2.3,4,40.0,FS,15.0,4.0000000000000006e-14,1.5000000000000002e-14,26.817083808397776,18.690694775549964,40Ca,0,0,3,2,False
302,40,Ca,20,20,6507.87,0.13,4,128 FS 21,2603.2,0.3,100.0,4.0,E2,,,,,3.7,1.1,8,128.0,FS,21.0,1.28e-13,2.1e-14,30.067639421536903,8.939027936132593,40Ca,2,4,2,1,False
303,40,Ca,20,20,6507.87,0.13,4,128 FS 21,1259.0,0.0,17.0,4.0,[E2],,,,,24.0,13.0,8,128.0,FS,21.0,1.28e-13,2.1e-14,195.03333678834747,105.64305742702156,40Ca,2,4,2,2,False
304,40,Ca,20,20,6542.8,0.09,4,121 FS 21,1294.0,0.0,24.0,3.0,(E2),,,,,22.0,10.0,8,121.0,FS,21.0,1.2100000000000001e-13,2.1e-14,178.78055872265185,81.26389032847811,40Ca,2,4,3,2,False
305,40,Ca,20,20,6542.8,0.09,4,121 FS 21,913.3,0.0,32.0,3.0,E2,,,,,170.0,70.0,8,121.0,FS,21.0,1.2100000000000001e-13,2.1e-14,1381.486135584128,568.8472322993468,40Ca,2,4,3,3,False
306,40,Ca,20,20,6930.2,0.3,6,0.34 PS +0.09-0.17,1651.8,0.4,100.0,0.0,E2,,,,,17.0,17.0,12,0.34,PS,0.17,3.4e-13,1.7e-13,138.1486135584128,138.1486135584128,40Ca,4,8,1,1,False
307,40,Ca,20,20,7300.67,0.11,0,118 FS 35,2050.3,0.5,100.0,1.6,[E2],,,,,16.0,8.0,0,118.0,FS,35.0,1.18e-13,3.5e-14,130.02222452556498,65.01111226278249,40Ca,2,4,4,2,False
308,40,Ca,20,20,7300.67,0.11,0,118 FS 35,1671.3,0.0,5.3,1.6,[E2],,,,,1.8,1.8,0,118.0,FS,35.0,1.18e-13,3.5e-14,14.62750025912606,14.62750025912606,40Ca,2,4,4,3,False
309,40,Ca,20,20,7466.35,0.07,2,8 FS 4,4113.5,0.0,21.0,1.8,[E2],,,,,0.9,1.2,4,8.0,FS,4.0,8e-15,4e-15,7.31375012956303,9.751666839417371,40Ca,0,0,7,2,False
310,40,Ca,20,20,7561.17,0.07,4,0.17 PS 0.04,2312.1,1.0,100.0,13.0,[E2],,,,,3.9,1.7,8,0.17,PS,0.04,1.7e-13,4e-14,31.692917228106463,13.81486135584128,40Ca,2,4,4,2,False
311,40,Ca,20,20,7676.6,0.5,6,0.20 PS 0.05,2399.2,0.5,100.0,0.0,(E2),,,,,4.4,1.5,12,0.2,PS,0.05,2e-13,5e-14,35.75611174453037,12.189583549271717,40Ca,4,8,2,1,False
312,40,Ca,20,20,7976.55,0.03,2,21 FS 21,4624.0,0.0,60.0,0.0,[E2],,,,,0.24,0.0,4,21.0,FS,21.0,2.1e-14,2.1e-14,1.9503333678834749,0.0,40Ca,0,0,9,2,False
313,40,Ca,20,20,7976.55,0.03,2,21 FS 21,2699.0,0.0,20.0,0.0,[E2],,,,,1.2,0.0,4,21.0,FS,21.0,2.1e-14,2.1e-14,9.751666839417371,0.0,40Ca,4,8,9,1,False
314,40,Ca,20,20,8100.1,0.7,8,12.5 PS 1.7,1168.8,0.3,100.0,0.0,E2,,,,,2.6,0.4,16,12.5,PS,1.7,1.25e-11,1.6999999999999998e-12,21.12861148540431,3.2505556131391247,40Ca,6,12,1,1,False
