,Unnamed: 0,A,Element,Z,N,Energy (keV),Energy Unc (keV),Ji,Thalf,E_gamma (keV),E_gamma Unc (keV),I_gamma,I_gamma Unc,Mult,Mult Ratio,Mult Ratio Unc,Conv Coef,Conv Coef Unc,B_exp (W.u.),B_exp Unc (W.u.),twoJi,Thalf Value,Thalf Units,Thalf Unc,Thalf (sec),Thalf Unc (sec),B_exp (e^2fm^4),B_exp Unc (e^2fm^4),Nucleus,Jf,twoJf,ni,nf,Include,Mth_p,Mth_n
4,4,17,O,8,9,870.73,0.1,1/2,179.2 PS 1.8,870.71,0.12,100.0,0.0,[E2],,,,,2.39,0.03,1,179.2,PS,1.8,1.7919999999999999e-10,1.8e-12,6.206033044969713,0.0778999963803729,17O,5/2,5,1,1,True,0.0,-1.5451
5,5,18,O,8,10,1982.07,0.09,2,1.94 PS 0.05,1982.0,0.0,100.0,0.0,E2,,,,,3.32,0.09,4,1.94,PS,0.05,1.94e-12,5e-14,9.303628879353177,0.2522068069704174,18O,0,0,1,1,True,0.0,-1.309
6,6,18,O,8,10,3554.84,0.4,4,17.2 PS 0.8,1573.0,0.0,100.0,0.0,E2,,,,,1.19,0.06,8,17.2,PS,0.8,1.72e-11,8e-13,3.3347344477199634,0.1681378713136116,18O,2,4,1,1,True,0.0,-1.1707
7,7,18,O,8,10,3633.76,0.11,0,0.96 PS 0.11,1652.0,0.0,99.7,0.06,E2,,,,,17.0,2.0,0,0.96,PS,0.11,9.6e-13,1.1e-13,47.63906353885663,5.6045957104537205,18O,2,4,2,1,True,0.0,0.4431
8,8,18,O,8,10,3920.44,0.14,2,18.4 FS 2,3920.0,0.0,12.4,0.7,E2,,,,,1.3,0.2,4,18.4,FS,2.0,1.84e-14,2e-15,3.6429872117949182,0.560459571045372,18O,0,0,2,1,True,0.0,0.2496
9,9,18,O,8,10,5254.8,0.9,2,7.0 FS 0.3,1699.0,0.0,1.1,0.6,E2,,,,,21.0,12.0,4,7.0,FS,0.3,7e-15,3e-16,58.84825495976406,33.62757426272232,18O,4,8,3,1,True,0.0,-0.5263
10,10,18,O,8,10,5254.8,0.9,2,7.0 FS 0.3,1621.0,0.0,1.0,0.6,E2,,,,,23.0,15.0,4,7.0,FS,0.3,7e-15,3e-16,64.45285067021779,42.0344678284029,18O,0,0,3,2,True,0.0,0.0331
11,11,18,O,8,10,5336.4,0.6,0,139 FS 28,3354.0,0.0,58.0,2.0,E2,,,,,2.0,0.4,0,139.0,FS,28.0,1.3900000000000001e-13,2.8e-14,5.6045957104537205,1.120919142090744,18O,2,4,3,1,True,0.0,0.1581
12,12,18,O,8,10,8213.0,4.0,2,1.0 KEV 0.8,4658.0,0.0,3.0,1.0,E2,,,,,2.4,1.0,4,1.0,KEV,0.8,4.562294742445562e-19,5.702868428056951e-19,6.725514852544465,2.8022978552268603,18O,4,8,4,1,True,0.0,-0.0877
13,13,19,O,8,11,1471.7,0.4,1/2,0.88 PS 0.12,1471.7,0.0,2.0,0.2,E2,,,,,0.58,0.12,1,0.88,PS,0.12,8.8e-13,1.2e-13,1.7468290905623916,0.3614129152887707,19O,5/2,5,1,1,True,0.0,1.0409
14,14,20,O,8,12,1673.68,0.15,2,7.3 PS 0.3,1673.6,0.15,100.0,0.0,[E2],,,,,1.8,0.07,4,7.3,PS,0.3,7.3e-12,3e-13,5.804927324750454,0.2257471737402954,20O,0,0,1,1,True,0.0,1.4328
15,15,22,O,8,14,3199.0,8.0,2,0.40 PS 0.15,3199.0,8.0,100.0,0.0,E2,,,,,1.2,0.5,4,0.4,PS,0.15,4e-13,1.5e-13,4.394361435940092,1.8309839316417047,22O,0,0,1,1,True,0.0,1.3734
16,16,17,F,9,8,495.33,0.1,1/2,286 PS 6,495.32,0.1,100.0,0.0,[E2],,,,,25.0,0.5,1,286.0,PS,6.0,2.86e-10,6e-12,64.9166636503108,1.298333273006216,17F,5/2,5,1,1,True,-1.5451,0.0
17,17,18,F,9,9,937.2,0.06,3,46.9 PS 1.7,937.0,0.0,100.0,0.0,E2,,,,,5.8,0.2,6,46.9,PS,1.7,4.69e-11,1.6999999999999998e-12,16.25332756031579,0.560459571045372,18F,1,2,1,1,True,0.7299,0.7299
18,18,18,F,9,9,1121.36,0.15,5,162 NS 7,184.0,0.0,100.0,0.0,E2,,,,,5.78,0.25,10,162.0,NS,7.0,1.6200000000000002e-07,7.000000000000001e-09,16.197281603211252,0.7005744638067151,18F,3,6,1,1,True,-0.7026,-0.7026
19,19,18,F,9,9,3358.2,1.0,3,0.30 PS 0.02,1657.0,0.0,40.0,4.0,E2,,,,,21.0,3.0,6,0.3,PS,0.02,3e-13,2e-14,58.84825495976406,8.40689356568058,18F,1,2,2,2,True,-0.4746,-0.4746
20,20,18,F,9,9,3358.2,1.0,3,0.30 PS 0.02,3358.0,0.0,45.0,5.0,E2,,,,,0.69,0.09,6,0.3,PS,0.02,3e-13,2e-14,1.9335855201065333,0.2522068069704174,18F,1,2,2,1,True,0.0267,0.0267
21,21,18,F,9,9,4115.9,0.25,3,63 FS 15,4116.0,0.0,5.0,3.0,E2,,,,,0.15,0.04,6,63.0,FS,15.0,6.300000000000001e-14,1.5000000000000002e-14,0.420344678284029,0.1120919142090744,18F,1,2,3,1,True,0.1052,-0.1052
22,22,18,F,9,9,5297.6,1.5,4,21 FS 3,2775.0,0.0,78.0,3.0,E2,,,,,17.0,6.0,8,21.0,FS,3.0,2.1e-14,3.0000000000000002e-15,47.63906353885663,16.81378713136116,18F,2,4,2,1,True,-0.1659,0.1659
23,23,18,F,9,9,6310.5,0.8,3,0.95 KEV 0.14,2587.0,0.0,1.4,0.7,E2,,,,,9.0,5.0,6,0.95,KEV,0.14,4.802415518363747e-19,3.258781958889685e-18,25.220680697041743,14.011489276134302,18F,1,2,5,3,True,0.0124,-0.0124
24,24,18,F,9,9,6310.5,0.8,3,0.95 KEV 0.14,4610.0,0.0,3.0,0.8,E2,,,,,1.0,0.4,6,0.95,KEV,0.14,4.802415518363747e-19,3.258781958889685e-18,2.8022978552268603,1.120919142090744,18F,1,2,5,2,True,0.0323,-0.0323
25,25,18,F,9,9,6484.9,1.5,3,0.40 KEV 0.1,4784.0,0.0,4.0,2.0,E2,,,,,0.52,0.35,6,0.4,KEV,0.1,1.1405736856113897e-18,4.562294742445559e-18,1.4571948847179674,0.980804249329401,18F,1,2,6,2,True,0.0292,0.0292
27,27,19,F,9,10,197.143,0.004,5/2,89.3 NS 1,197.1,0.0,100.0,0.0,E2,,,,,6.95,0.08,5,89.3,NS,1.0,8.93e-08,1e-09,20.931831343807968,0.2409419435258471,19F,1/2,1,1,1,True,0.6377,1.2263
28,28,19,F,9,10,2779.849,0.034,9/2,194 FS 21,2582.7,0.0,100.0,0.0,E2,,,,,8.2,0.9,9,194.0,FS,21.0,1.94e-13,2.1e-14,24.69654921139933,2.71059686466578,19F,5/2,5,1,1,True,0.591,1.3573
29,29,19,F,9,10,4648.0,1.0,13/2,2.6 PS 0.3,1868.0,0.0,100.0,0.0,E2,,,,,3.2,0.4,13,2.6,PS,0.3,2.6000000000000002e-12,3e-13,9.637677741033883,1.2047097176292356,19F,9/2,9,1,1,True,0.5004,1.1395
30,30,19,F,9,10,6070.0,1.0,7/2,1.2 KEV,4516.0,0.0,1.0,1.0,E2,0.035,0.023,,,1.5,1.3,7,1.2,KEV,0.0,3.8019122853713e-19,,4.517661441109634,3.915306582295016,19F,3/2,3,3,1,True,0.6235,0.8712
31,31,19,F,9,10,6330.0,2.0,7/2,2.4 KEV,4776.0,0.0,8.5,1.5,E2,0.0,0.14,,,2.6,0.8,7,2.4,KEV,0.0,1.9009561426856504e-19,,7.830613164590032,2.4094194352584712,19F,3/2,3,4,1,True,-0.2984,-0.5159
32,32,20,F,9,11,822.73,0.03,4,55 PS 4,822.69,0.04,33.2,2.4,[E2],,,,,2.76,0.29,8,55.0,PS,4.0,5.5e-11,4e-12,8.900888564617361,0.9352382912097952,20F,2,4,1,1,True,0.3933,1.1097
33,33,21,F,9,12,279.93,0.06,1/2,6.1 NS 0.6,279.92,0.06,100.0,0.0,(E2),,,,,15.7,1.6,1,6.1,NS,0.6,6.1e-09,6e-10,54.03514646593363,5.506766518821262,21F,5/2,5,1,1,True,-1.0309,-2.3117
34,34,18,Ne,10,8,1887.3,0.2,2,0.46 PS 0.04,1887.0,0.0,100.0,0.0,E2,,,,,17.7,1.8,4,0.46,PS,0.04,4.600000000000003e-13,4e-14,49.60067203751542,5.044136139408349,18Ne,0,0,1,1,True,-1.309,0.0
35,35,18,Ne,10,8,3376.2,0.4,4,3.0 PS 0.4,1489.0,0.0,100.0,0.0,E2,,,,,8.9,1.2,8,3.0,PS,0.4,3e-12,4e-13,24.94045091151905,3.3627574262722324,18Ne,2,4,1,1,True,-1.1707,0.0
36,36,18,Ne,10,8,3576.3,2.0,0,3 PS 1,1689.0,0.0,100.0,0.0,E2,,,,,5.0,2.5,0,3.0,PS,1.0,3e-12,1e-12,14.011489276134302,7.005744638067151,18Ne,2,4,2,1,True,0.4431,0.0
37,37,18,Ne,10,8,3616.4,0.6,2,44 FS +21-14,3616.0,0.0,9.0,2.0,E2,,,,,0.66,0.33,4,44.0,FS,21.0,4.4e-14,2.1e-14,1.849516584449728,0.924758292224864,18Ne,0,0,2,1,True,0.2496,0.0
38,38,19,Ne,10,9,238.27,0.11,5/2,18.0 NS 0.5,238.3,0.0,100.0,0.0,E2,,,,,13.2,0.5,5,18.0,NS,0.5,1.8000000000000002e-08,5e-10,39.755420681764775,1.5058871470365445,19Ne,1/2,1,1,1,True,-1.2263,-0.6377
39,39,19,Ne,10,9,2794.7,0.6,9/2,97 FS 24,2556.4,0.0,100.0,0.0,E2,,,,,17.0,4.0,9,97.0,FS,24.0,9.7e-14,2.4e-14,51.20016299924252,12.047097176292356,19Ne,5/2,5,1,1,True,-1.3573,-0.591
40,40,20,Ne,10,10,1633.674,0.015,2,0.73 PS 0.04,1633.602,0.015,100.0,0.0,[E2],,,,,20.3,1.0,4,0.73,PS,0.04,7.299999999999999e-13,4e-14,65.46668038468567,3.2249596248613632,20Ne,0,0,1,1,True,-1.2321,-1.2321
41,41,20,Ne,10,10,4247.7,1.1,4,64 FS 6,2613.8,1.1,100.0,0.0,[E2],,,,,22.0,2.0,8,64.0,FS,6.0,6.4e-14,6.000000000000001e-15,70.94911174695,6.449919249722727,20Ne,2,4,1,1,True,-1.3385,-1.3385
42,42,20,Ne,10,10,8777.6,2.2,6,0.11 KEV 0.02,4529.3,2.5,100.0,0.0,[E2],,,,,20.0,3.0,12,0.11,KEV,0.02,4.147540674950509e-18,2.28114737122278e-17,64.49919249722727,9.67487887458409,20Ne,4,8,1,1,True,-1.1542,-1.1542
43,43,20,Ne,10,10,11951.0,4.0,8,0.035 KEV 0.01,3173.0,5.0,100.0,0.0,[E2],,,,,9.0,1.3,16,0.035,KEV,0.01,1.303512783555874e-17,4.56229474244556e-17,29.02463662375227,4.192447512319772,20Ne,6,12,1,1,True,0.9528,0.9528
44,44,22,Ne,10,12,1274.537,0.007,2,3.60 PS 0.05,1274.537,0.007,100.0,0.0,E2,,,,,12.76,0.18,4,3.6,PS,0.05,3.6e-12,5e-14,46.72670993549632,0.6591542153910138,22Ne,0,0,1,1,True,-1.1052,-1.4851
45,45,22,Ne,10,12,3357.2,0.5,4,225 FS 4,2082.6,0.5,100.0,0.0,E2,,,,,17.5,0.4,8,225.0,FS,4.0,2.2500000000000005e-13,4e-15,64.08443760745968,1.4647871453133643,22Ne,2,4,1,1,True,-1.341,-1.5607
46,46,22,Ne,10,12,4456.2,0.9,2,3.7 FS 2.5,4455.7,0.0,3.1,2.1,E2,,,,,0.7,0.5,4,3.7,FS,2.5,3.7e-15,2.5000000000000004e-15,2.563377504298387,1.8309839316417047,22Ne,0,0,2,1,True,-0.4654,0.0438
47,47,22,Ne,10,12,5523.3,0.6,4,21 FS 3,4247.9,1.0,1.6,0.3,E2,,,,,0.084,0.02,8,21.0,FS,3.0,2.1e-14,3.0000000000000002e-15,0.3076053005158065,0.0732393572656682,22Ne,2,4,2,1,True,-0.154,-0.0372
48,48,22,Ne,10,12,6311.0,1.0,6,49 FS 4,2953.6,0.0,100.0,0.0,[E2],,,,,14.0,1.2,12,49.0,FS,4.0,4.9000000000000006e-14,4e-15,51.26755008596774,4.394361435940092,22Ne,4,8,1,1,True,1.1686,1.5283
49,49,23,Ne,10,13,1016.926,0.02,1/2,178 PS 10,1016.9,0.02,100.0,0.0,[E2],,,,,0.75,0.05,1,178.0,PS,10.0,1.78e-10,1e-11,2.91417748846706,0.1942784992311373,23Ne,5/2,5,1,1,True,0.1541,1.1222
50,50,24,Ne,10,14,1981.6,0.4,2,660 FS 150,1981.6,0.4,100.0,0.0,E2,,,,,6.8,1.6,4,660.0,FS,150.0,6.6e-13,1.5000000000000004e-13,27.964572801915228,6.579899482803583,24Ne,0,0,1,1,True,1.026,1.1944
51,51,28,Ne,10,18,1304.0,3.0,2,5.7 PS 1,1304.0,3.0,100.0,0.0,E2,,,,,5.0,0.8,4,5.7,PS,1.0,5.7e-12,1e-12,25.25408669693964,4.040653871510342,28Ne,0,0,1,1,True,-1.0413,-0.7462
52,52,21,Na,11,10,1716.1,0.3,7/2,37 FS 8,1715.9,0.7,7.5,2.2,[E2],,,,,21.0,8.0,7,37.0,FS,8.0,3.7e-14,8e-15,72.27631055952905,27.533832594106308,21Na,3/2,3,1,1,True,1.1018,0.9466
53,53,22,Na,11,11,583.05,0.1,1,243 NS 2,583.04,0.1,100.0,0.0,E2,,,,,0.00944,8e-05,2,243.0,NS,2.0,2.43e-07,2e-09,0.0345689766293954,0.0002929574290626,22Na,3,6,1,1,True,-0.0189,-0.0189
54,54,22,Na,11,11,1528.1,0.3,5,3.42 PS 0.24,1528.1,0.2,100.0,1.3,E2,,,0.000105,,5.2,0.4,10,3.42,PS,0.24,3.42e-12,2.4e-13,19.04223288907373,1.4647871453133643,22Na,3,6,1,1,True,-0.7897,-0.7897
55,55,22,Na,11,11,1936.9,0.2,1,13 FS 4,1936.8,0.0,0.59,0.06,[E2],,,,,2.6,0.9,2,13.0,FS,4.0,1.3e-14,4e-15,9.521116444536869,3.295771076955069,22Na,3,6,2,1,True,0.626,0.626
56,56,22,Na,11,11,1951.8,0.3,2,8 FS 2,1294.8,0.0,0.29,0.05,[E2],,,,,15.0,5.0,4,8.0,FS,2.0,8e-15,2e-15,54.92951794925116,18.30983931641705,22Na,0,0,1,1,True,-1.2951,-1.2951
57,57,22,Na,11,11,1983.5,0.5,3,1.47 PS 0.15,1400.4,0.5,100.0,0.3,E2,,,6.24e-05,9e-07,18.9,2.0,6,1.47,PS,0.15,1.47e-12,1.5e-13,69.21119261605645,7.323935726566821,22Na,1,2,2,1,True,-1.4449,-1.4449
58,58,22,Na,11,11,3706.7,0.4,6,59 FS 12,2815.8,0.3,100.0,9.0,E2,,,0.000705,,11.0,3.0,12,59.0,FS,12.0,5.9e-14,1.2e-14,40.28164649611751,10.985903589850231,22Na,4,8,1,1,True,0.9648,0.9648
59,59,22,Na,11,11,4710.0,0.4,5,37 FS 14,2726.0,0.4,100.0,4.0,E2,,,0.000664,,14.0,6.0,10,37.0,FS,14.0,3.7e-14,1.4e-14,51.26755008596774,21.971807179700463,22Na,3,6,3,2,True,-1.0196,-1.0196
60,60,22,Na,11,11,4710.0,0.4,5,37 FS 14,1741.3,0.0,10.0,2.0,E2,,,0.000196,,14.0,6.0,10,37.0,FS,14.0,3.7e-14,1.4e-14,51.26755008596774,21.971807179700463,22Na,3,6,3,3,True,0.5726,0.5726
61,61,22,Na,11,11,5100.4,1.3,4,38 FS 12,2039.1,0.0,49.0,6.0,(E2),,,0.000337,,21.0,8.0,8,38.0,FS,12.0,3.8e-14,1.2e-14,76.90132512895161,29.29574290626728,22Na,2,4,3,2,True,1.3789,1.3789
62,62,23,Na,11,12,2076.2,0.4,7/2,27 FS 3,2076.7,0.8,9.77,0.11,E2,,,0.000355,,12.2,1.5,7,27.0,FS,3.0,2.7e-14,3.0000000000000002e-15,47.40395381239751,5.82835497693412,23Na,3/2,3,1,1,True,-1.0026,-1.1886
63,63,23,Na,11,12,2390.9,0.3,1/2,0.60 PS 0.14,1950.6,0.4,52.2,0.6,E2,,,0.000294,,2.9,0.7,1,0.6,PS,0.14,6e-13,1.4e-13,11.268152955405965,2.7198989892359227,23Na,5/2,5,1,1,True,0.5171,1.0317
64,64,23,Na,11,12,2703.8,0.5,9/2,88 FS 7,2263.3,0.8,100.0,0.5,E2,,,0.000446,,17.4,1.4,9,88.0,FS,7.0,8.8e-14,7e-15,67.60891773243578,5.439797978471845,23Na,5/2,5,1,1,True,1.2001,1.5171
65,65,23,Na,11,12,3914.6,0.4,5/2,6.9 FS 1.4,1523.0,1.0,1.38,0.13,[E2],,,0.000103,,28.0,7.0,5,6.9,FS,1.4,6.900000000000001e-15,1.4e-15,108.7959595694369,27.198989892359226,23Na,1/2,1,2,1,True,1.1608,1.3465
66,66,23,Na,11,12,5534.2,0.6,11/2,10.4 FS 0.6,3458.0,1.0,27.5,0.7,E2,,,0.000976,,6.0,4.0,11,10.4,FS,0.6,1.0400000000000002e-14,6e-16,23.31341990773648,15.542279938490989,23Na,7/2,7,1,1,True,-1.237,-1.3542
67,67,23,Na,11,12,6115.1,0.6,11/2,35 FS 9,4038.0,1.0,30.0,3.0,[E2],,,0.00118,,0.89,0.25,11,35.0,FS,9.0,3.5e-14,9.000000000000001e-15,3.4581572863142447,0.9713924961556868,23Na,7/2,7,2,1,True,-0.3371,-0.3237
68,68,23,Na,11,12,6235.4,0.6,13/2,16 FS 8,3531.0,1.0,100.0,1.2,(E2),,,0.001,,15.0,8.0,13,16.0,FS,8.0,1.6e-14,8e-15,58.2835497693412,31.084559876981974,23Na,9/2,9,1,1,True,-1.0054,-1.3005
69,69,23,Na,11,12,6735.5,0.2,3/2,415 AS 50,4658.8,0.0,71.0,13.0,[E2],,,0.00139,,43.0,11.0,3,415.0,AS,50.0,4.15e-16,5.0000000000000005e-17,167.0795093387781,42.74126983085021,23Na,7/2,7,4,1,True,-0.1137,-0.3049
70,70,23,Na,11,12,7268.1,0.6,13/2,18 FS 6,4564.0,1.0,100.0,3.0,E2,,,0.00136,,1.8,0.6,13,18.0,FS,6.0,1.8000000000000002e-14,6.000000000000001e-15,6.994025972320944,2.331341990773648,23Na,9/2,9,2,1,True,0.5269,0.8118
73,73,25,Na,11,14,1069.32,0.19,1/2,1.32 PS 0.14,1069.3,0.0,12.4,1.1,[E2],,,,,7.1,1.1,1,1.32,PS,0.14,1.32e-12,1.4e-13,30.83159419828129,4.776725861705553,25Na,5/2,5,1,1,True,-0.9873,-1.3333
74,74,26,Na,11,15,82.2,0.6,1,9 US 2,84.0,3.0,100.0,0.0,E2,,,,,3.6,0.9,2,9.0,US,2.0,9e-06,2e-06,16.47218655919093,4.118046639797733,26Na,3,6,1,1,True,-1.0249,-0.8159
75,75,22,Mg,12,10,1247.02,0.03,2,2.0 PS 0.8,1246.98,0.03,100.0,0.0,E2,,,,,26.0,11.0,4,2.0,PS,0.8,2e-12,8e-13,95.21116444536868,40.28164649611751,22Mg,0,0,1,1,True,1.4851,1.1052
76,76,22,Mg,12,10,3308.22,0.06,4,200 FS 45,2061.09,0.05,100.0,0.0,E2,,,,,21.0,5.0,8,200.0,FS,45.0,2e-13,4.5e-14,76.90132512895161,18.30983931641705,22Mg,2,4,1,1,True,-1.5607,-1.341
77,77,23,Mg,12,11,2357.0,0.7,1/2,575 FS 118,1906.0,1.0,100.0,4.0,[E2],,,0.000274,,6.9,1.8,1,575.0,FS,118.0,5.750000000000001e-13,1.18e-13,26.810432893896955,6.994025972320944,23Mg,5/2,5,1,1,True,-1.0317,-0.5171
78,78,23,Mg,12,11,2714.5,0.5,9/2,65 FS 8,2263.0,1.0,100.0,0.7,[E2],,,,,26.5,3.7,9,65.0,FS,8.0,6.5e-14,8e-15,102.9676045925028,14.376608943104165,23Mg,5/2,5,1,1,True,-1.5171,-1.2001
80,80,24,Mg,12,12,1368.672,0.005,2,1.33 PS 0.06,1368.626,0.005,100.0,0.0,E2,,,1.3e-05,3e-06,21.5,1.0,4,1.33,PS,0.06,1.33e-12,6e-14,88.41739930017314,4.112437176752239,24Mg,0,0,1,1,True,-1.4833,-1.4833
81,81,24,Mg,12,12,4122.889,0.012,4,22 FS 2,2754.007,0.011,100.0,0.0,E2,,,,,39.0,4.0,8,22.0,FS,2.0,2.2e-14,2e-15,160.38504989333734,16.449748707008958,24Mg,2,4,1,1,True,-1.6977,-1.6977
82,82,24,Mg,12,12,4238.24,0.03,2,41 FS 4,4237.96,0.06,100.0,0.6,E2,,,,,1.94,0.19,4,41.0,FS,4.0,4.1e-14,4e-15,7.978128122899344,0.7813630635829255,24Mg,0,0,2,1,True,0.4522,0.4522
83,83,24,Mg,12,12,6432.3,0.11,0,53 FS 8,2193.4,0.6,21.1,0.9,E2,,,,,8.9,1.4,0,53.0,FS,8.0,5.3e-14,8e-15,36.60069087309493,5.757412047453135,24Mg,2,4,2,2,True,-0.6526,-0.6526
84,84,25,Mg,12,13,585.045,0.021,1/2,3.38 NS 0.06,585.028,0.03,100.0,0.0,E2,,,,,0.563,0.01,1,3.38,NS,0.06,3.38e-09,6e-11,2.4448151455820235,0.0434247805609595,25Mg,5/2,5,1,1,True,-0.1598,-0.8185
85,85,25,Mg,12,13,1964.624,0.023,5/2,0.70 PS 0.06,1379.543,0.03,100.0,2.2,E2,,,,,15.8,1.4,5,0.7,PS,0.06,6.999999999999999e-13,6e-14,68.61115328631612,6.079469278534339,25Mg,1/2,1,2,1,True,1.4525,1.4461
86,86,25,Mg,12,13,2563.36,0.05,1/2,10 FS 5,2563.6,0.4,5.0,1.4,E2,,,,,4.0,3.0,1,10.0,FS,5.0,1.0000000000000002e-14,5.000000000000001e-15,17.369912224383828,13.027434168287872,25Mg,5/2,5,2,1,True,-0.5229,-1.168
87,87,25,Mg,12,13,2737.8,0.3,7/2,290 FS 30,1763.5,0.7,100.0,2.3,E2,,,,,22.9,2.5,7,290.0,FS,30.0,2.9000000000000013e-13,3.0000000000000005e-14,99.4427474845974,10.856195140239892,25Mg,3/2,3,2,1,True,1.5116,1.6961
88,88,25,Mg,12,13,3405.06,0.17,9/2,7.7 FS 0.7,3404.7,0.4,22.7,2.0,E2,,,,,6.8,0.9,9,7.7,FS,0.7,7.700000000000001e-15,7e-16,29.52885078145251,3.9082302504863615,25Mg,5/2,5,1,1,True,-1.1164,-0.8608
89,89,25,Mg,12,13,4059.6,0.3,9/2,47 FS 5,4058.9,0.5,100.0,1.7,E2,,,,,1.51,0.17,9,47.0,FS,5.0,4.7e-14,5.000000000000001e-15,6.557141864704895,0.7382212695363127,25Mg,5/2,5,2,1,True,-0.2907,-0.5252
90,90,25,Mg,12,13,4711.6,0.4,9/2,26 FS 3,2746.9,0.5,100.0,1.1,E2,,,,,30.0,5.0,9,26.0,FS,3.0,2.6000000000000003e-14,3.0000000000000002e-15,130.2743416828787,21.712390280479784,25Mg,5/2,5,3,2,True,1.6696,1.6328
91,91,25,Mg,12,13,5251.63,0.22,11/2,15 FS 2,3639.5,0.3,100.0,3.0,E2,,,,,5.1,1.2,11,15.0,FS,2.0,1.5000000000000002e-14,2e-15,22.14663808608938,5.210973667315148,25Mg,7/2,7,1,1,True,0.7382,0.7964
92,92,25,Mg,12,13,5251.63,0.22,11/2,15 FS 2,2515.7,1.2,32.0,3.0,[E2],,,,,10.5,1.8,11,15.0,FS,2.0,1.5000000000000002e-14,2e-15,45.59601958900755,7.816460500972723,25Mg,7/2,7,1,2,True,-0.6777,-0.7022
94,94,25,Mg,12,13,5533.8,0.4,11/2,6 FS 2,3922.0,1.1,61.0,6.0,[E2],,,,,9.0,4.0,11,6.0,FS,2.0,6.000000000000001e-15,2e-15,39.08230250486361,17.369912224383828,25Mg,7/2,7,2,1,True,0.9299,0.6679
95,95,26,Mg,12,14,1808.74,0.04,2,476 FS 21,1808.68,0.04,100.0,0.0,E2,,,,,13.4,0.6,4,476.0,FS,21.0,4.76e-13,2.1e-14,61.31313885921069,2.7453644265318218,26Mg,0,0,1,1,True,1.4828,1.0093
96,96,26,Mg,12,14,2938.33,0.04,2,141 FS 8,2938.15,0.05,10.7,0.6,E2,,,,,0.39,0.04,4,141.0,FS,8.0,1.41e-13,8e-15,1.7844868772456843,0.1830242951021214,26Mg,0,0,2,1,True,0.0962,0.9687
97,97,26,Mg,12,14,3588.56,0.09,0,6.45 PS 0.48,1779.74,0.08,100.0,0.0,E2,,,,,1.07,0.08,0,6.45,PS,0.48,6.45e-12,4.8e-13,4.895899893981749,0.3660485902042429,26Mg,2,4,2,1,True,-0.0268,-0.6559
98,98,26,Mg,12,14,4318.89,0.05,4,272 FS 16,2510.01,0.05,100.0,2.0,[E2],,,,,4.5,0.3,8,272.0,FS,16.0,2.72e-13,1.6e-14,20.590233198988663,1.3726822132659109,26Mg,2,4,1,1,True,0.7941,0.4914
99,99,26,Mg,12,14,4332.52,0.05,2,20 FS 3,4332.2,0.3,7.6,0.8,[E2],,,,,0.24,0.05,4,20.0,FS,3.0,2.0000000000000003e-14,3.0000000000000002e-15,1.0981457706127289,0.2287803688776518,26Mg,0,0,3,1,True,0.0487,0.2075
100,100,26,Mg,12,14,4835.13,0.05,2,28 FS 6,4834.61,0.18,10.8,0.9,E2,,,,,0.15,0.04,4,28.0,FS,6.0,2.8e-14,6.000000000000001e-15,0.6863411066329554,0.1830242951021214,26Mg,0,0,4,1,True,0.2967,-0.211
101,101,26,Mg,12,14,4901.44,0.07,4,29 FS 6,3092.31,0.11,100.0,1.0,[E2],,,,,14.0,3.0,8,29.0,FS,6.0,2.9e-14,6.000000000000001e-15,64.05850328574252,13.726822132659107,26Mg,2,4,2,1,True,1.2782,1.2061
102,102,26,Mg,12,14,4901.44,0.07,4,29 FS 6,1962.99,0.24,1.89,0.14,[E2],,,,,2.5,0.6,8,29.0,FS,6.0,2.9e-14,6.000000000000001e-15,11.439018443882592,2.7453644265318218,26Mg,2,4,2,2,True,0.6268,0.4704
103,103,26,Mg,12,14,4972.3,0.13,0,446 FS 70,3163.35,0.0,8.0,4.0,E2,,,,,0.06,0.04,0,446.0,FS,70.0,4.46e-13,7e-14,0.2745364426531821,0.1830242951021214,26Mg,2,4,3,1,True,0.091,0.0925
104,104,26,Mg,12,14,4972.3,0.13,0,446 FS 70,2033.88,0.12,100.0,4.0,E2,,,,,7.4,1.3,0,446.0,FS,70.0,4.46e-13,7e-14,33.85949459389247,5.948289590818948,26Mg,2,4,3,2,True,0.8289,1.2806
105,105,26,Mg,12,14,5476.05,0.07,4,21 FS 6,3667.4,0.5,25.0,2.0,[E2],,,,,1.1,0.4,8,21.0,FS,6.0,2.1e-14,6.000000000000001e-15,5.0331681153083405,1.8302429510212148,26Mg,2,4,3,1,True,-0.443,-0.5358
106,106,26,Mg,12,14,5715.91,0.08,4,53 FS 16,2776.82,0.2,51.4,1.4,[E2],,,,,1.7,0.5,8,53.0,FS,16.0,5.3e-14,1.6e-14,7.778532541840162,2.2878036887765183,26Mg,2,4,4,2,True,0.515,0.0008
107,107,26,Mg,12,14,6256.2,1.4,0,53 FS 31,4447.1,0.0,100.0,4.0,E2,,,,,1.2,0.8,0,53.0,FS,31.0,5.3e-14,3.1e-14,5.490728853063644,3.6604859020424296,26Mg,2,4,4,1,True,0.4595,0.3209
108,108,26,Mg,12,14,6622.94,0.14,4,19 FS 5,2290.2,0.3,26.2,1.4,[E2],,,,,12.0,4.0,8,19.0,FS,5.0,1.9e-14,5.000000000000001e-15,54.90728853063644,18.302429510212143,26Mg,2,4,5,3,True,-1.1766,-1.4473
109,109,26,Mg,12,14,6978.3,0.8,5,14 FS 5,3036.5,0.0,28.0,4.0,E2,,,,,4.8,1.9,10,14.0,FS,5.0,1.4e-14,5.000000000000001e-15,21.96291541225457,8.693654017350768,26Mg,3,6,1,1,True,-0.7687,-0.5944
110,110,26,Mg,12,14,6978.3,0.8,5,14 FS 5,2628.1,0.0,9.0,2.0,[E2],,,,,3.2,1.4,10,14.0,FS,5.0,1.4e-14,5.000000000000001e-15,14.64194360816972,6.4058503285742505,26Mg,3,6,1,2,True,-0.4202,-0.2369
111,111,27,Mg,12,15,1698.52,0.08,5/2,0.81 PS 0.17,1698.46,0.23,100.0,6.0,E2,,,,,10.1,2.3,5,0.81,PS,0.17,8.100000000000002e-13,1.7e-13,48.59862854133585,11.067014420304202,27Mg,1/2,1,1,1,True,1.0317,0.8847
112,112,28,Mg,12,16,1473.54,0.1,2,1.2 PS 0.1,1473.5,0.1,100.0,0.0,E2,,,,,13.4,1.2,4,1.2,PS,0.1,1.2e-12,1e-13,67.68095234779823,6.060980807265512,28Mg,0,0,1,1,True,-1.3531,-1.0781
113,113,28,Mg,12,16,3862.15,0.14,0,0.55 PS 0.07,2388.5,0.1,100.0,0.0,E2,,,,,2.6,0.4,0,0.55,PS,0.07,5.500000000000001e-13,7e-14,13.13212508240861,2.020326935755171,28Mg,2,4,2,1,True,0.2528,0.9005
114,114,28,Mg,12,16,4021.0,0.5,4,105 FS 35,2547.7,0.6,100.0,0.0,(E2),,,,,10.0,4.0,8,105.0,FS,35.0,1.0500000000000001e-13,3.5e-14,50.50817339387927,20.203269357551708,28Mg,2,4,1,1,True,1.408,1.2146
115,115,28,Mg,12,16,5702.1,0.7,0,0.21 PS 0.03,4227.9,0.0,28.5,1.6,[E2],,,,,0.077,0.012,0,0.21,PS,0.03,2.1e-13,3e-14,0.3889129351328704,0.0606098080726551,28Mg,2,4,3,1,True,0.3162,0.2159
116,116,30,Mg,12,18,1482.8,0.3,2,1.5 PS 0.2,1482.1,0.5,100.0,0.0,E2,,,,,9.5,1.3,4,1.5,PS,0.2,1.5e-12,2e-13,52.6061153028951,7.198731567764592,30Mg,0,0,1,1,True,1.2846,0.7186
117,117,30,Mg,12,18,1788.2,0.4,0,3.9 NS 0.4,305.5,0.3,100.0,0.0,E2,,,,,9.8,1.1,0,3.9,NS,0.4,3.9e-09,4.0000000000000007e-10,54.26736104930232,6.091234403493117,30Mg,2,4,2,1,True,-0.0567,0.063
118,118,32,Mg,12,20,885.3,0.1,2,11.4 PS 2,885.3,0.1,100.0,0.0,(E2),,,,,15.0,3.0,4,11.4,PS,2.0,1.14e-11,2e-12,90.5264558219034,18.10529116438068,32Mg,0,0,1,1,True,1.2378,0.0
119,119,25,Al,13,12,451.7,0.5,1/2,2.29 NS 0.04,451.7,0.5,100.0,0.0,[E2],,,,,3.03,0.06,1,2.29,NS,0.04,2.29e-09,4e-11,13.15770850997075,0.2605486833657574,25Al,5/2,5,1,1,True,-0.8185,-0.1598
120,120,25,Al,13,12,3424.2,0.8,9/2,9.0 FS 1.4,3423.9,0.8,19.0,5.0,E2,,,,,4.8,1.6,9,9.0,FS,1.4,9.000000000000001e-15,1.4e-15,20.843894669260592,6.947964889753532,25Al,5/2,5,1,1,True,-0.8608,-1.1164
121,121,26,Al,13,13,416.852,0.003,3,1.20 NS 0.01,416.848,0.0,100.0,0.0,[E2],,,,,8.19,0.12,6,1.2,NS,0.01,1.2e-09,1e-11,37.47422442215937,0.5490728853063643,26Al,5,10,1,1,True,1.1943,1.1943
122,122,26,Al,13,13,1850.62,0.03,1,32 FS 3,1433.73,0.0,0.7,0.1,[E2],,,,,4.4,0.8,2,32.0,FS,3.0,3.2e-14,3.0000000000000002e-15,20.13267246123336,3.6604859020424296,26Al,3,6,2,1,True,-1.236,-1.236
123,123,26,Al,13,13,2069.47,0.03,2,14 FS 2,1841.09,0.0,4.0,0.5,E2,,,,,12.6,2.4,4,14.0,FS,2.0,1.4e-14,2e-15,57.65265295716826,10.981457706127289,26Al,0,0,2,1,True,-1.2461,-1.2461
124,124,26,Al,13,13,2071.64,0.04,1,367 FS 69,1654.73,0.0,11.9,1.0,[E2],,,,,2.9,0.6,2,367.0,FS,69.0,3.670000000000001e-13,6.900000000000002e-14,13.269261394903806,2.7453644265318218,26Al,3,6,3,1,True,-0.0453,-0.0453
125,125,26,Al,13,13,2365.15,0.018,3,0.8 PS 0.2,1307.375,0.0,26.9,0.8,[E2],,,,,5.5,1.4,6,0.8,PS,0.2,8e-13,2e-13,25.1658405765417,6.4058503285742505,26Al,1,2,2,1,True,0.5454,0.5454
126,126,26,Al,13,13,2365.15,0.018,3,0.8 PS 0.2,2365.034,0.0,1.75,0.08,[E2],,,,,0.019,0.005,6,0.8,PS,0.2,8e-13,2e-13,0.0869365401735076,0.0228780368877651,26Al,5,10,2,1,True,-0.0224,-0.0224
127,127,26,Al,13,13,2545.367,0.017,3,0.69 PS 0.17,2545.232,0.0,0.31,0.09,[E2],,,,,0.0035,0.0014,6,0.69,PS,0.17,6.899999999999999e-13,1.7e-13,0.0160146258214356,0.0064058503285742,26Al,5,10,3,1,True,0.0333,0.0333
128,128,26,Al,13,13,2545.367,0.017,3,0.69 PS 0.17,1487.582,0.0,3.7,0.3,[E2],,,,,0.62,0.16,6,0.69,PS,0.17,6.899999999999999e-13,1.7e-13,2.8368765740828827,0.7320971804084858,26Al,1,2,3,1,True,-0.0152,-0.0152
129,129,26,Al,13,13,2740.03,0.03,1,31 FS 3,2323.07,0.0,0.81,0.2,[E2],,,,,0.47,0.13,2,31.0,FS,3.0,3.1e-14,3.0000000000000002e-15,2.150535467449928,0.5948289590818948,26Al,3,6,4,1,True,0.4804,0.4804
130,130,26,Al,13,13,3073.63,0.04,3,194 FS 31,3073.43,0.0,0.95,0.11,[E2],,,,,0.018,0.004,6,194.0,FS,31.0,1.94e-13,3.1e-14,0.0823609327959546,0.0183024295102121,26Al,5,10,4,1,True,-0.0737,-0.0737
131,131,26,Al,13,13,3073.63,0.04,3,194 FS 31,2015.81,0.0,14.7,0.5,[E2],,,,,2.3,0.4,6,194.0,FS,31.0,1.94e-13,3.1e-14,10.523896968371984,1.8302429510212148,26Al,1,2,4,1,True,-0.7833,-0.7833
132,132,26,Al,13,13,3073.63,0.04,3,194 FS 31,1222.98,0.0,3.23,0.1,[E2],,,,,6.3,1.1,6,194.0,FS,31.0,1.94e-13,3.1e-14,28.82632647858413,5.0331681153083405,26Al,1,2,4,2,True,-0.0834,-0.0834
133,133,26,Al,13,13,3159.889,0.013,2,3.5 FS 0.7,2931.406,0.0,0.69,0.08,E2,,,,,0.72,0.17,4,3.5,FS,0.7,3.5e-15,7e-16,3.294437311838186,0.7778532541840163,26Al,0,0,5,1,True,-0.5325,-0.5325
134,134,26,Al,13,13,3402.65,0.06,5,67 FS 12,1037.48,0.0,0.84,0.11,[E2],,,,,7.4,1.7,10,67.0,FS,12.0,6.7e-14,1.2e-14,33.85949459389247,7.778532541840162,26Al,3,6,2,2,True,-0.7395,-0.7395
135,135,26,Al,13,13,3402.65,0.06,5,67 FS 12,2985.61,0.0,100.0,1.8,[E2],,,,,4.4,0.8,10,67.0,FS,12.0,6.7e-14,1.2e-14,20.13267246123336,3.6604859020424296,26Al,3,6,2,1,True,0.6443,0.6443
137,137,26,Al,13,13,3596.34,0.04,3,18 FS 3,3596.07,0.0,4.02,0.22,[E2],,,,,0.42,0.08,6,18.0,FS,3.0,1.8000000000000002e-14,3.0000000000000002e-15,1.921755098572276,0.3660485902042429,26Al,5,10,5,1,True,-0.0523,-0.0523
138,138,26,Al,13,13,3596.34,0.04,3,18 FS 3,2538.47,0.0,3.48,0.11,[E2],,,,,2.1,0.4,6,18.0,FS,3.0,1.8000000000000002e-14,3.0000000000000002e-15,9.608775492861378,1.8302429510212148,26Al,1,2,5,1,True,0.4027,0.4027
139,139,26,Al,13,13,3596.34,0.04,3,18 FS 3,1745.66,0.0,1.07,0.07,[E2],,,,,4.2,0.8,6,18.0,FS,3.0,1.8000000000000002e-14,3.0000000000000002e-15,19.21755098572276,3.6604859020424296,26Al,1,2,5,2,True,-0.4043,-0.4043
140,140,26,Al,13,13,3674.92,0.05,4,155 FS 20,1915.81,0.0,48.0,1.4,[E2],,,,,8.5,1.2,8,155.0,FS,20.0,1.5500000000000002e-13,2.0000000000000003e-14,38.89266270920081,5.490728853063644,26Al,2,4,2,1,True,0.8953,0.8953
141,141,26,Al,13,13,3680.68,0.06,3,8.3 FS 1.4,3680.4,0.0,0.77,0.08,[E2],,,,,0.16,0.04,6,8.3,FS,1.4,8.300000000000002e-15,1.4e-15,0.7320971804084858,0.1830242951021214,26Al,5,10,6,1,True,0.2151,0.2151
142,142,26,Al,13,13,3680.68,0.06,3,8.3 FS 1.4,2622.8,0.0,2.79,0.21,[E2],,,,,3.1,0.6,6,8.3,FS,1.4,8.300000000000002e-15,1.4e-15,14.184382870414414,2.7453644265318218,26Al,1,2,6,1,True,0.3499,0.3499
143,143,26,Al,13,13,3680.68,0.06,3,8.3 FS 1.4,1829.99,0.0,0.19,0.04,[E2],,,,,1.3,0.4,6,8.3,FS,1.4,8.300000000000002e-15,1.4e-15,5.948289590818948,1.8302429510212148,26Al,1,2,6,2,True,-0.7023,-0.7023
144,144,26,Al,13,13,3962.83,0.05,3,37 FS 5,3962.5,0.0,7.9,0.4,[E2],,,,,0.19,0.03,6,37.0,FS,5.0,3.7e-14,5.000000000000001e-15,0.8693654017350769,0.137268221326591,26Al,5,10,7,1,True,-0.2534,-0.2534
145,145,26,Al,13,13,3962.83,0.05,3,37 FS 5,2904.92,0.0,15.9,0.6,[E2],,,,,1.8,0.3,6,37.0,FS,5.0,3.7e-14,5.000000000000001e-15,8.236093279595465,1.3726822132659109,26Al,1,2,7,1,True,0.4769,0.4769
146,146,26,Al,13,13,3962.83,0.05,3,37 FS 5,2112.12,0.0,2.3,0.3,[E2],,,,,1.28,0.25,6,37.0,FS,5.0,3.7e-14,5.000000000000001e-15,5.856777443267887,1.1439018443882591,26Al,1,2,7,2,True,-0.1412,-0.1412
147,147,26,Al,13,13,3962.83,0.05,3,37 FS 5,1222.77,0.0,0.7,0.3,[E2],,,,,6.0,3.0,6,37.0,FS,5.0,3.7e-14,5.000000000000001e-15,27.45364426531821,13.726822132659107,26Al,1,2,7,4,True,-0.0775,-0.0775
148,148,26,Al,13,13,4191.92,0.06,3,5 FS 2,4191.56,0.0,0.41,0.1,[E2],,,,,0.046,0.022,6,5.0,FS,2.0,5.000000000000001e-15,2e-15,0.2104779393674397,0.1006633623061667,26Al,5,10,8,1,True,-0.2122,0.2122
149,149,26,Al,13,13,4205.86,0.05,4,62 FS 10,2446.7,0.0,1.67,0.11,[E2],,,,,0.25,0.05,8,62.0,FS,10.0,6.2e-14,1.0000000000000002e-14,1.1439018443882591,0.2287803688776518,26Al,2,4,3,1,True,0.192,0.192
150,150,26,Al,13,13,4205.86,0.05,4,62 FS 10,1544.89,0.0,12.3,0.8,[E2],,,,,18.0,4.0,8,62.0,FS,10.0,6.2e-14,1.0000000000000002e-14,82.36093279595465,18.302429510212143,26Al,2,4,3,3,True,-1.2427,-1.2427
151,151,26,Al,13,13,4205.86,0.05,4,62 FS 10,1292.43,0.0,0.95,0.08,[E2],,,,,3.5,0.7,8,62.0,FS,10.0,6.2e-14,1.0000000000000002e-14,16.01462582143563,3.2029251642871253,26Al,2,4,3,4,True,0.119,0.119
152,152,26,Al,13,13,4349.34,0.07,3,9 FS 3,3291.38,0.0,1.9,0.2,[E2],,,,,0.64,0.23,6,9.0,FS,3.0,9.000000000000001e-15,3.0000000000000002e-15,2.928388721633944,1.0523896968371984,26Al,1,2,9,1,True,0.6488,0.6488
153,153,26,Al,13,13,4349.34,0.07,3,9 FS 3,4348.95,0.0,0.64,0.11,[E2],,,,,0.053,0.02,6,9.0,FS,3.0,9.000000000000001e-15,3.0000000000000002e-15,0.2425071910103109,0.0915121475510607,26Al,5,10,9,1,True,0.1111,0.1111
174,174,27,Al,13,14,843.76,0.09,1/2,35 PS 1,843.76,0.1,100.0,0.0,E2,,,,,7.86,0.23,1,35.0,PS,1.0,3.5e-11,1e-12,37.82031884503959,1.1067014420304204,27Al,5/2,5,1,1,True,-1.0727,-1.5943
175,175,27,Al,13,14,3004.2,0.8,9/2,59 FS 3,3004.0,0.9,100.0,2.0,E2,,,,,7.1,0.4,9,59.0,FS,3.0,5.9e-14,3.0000000000000002e-15,34.16339234093906,1.9246981600529047,27Al,5/2,5,1,1,True,-0.8822,-1.5238
176,176,27,Al,13,14,4510.3,0.5,11/2,222 FS 14,2299.0,0.8,100.0,3.0,(E2),,,,,5.6,0.7,11,222.0,FS,14.0,2.2200000000000001e-13,1.4e-14,26.94577424074067,3.368221780092584,27Al,7/2,7,1,1,True,0.888,0.9235
178,178,28,Al,13,15,972.35,0.03,0,33 PS 2,941.79,0.06,100.0,0.0,E2,,,,,4.6,0.3,0,33.0,PS,2.0,3.3e-11,2e-12,23.233759761184466,1.515245201816378,28Al,2,4,1,1,True,-0.8132,-1.0888
179,179,28,Al,13,15,1372.917,0.02,1,223 FS 35,1372.8,0.2,15.0,8.0,[E2],,,,,9.0,5.0,2,223.0,FS,35.0,2.23e-13,3.5e-14,45.45735605449134,25.25408669693964,28Al,3,6,1,1,True,0.9564,1.0774
180,180,28,Al,13,15,2581.81,0.22,5,313 FS 25,2582.2,0.5,100.0,2.0,[E2],,,,,2.9,0.3,10,313.0,FS,25.0,3.1300000000000013e-13,2.5e-14,14.647370284224989,1.515245201816378,28Al,3,6,1,1,True,0.5146,0.8672
181,181,29,Al,13,16,1398.05,0.16,1/2,4.5 PS 0.3,1398.0,0.2,100.0,0.0,(E2),,,,,4.4,0.3,1,4.5,PS,0.3,4.5e-12,3e-13,23.28811272515537,1.5878258676242294,29Al,5/2,5,1,1,True,0.9436,0.8223
182,182,26,Si,14,12,1797.3,0.1,2,440 FS 40,1797.2,0.1,100.0,0.0,E2,,,,,15.3,1.5,4,440.0,FS,40.0,4.4000000000000004e-13,4.0000000000000006e-14,70.00679287656146,6.863411066329554,26Si,0,0,1,1,True,-1.0093,-1.4828
183,183,26,Si,14,12,2787.05,0.13,2,146 FS 35,2787.0,0.2,48.9,2.7,E2,,,,,1.7,0.4,4,146.0,FS,35.0,1.46e-13,3.5e-14,7.778532541840162,1.8302429510212148,26Si,0,0,2,1,True,-0.9687,-0.0962
184,184,26,Si,14,12,3336.35,0.22,0,1.52 PS 0.48,1539.0,0.2,100.0,19.0,E2,,,,,10.0,5.0,0,1.52,PS,0.48,1.52e-12,4.8e-13,45.75607377553037,22.878036887765184,26Si,2,4,2,1,True,0.6559,0.0268
185,185,26,Si,14,12,4139.06,0.2,2,35 FS 3,4141.0,3.0,11.8,5.9,[E2],,,,,0.28,0.15,4,35.0,FS,3.0,3.5e-14,3.0000000000000002e-15,1.2811700657148504,0.6863411066329554,26Si,0,0,3,1,True,-0.2075,-0.0487
186,186,27,Si,14,13,2647.6,0.3,5/2,17 FS 2,1866.6,0.0,3.9,1.3,(E2),,,,,9.0,3.0,5,17.0,FS,2.0,1.7e-14,2e-15,43.30570860119036,14.435236200396789,27Si,1/2,1,2,1,True,-1.0085,-1.2372
187,187,27,Si,14,13,4447.3,0.5,11/2,390 FS 40,2283.5,0.0,100.0,2.3,(E2),,,,,4.2,0.5,11,390.0,FS,40.0,3.900000000000001e-13,4.0000000000000006e-14,20.209330680555503,2.405872700066132,27Si,7/2,7,1,1,True,-0.9235,-0.888
188,188,28,Si,14,14,1779.03,0.011,2,475 FS 17,1778.969,0.011,100.0,0.0,E2,,,,,13.2,0.5,4,475.0,FS,17.0,4.75e-13,1.7e-14,66.67078887992064,2.5254086696939635,28Si,0,0,1,1,True,-1.4587,-1.4587
189,189,28,Si,14,14,4617.86,0.04,4,37 FS 4,2838.29,0.15,100.0,0.0,(E2),,,,,16.4,1.8,8,37.0,FS,4.0,3.7e-14,4e-15,82.833404365962,9.091471210898268,28Si,2,4,1,1,True,1.7302,1.7302
190,190,28,Si,14,14,4979.92,0.08,0,35 FS 2,3200.7,0.5,100.0,0.0,E2,,,,,9.5,0.6,0,35.0,FS,2.0,3.5e-14,2e-15,47.98276472418531,3.030490403632756,28Si,2,4,2,1,True,1.3248,1.3248
191,191,28,Si,14,14,6690.74,0.15,0,147 FS 10,4910.8,0.5,100.0,0.0,E2,,,,,0.267,0.019,0,147.0,FS,10.0,1.47e-13,1.0000000000000002e-14,1.3485682296165766,0.0959655294483706,28Si,2,4,3,1,True,-0.2823,-0.2823
192,192,28,Si,14,14,7380.59,0.09,2,5 FS 2,2400.5,0.0,0.47,0.16,E2,,,,,0.8,0.5,4,5.0,FS,2.0,5.000000000000001e-15,2e-15,4.040653871510342,2.5254086696939635,28Si,0,0,2,2,True,-0.5832,-0.5832
193,193,28,Si,14,14,7933.45,0.1,2,11 FS 2,3315.2,0.0,5.65,0.24,(E2),,,,,1.2,0.23,4,11.0,FS,2.0,1.1e-14,2e-15,6.060980807265512,1.1616879880592232,28Si,4,8,4,1,True,-0.2312,-0.2312
194,194,28,Si,14,14,7933.45,0.1,2,11 FS 2,2953.2,0.0,4.81,0.24,E2,,,,,1.8,0.4,4,11.0,FS,2.0,1.1e-14,2e-15,9.091471210898268,2.020326935755171,28Si,0,0,4,2,True,-0.1254,-0.1254
195,195,28,Si,14,14,8258.74,0.1,2,10 FS 2,3278.4,0.0,24.3,1.5,E2,,,,,5.0,1.1,4,10.0,FS,2.0,1.0000000000000002e-14,2e-15,25.25408669693964,5.55589907332672,28Si,0,0,5,2,True,-0.7592,-0.7592
196,196,28,Si,14,14,8258.74,0.1,2,10 FS 2,3640.4,0.0,5.7,1.5,(E2),,,,,0.7,0.24,4,10.0,FS,2.0,1.0000000000000002e-14,2e-15,3.5355721375715485,1.2121961614531025,28Si,4,8,5,1,True,-0.2532,-0.2532
197,197,28,Si,14,14,8543.56,0.2,6,11.4 FS 1,3925.1,0.3,100.0,0.0,[E2],,,,,10.6,1.0,12,11.4,FS,1.0,1.14e-14,1e-15,53.53866379751202,5.050817339387927,28Si,4,8,1,1,True,-1.6025,-1.6025
211,211,29,Si,14,15,4079.9,0.3,7/2,44 FS 12,2806.3,0.3,100.0,6.0,(E2),,,,,7.5,2.2,7,44.0,FS,12.0,4.4e-14,1.2e-14,39.69564669060573,11.644056362577684,29Si,3/2,3,1,1,True,1.0841,1.2787
212,212,29,Si,14,15,4741.1,0.3,9/2,36 FS 7,2712.8,0.3,100.0,1.1,(E2),,,,,19.0,4.0,9,36.0,FS,7.0,3.6000000000000004e-14,7e-15,100.56230494953454,21.17101156832306,29Si,5/2,5,1,1,True,-1.581,-1.3748
213,213,29,Si,14,15,4895.2,0.4,5/2,12 FS 5,4893.8,1.2,33.0,4.0,(E2),,,,,0.6,0.3,5,12.0,FS,5.0,1.2e-14,5.000000000000001e-15,3.175651735248459,1.5878258676242294,29Si,1/2,1,3,1,True,0.3614,0.1651
214,214,30,Si,14,16,2235.322,0.018,2,215 FS 28,2235.23,0.02,100.0,0.0,E2,,,0.000436,6e-06,8.5,1.1,4,215.0,FS,28.0,2.1500000000000002e-13,2.8e-14,47.06862948153772,6.091234403493117,30Si,0,0,1,1,True,1.0358,1.2827
215,215,30,Si,14,16,3498.49,0.03,2,58 FS 17,3498.33,0.05,98.0,3.0,E2,,,0.000994,1.4e-05,1.7,0.5,4,58.0,FS,17.0,5.8e-14,1.7e-14,9.413725896307543,2.7687429106786894,30Si,0,0,2,1,True,0.7765,0.0166
216,216,30,Si,14,16,4810.31,0.11,2,104 FS 15,4810.0,0.3,100.0,7.0,E2,,,0.001434,2e-05,0.17,0.03,4,104.0,FS,15.0,1.0400000000000001e-13,1.5000000000000002e-14,0.9413725896307544,0.1661245746407213,30Si,0,0,3,1,True,-0.1837,-0.2015
217,217,30,Si,14,16,5279.37,0.14,4,83 FS 22,3043.2,0.1,100.0,0.3,(E2),,,0.000808,1.2e-05,4.7,1.3,8,83.0,FS,22.0,8.300000000000001e-14,2.2e-14,26.02618336037968,7.198731567764592,30Si,2,4,1,1,True,0.5512,0.916
218,218,30,Si,14,16,5372.2,0.6,0,59 FS 21,3136.6,0.7,100.0,27.0,E2,,,0.000847,1.2e-05,3.4,1.7,0,59.0,FS,21.0,5.9e-14,2.1e-14,18.827451792615086,9.413725896307543,30Si,2,4,3,1,True,-0.758,-0.3305
219,219,30,Si,14,16,5950.73,0.15,4,15 FS 8,3714.9,0.2,100.0,3.0,(E2),,,0.001074,1.5e-05,9.0,5.0,8,15.0,FS,8.0,1.5000000000000002e-14,8e-15,49.83737239221641,27.68742910678689,30Si,2,4,2,1,True,-1.26,-1.1003
220,220,30,Si,14,16,5950.73,0.15,4,15 FS 8,2452.6,1.3,5.0,3.0,(E2),,,0.00054,8e-06,4.0,3.0,8,15.0,FS,8.0,1.5000000000000002e-14,8e-15,22.149943285429515,16.612457464072136,30Si,2,4,2,2,True,-0.679,-0.6844
221,221,32,Si,14,18,1941.4,0.3,2,0.78 PS 0.22,1941.4,0.3,100.0,0.0,E2,,,,,4.4,1.3,4,0.78,PS,0.22,7.8e-13,2.2e-13,26.554427041091664,7.845626171231627,32Si,0,0,1,1,True,0.9891,1.1888
222,222,32,Si,14,18,4230.8,0.8,2,0.26 PS 0.09,4230.0,1.5,100.0,5.0,[E2],,,,,0.17,0.06,4,0.26,PS,0.09,2.6e-13,9e-14,1.0259664993149051,0.3621058232876135,32Si,0,0,2,1,True,-0.3143,0.1019
223,223,34,Si,14,20,3327.14,0.2,2,82 FS 32,3326.96,0.2,100.0,0.0,[E2],,,,,2.6,1.0,4,82.0,FS,32.0,8.2e-14,3.2e-14,17.01229317257016,6.543189681757753,34Si,0,0,1,1,True,-1.2158,0.0
224,224,31,P,15,16,2233.6,0.1,5/2,269 FS 18,2233.6,0.1,100.0,0.0,E2,,,,,6.4,0.5,5,269.0,FS,18.0,2.69e-13,1.8000000000000002e-14,37.02370299500025,2.8924767964843943,31P,1/2,1,1,1,True,1.033,1.0869
225,225,31,P,15,16,3295.0,0.2,5/2,88 FS 10,3294.7,0.7,1.08,0.19,[E2],,,,,0.024,0.005,5,88.0,FS,10.0,8.8e-14,1.0000000000000002e-14,0.1388388862312509,0.0289247679648439,31P,1/2,1,2,1,True,0.1472,-0.364
226,226,31,P,15,16,3414.6,0.3,7/2,219 FS 17,2148.4,0.1,100.0,0.6,E2,,,,,9.5,0.8,7,219.0,FS,17.0,2.1900000000000005e-13,1.7e-14,54.95705913320349,4.627962874375031,31P,3/2,3,1,1,True,1.2105,1.3526
227,227,31,P,15,16,4634.2,0.8,7/2,68 FS 10,3367.6,0.7,9.0,3.0,[E2],,,,,0.1,0.04,7,68.0,FS,10.0,6.8e-14,1.0000000000000002e-14,0.5784953592968789,0.2313981437187515,31P,3/2,3,2,1,True,0.049,-0.2522
228,228,31,P,15,16,4783.4,1.1,5/2,6.9 FS 2.8,4783.4,0.0,100.0,4.0,E2,,,,,2.4,1.0,5,6.9,FS,2.8,6.900000000000001e-15,2.8e-15,13.883888623125092,5.7849535929687885,31P,1/2,1,4,1,True,0.4511,0.4362
229,229,31,P,15,16,5342.9,1.5,9/2,36 FS 8,3109.4,0.6,19.0,2.0,E2,,,,,1.4,0.4,9,36.0,FS,8.0,3.6000000000000004e-14,8e-15,8.098935030156303,2.313981437187516,31P,5/2,5,1,1,True,-0.5345,-0.2525
230,230,31,P,15,16,5342.9,1.5,9/2,36 FS 8,2048.3,0.4,4.9,1.3,E2,,,,,2.9,1.0,9,36.0,FS,8.0,3.6000000000000004e-14,8e-15,16.776365419609487,5.7849535929687885,31P,5/2,5,1,2,True,-0.7241,-0.8147
231,231,31,P,15,16,5773.5,1.6,7/2,22 FS 7,4507.0,0.0,57.0,14.0,[E2],,,,,0.43,0.18,7,22.0,FS,7.0,2.2e-14,7e-15,2.487530044976579,1.0412916467343818,31P,3/2,3,3,1,True,-0.0839,0.0059
232,232,31,P,15,16,5891.9,2.0,9/2,23 FS 6,3658.2,0.5,100.0,3.0,E2,,,,,5.4,1.5,9,23.0,FS,6.0,2.3000000000000003e-14,6.000000000000001e-15,31.23874940203146,8.677430389453182,31P,5/2,5,2,1,True,-0.5382,-0.9445
233,233,31,P,15,16,6078.1,1.8,9/2,22 FS 10,3844.6,0.1,100.0,9.0,E2,,,,,3.3,1.6,9,22.0,FS,10.0,2.2e-14,1.0000000000000002e-14,19.090346856797,9.255925748750062,31P,5/2,5,3,1,True,-0.8879,-0.9051
237,237,33,P,15,18,4048.4,0.5,5/2,62 FS 21,4048.0,0.0,7.0,4.0,[E2],,,,,0.07,0.05,5,62.0,FS,21.0,6.2e-14,2.1e-14,0.4401502107316768,0.3143930076654834,33P,1/2,1,3,1,True,-0.4193,0.2318
238,238,33,P,15,18,4193.4,1.2,5/2,104 FS 35,4193.5,2.5,100.0,0.0,[E2],,,,,0.64,0.22,5,104.0,FS,35.0,1.0400000000000001e-13,3.5e-14,4.024230498118188,1.383329233728127,33P,1/2,1,4,1,True,-0.287,0.3502
239,239,31,S,16,15,2234.29,0.14,5/2,222 FS 55,2234.2,0.2,100.0,1.0,E2,,,,,7.8,2.2,5,222.0,FS,55.0,2.2200000000000001e-13,5.5000000000000005e-14,45.12263802515655,12.726897904531336,31S,1/2,1,1,1,True,1.0869,1.033
240,240,32,S,16,16,3778.4,1.0,0,0.89 PS 0.09,1548.8,1.5,100.0,0.0,[E2],,,,,11.8,1.2,0,0.89,PS,0.09,8.9e-13,9e-14,71.214145246564,7.242116465752271,32S,2,4,2,1,True,1.1536,1.1536
241,241,32,S,16,16,4459.1,0.8,4,124 FS 27,2229.4,1.2,100.0,0.0,E2,,,,,14.0,3.0,8,124.0,FS,27.0,1.24e-13,2.7e-14,84.49135876710983,18.10529116438068,32S,2,4,1,1,True,-1.3039,-1.3039
242,242,32,S,16,16,6851.5,1.5,4,66 FS 17,2570.8,0.0,100.0,13.0,E2,,,,,8.0,3.0,8,66.0,FS,17.0,6.600000000000002e-14,1.7e-14,48.28077643834848,18.10529116438068,32S,2,4,3,2,True,-0.7628,-0.7628
243,243,33,S,16,17,1967.19,0.03,5/2,94 FS 14,1126.0,0.6,7.5,1.1,E2,,,,,37.0,8.0,5,94.0,FS,14.0,9.4e-14,1.4e-14,232.65082567245773,50.30288122647735,33S,1/2,1,1,1,True,-0.6913,-0.852
244,244,33,S,16,17,2867.626,0.02,5/2,10.8 FS 3.5,2026.6,0.0,1.5,0.2,E2,,,,,3.6,1.3,5,10.8,FS,3.5,1.0800000000000002e-14,3.5e-15,22.636296551914807,8.174218199302569,33S,1/2,1,2,1,True,0.9258,0.7094
245,245,33,S,16,17,4095.09,0.17,7/2,31 FS 8,4096.0,0.5,5.7,1.1,E2,,,,,0.09,0.04,7,31.0,FS,8.0,3.1e-14,8e-15,0.5659074137978701,0.2515144061323867,33S,3/2,3,2,1,True,0.2482,0.4297
246,246,34,S,16,18,2127.564,0.013,2,318 FS 8,2127.499,0.02,100.0,0.0,E2,,,,,6.24,0.16,4,318.0,FS,8.0,3.18e-13,8e-15,40.82950361416838,1.0469103490812406,34S,0,0,1,1,True,-0.8888,-1.0931
247,247,34,S,16,18,3304.212,0.013,2,136 FS 7,3304.031,0.02,87.2,0.9,E2,,,,,0.75,0.04,4,136.0,FS,7.0,1.36e-13,7e-15,4.907392261318315,0.2617275872703101,34S,0,0,2,1,True,-0.5177,0.4066
248,248,34,S,16,18,3916.408,0.021,0,1.12 PS 0.09,1788.794,0.02,100.0,10.0,E2,,,,,4.2,0.7,0,1.12,PS,0.09,1.12e-12,9e-14,27.481396663382565,4.580232777230427,34S,2,4,2,1,True,0.8682,0.2393
249,249,34,S,16,18,4114.813,0.023,2,73 FS 6,4114.52,0.04,100.0,10.0,E2,,,,,0.57,0.09,4,73.0,FS,6.0,7.3e-14,6.000000000000001e-15,3.7296181186019193,0.5888870713581977,34S,0,0,3,1,True,-0.2856,-0.173
250,250,34,S,16,18,4688.98,0.05,4,88 FS 4,2561.36,0.05,100.0,11.0,E2,,,,,8.2,1.4,8,88.0,FS,4.0,8.8e-14,4e-15,53.65415539041357,9.160465554460854,34S,2,4,1,1,True,1.1094,1.0248
251,251,34,S,16,18,4889.756,0.022,2,29 FS 10,4889.3,0.08,90.0,10.0,E2,,,,,0.35,0.13,4,29.0,FS,10.0,2.9e-14,1.0000000000000002e-14,2.2901163886152136,0.8506146586285079,34S,0,0,4,1,True,-0.2617,-0.0795
255,255,36,S,16,20,3290.9,0.3,2,83 FS 7,3290.8,0.6,100.0,0.0,E2,,,,,2.83,0.24,4,83.0,FS,7.0,8.300000000000001e-14,7e-15,19.98361515625576,1.694723546820276,36S,0,0,1,1,True,0.9331,0.0
256,256,33,Cl,17,16,2839.0,0.3,5/2,3 FS 1,2028.4,0.0,1.0,0.4,[E2],,,,,9.0,5.0,5,3.0,FS,1.0,3.0000000000000002e-15,1e-15,56.59074137978701,31.439300766548342,33Cl,1/2,1,2,1,True,-0.7094,-0.9258
257,257,34,Cl,17,17,2376.5,0.4,4,150 FS 17,1146.3,0.0,11.0,8.0,E2,,,,,20.0,16.0,8,150.0,FS,17.0,1.5000000000000004e-13,1.7e-14,130.86379363515508,104.69103490812404,34Cl,2,4,1,1,True,0.6023,0.6023
258,258,34,Cl,17,17,4824.2,0.1,5,0.32 PS 0.1,4677.4,0.2,100.0,14.0,E2,,,,,0.08,0.03,10,0.32,PS,0.1,3.2e-13,1e-13,0.5234551745406203,0.1962956904527326,34Cl,3,6,1,1,True,-0.4079,-0.4079
259,259,34,Cl,17,17,4824.2,0.1,5,0.32 PS 0.1,2643.5,0.5,4.2,1.4,E2,,,,,0.06,0.03,10,0.32,PS,0.1,3.2e-13,1e-13,0.3925913809054652,0.1962956904527326,34Cl,3,6,1,2,True,0.7516,0.7516
261,261,35,Cl,17,18,2645.74,0.08,7/2,159 FS 21,2645.7,0.3,100.0,1.1,E2,,,,,3.7,0.5,7,159.0,FS,21.0,1.59e-13,2.1e-14,25.16382970579376,3.400517527809966,35Cl,3/2,3,1,1,True,-0.5837,-0.98
262,262,35,Cl,17,18,3002.3,0.13,5/2,21 FS 4,1782.9,0.0,3.4,1.1,E2,,,,,7.0,3.0,5,21.0,FS,4.0,2.1e-14,4e-15,47.60724538933953,20.4031051668598,35Cl,1/2,1,2,1,True,0.9536,1.0221
263,263,35,Cl,17,18,3943.82,0.25,9/2,205 FS 35,2180.0,1.0,100.0,2.2,[E2],,,,,7.1,1.3,9,205.0,FS,35.0,2.05e-13,3.5e-14,48.28734889490153,8.841345572305913,35Cl,5/2,5,1,1,True,1.0842,1.0937
264,264,35,Cl,17,18,4111.98,0.24,7/2,49 FS 11,4111.7,0.0,100.0,6.0,E2,,,,,0.72,0.18,7,49.0,FS,11.0,4.9000000000000006e-14,1.1e-14,4.896745240046352,1.224186310011588,35Cl,3/2,3,2,1,True,0.297,0.1733
265,265,32,Ar,18,14,1867.0,8.0,2,0.46 PS 0.12,1867.0,8.0,100.0,0.0,[E2],,,,,8.9,2.3,4,0.46,PS,0.12,4.600000000000003e-13,1.2e-13,53.71236378766268,13.880723226025186,32Ar,0,0,1,1,True,1.1888,0.9891
266,266,34,Ar,18,16,2091.1,0.3,2,319 FS 42,2091.1,0.3,100.0,0.0,E2,,,,,6.8,0.9,4,319.0,FS,42.0,3.19e-13,4.2e-14,44.49368983595272,5.888870713581978,34Ar,0,0,1,1,True,-1.0931,-0.8888
267,267,34,Ar,18,16,3287.7,0.5,2,194 FS 35,3286.0,4.0,9.0,6.0,[E2],,,,,0.1,0.07,4,194.0,FS,35.0,1.94e-13,3.5e-14,0.6543189681757754,0.4580232777230428,34Ar,0,0,2,1,True,0.4066,-0.5177
268,268,36,Ar,18,18,1970.38,0.05,2,328 FS 20,1970.3,0.0,100.0,0.0,E2,,,,,8.2,0.5,4,328.0,FS,20.0,3.28e-13,2.0000000000000003e-14,57.90305451635943,3.530674055875576,36Ar,0,0,1,1,True,1.1004,1.1004
269,269,36,Ar,18,18,4414.4,0.16,4,76 FS 10,2443.9,0.0,100.0,0.0,E2,,,,,12.0,1.6,8,76.0,FS,10.0,7.6e-14,1.0000000000000002e-14,84.73617734101381,11.298156978801842,36Ar,2,4,1,1,True,1.2273,1.2273
270,270,36,Ar,18,18,4440.11,0.19,2,76 FS 14,4439.8,0.0,100.0,3.0,E2,,,,,0.39,0.08,4,76.0,FS,14.0,7.6e-14,1.4e-14,2.753925763582949,0.5649078489400922,36Ar,0,0,2,1,True,0.0872,0.0872
271,271,36,Ar,18,18,6356.0,0.6,4,0.31 PS 0.1,4385.3,0.0,100.0,4.0,E2,,,,,0.07,0.03,8,0.31,PS,0.1,3.1e-13,1e-13,0.4942943678225806,0.2118404433525345,36Ar,2,4,3,1,True,-0.172,-0.172
272,272,36,Ar,18,18,7767.0,0.4,6,76 FS 11,3352.5,0.8,42.9,1.7,E2,,,,,0.75,0.12,12,76.0,FS,11.0,7.6e-14,1.1e-14,5.296011083813363,0.8473617734101381,36Ar,4,8,1,1,True,1.1156,1.1156
273,273,37,Ar,18,19,2217.0,0.23,7/2,283 FS 22,2217.1,0.3,100.0,0.0,E2,,,0.000434,6e-06,4.6,0.5,7,283.0,FS,22.0,2.83e-13,2.2e-14,33.69078146916754,3.6620414640399503,37Ar,3/2,3,1,1,True,-1.0278,-0.2851
274,274,38,Ar,18,20,2167.472,0.012,2,0.458 PS 0.021,2167.405,0.012,100.0,0.0,E2,,,,,3.4,0.16,4,0.458,PS,0.021,4.58e-13,2.1e-14,25.803265248317683,1.214271305803185,38Ar,0,0,1,1,True,1.0003,0.0
275,275,38,Ar,18,20,3376.9,0.3,0,22.8 PS 1.5,1209.4,0.3,100.0,0.0,E2,,,,,1.26,0.08,0,22.8,PS,1.5,2.28e-11,1.5e-12,9.56238653320008,0.6071356529015925,38Ar,2,4,2,1,True,0.0089,0.0
276,276,38,Ar,18,20,3936.5,0.4,2,43 FS 5,3936.1,0.5,100.0,0.6,[E2],,,,,1.71,0.24,4,43.0,FS,5.0,4.3000000000000006e-14,5.000000000000001e-15,12.97752458077154,1.8214069587047768,38Ar,0,0,2,1,True,0.5857,0.0
277,277,38,Ar,18,20,4709.3,1.0,0,1.7 PS +2.1-0.7,772.8,0.9,100.0,0.0,[E2],,,,,160.0,110.0,0,1.7,PS,2.1,1.6999999999999998e-12,2.1e-12,1214.271305803185,834.8115227396897,38Ar,2,4,3,2,True,0.0157,0.0
278,278,38,Ar,18,20,5349.4,0.3,4,0.14 PS 0.04,1413.1,0.4,50.0,3.0,[E2],,,,,28.0,16.0,8,0.14,PS,0.04,1.4e-13,4e-14,212.4974785155574,121.4271305803185,38Ar,2,4,1,2,True,0.9613,0.0
279,279,38,Ar,18,20,5349.4,0.3,4,0.14 PS 0.04,784.0,1.0,2.5,1.3,[E2],,,,,27.0,35.0,8,0.14,PS,0.04,1.4e-13,4e-14,204.90828285428748,265.62184814444674,38Ar,2,4,1,3,True,0.5331,0.0
280,280,38,Ar,18,20,5349.4,0.3,4,0.14 PS 0.04,3182.2,0.7,100.0,5.0,E2,,,,,1.0,0.5,8,0.14,PS,0.04,1.4e-13,4e-14,7.589195661269906,3.794597830634953,38Ar,2,4,1,1,True,0.6174,0.0
281,281,38,Ar,18,20,5594.6,0.6,2,60 FS 18,2217.6,0.0,39.0,5.0,[E2],,,,,3.3,2.6,4,60.0,FS,18.0,6.000000000000001e-14,1.8000000000000002e-14,25.04434568219069,19.73190871930176,38Ar,0,0,5,2,True,-0.0666,0.0
282,282,38,Ar,18,20,6053.2,0.4,4,71 FS 14,2116.0,1.0,41.0,6.0,[E2],,,,,5.5,2.7,8,71.0,FS,14.0,7.1e-14,1.4e-14,41.74057613698449,20.490828285428748,38Ar,2,4,2,2,True,0.0232,0.0
283,283,38,Ar,18,20,6053.2,0.4,4,71 FS 14,1488.0,1.0,32.0,4.0,[E2],,,,,25.0,13.0,8,71.0,FS,14.0,7.1e-14,1.4e-14,189.72989153174765,98.65954359650878,38Ar,2,4,2,3,True,-0.4832,0.0
292,292,38,K,19,19,458.53,0.16,1,7.0 PS 0.6,458.6,0.3,1.01,0.16,[E2],,,0.00077,,5.2,1.5,2,7.0,PS,0.6,7e-12,6e-13,39.46381743860351,11.38379349190486,38K,3,6,1,1,True,0.8752,0.8752
293,293,38,K,19,19,1697.65,0.25,1,48 FS 10,1698.0,0.0,0.08,0.04,[E2],,,0.000197,,0.09,0.08,2,48.0,FS,10.0,4.8e-14,1.0000000000000002e-14,0.6830276095142915,0.6071356529015925,38K,3,6,2,1,True,-0.1153,-0.1153
294,294,38,K,19,19,2401.12,0.19,2,52 FS 15,2270.5,0.9,8.0,2.0,[E2],,,0.000461,,1.8,1.4,4,52.0,FS,15.0,5.2000000000000006e-14,1.5000000000000002e-14,13.660552190285832,10.624873925777868,38K,0,0,1,1,True,-0.5002,-0.5002
