,parent,daughter,decay,Zi,Ni,Exi,Ji,ni,Zf,Nf,Exf,Jf,nf,I(%),sigma_I(%),logft,sigma_logft,Bexp,sigma_B,sigma_B/B,include,twoJi,twoJf,Bth,Tmirror,deltaJ
9,20F,20Ne,b-,9,11,0.0,2,1,10,10,1633.7,2,1,99.9913,0.0008,4.9697,0.0011,0.065901084,0.000166917,0.002532844,True,4,4,0.059326,False,0.0
10,21F,21Ne,b-,9,12,0.0,5/2,1,10,11,350.7,5/2,1,74.1,2.2,4.65,0.01,0.137591801,0.003168168,0.023025851,True,5,5,0.101136,False,0.0
11,21F,21Ne,b-,9,12,0.0,5/2,1,10,11,0.0,3/2,1,9.6,3.0,5.67,0.16,0.013139915,0.004840924,0.368413615,True,5,3,0.01454,False,-1.0
12,21F,21Ne,b-,9,12,0.0,5/2,1,10,11,1745.91,7/2,1,16.1,1.0,4.72,0.03,0.117109616,0.008089646,0.069077553,True,5,7,0.096662,False,1.0
13,21F,21Ne,b-,9,12,0.0,5/2,1,10,11,3735.59,5/2,2,0.003,0.0,7.11,0.05,0.000477081,5.4926e-05,0.115129255,True,5,5,0.000743,False,0.0
14,21F,21Ne,b-,9,12,0.0,5/2,1,10,11,4525.56,5/2,3,0.043,0.003,5.02,0.03,0.058693844,0.004054427,0.069077553,True,5,5,0.089363,False,0.0
15,21F,21Ne,b-,9,12,0.0,5/2,1,10,11,4684.56,3/2,2,0.077,0.04,4.5,0.3,0.194353585,0.1342547,0.690775528,True,5,3,0.182647,False,-1.0
16,22F,22Ne,b-,9,13,0.0,4,1,10,12,3357.2,4,1,3.1,0.6,6.7,0.1,0.001226288,0.000282363,0.230258509,True,8,8,0.000841,False,0.0
17,22F,22Ne,b-,9,13,0.0,4,1,10,12,5523.3,4,2,53.9,0.6,4.79,0.01,0.099676449,0.002295135,0.023025851,True,8,8,0.096495,False,0.0
18,22F,22Ne,b-,9,13,0.0,4,1,10,12,5641.2,3,1,16.4,0.7,5.26,0.02,0.033774782,0.001555386,0.046051702,True,8,6,0.032216,False,-1.0
19,22F,22Ne,b-,9,13,0.0,4,1,10,12,6345.0,4,3,7.0,0.3,5.34,0.02,0.02809264,0.001293714,0.046051702,True,8,8,0.011463,False,0.0
20,22F,22Ne,b-,9,13,0.0,4,1,10,12,7341.0,4,4,2.45,0.22,5.3,0.04,0.030802967,0.002837058,0.092103404,True,8,8,0.037716,False,0.0
21,23F,23Ne,b-,9,14,0.0,5/2,1,10,13,0.0,5/2,1,30.0,8.0,5.72,0.16,0.011710962,0.004314478,0.368413615,True,5,5,0.014905,False,0.0
22,23F,23Ne,b-,9,14,0.0,5/2,1,10,13,1822.0,3/2,1,10.9,0.1,5.66,0.11,0.013445983,0.003405657,0.25328436,True,5,3,0.00718,False,-1.0
23,23F,23Ne,b-,9,14,0.0,5/2,1,10,13,2314.8,5/2,1,6.3,0.1,5.75,0.15,0.010929305,0.003774848,0.345387764,True,5,5,0.014905,False,0.0
24,23F,23Ne,b-,9,14,0.0,5/2,1,10,13,3431.8,3/2,2,15.2,1.2,4.96,0.08,0.06738955,0.012413614,0.184206807,True,5,3,0.07858,False,-1.0
25,23F,23Ne,b-,9,14,0.0,5/2,1,10,13,3830.7,3/2,3,25.0,4.0,4.58,0.12,0.161656271,0.044667278,0.276310211,True,5,3,0.004147,False,-1.0
26,23Ne,23Na,b-,10,13,0.0,5/2,1,11,12,0.0,3/2,1,66.9,1.3,5.27,0.02,0.033005974,0.001519981,0.046051702,True,5,3,0.013203,False,-1.0
27,23Ne,23Na,b-,10,13,0.0,5/2,1,11,12,439.99,5/2,1,32.0,1.3,5.38,0.02,0.025620792,0.001179881,0.046051702,True,5,5,0.014516,False,0.0
28,23Ne,23Na,b-,10,13,0.0,5/2,1,11,12,2076.0,7/2,1,1.1,0.04,5.82,0.02,0.009302347,0.000428389,0.046051702,True,5,7,0.001403,False,1.0
29,23Ne,23Na,b-,10,13,0.0,5/2,1,11,12,2982.0,3/2,2,0.065,0.003,6.13,0.02,0.004556093,0.000209816,0.046051702,True,5,3,0.008026,False,-1.0
30,24Ne,24Na,b-,10,14,0.0,0,1,11,13,472.2,1,1,92.1,0.2,4.35,0.01,0.274531736,0.006321327,0.023025851,True,0,2,0.205172,False,1.0
31,24Ne,24Na,b-,10,14,0.0,0,1,11,13,1346.63,1,2,7.9,0.2,4.39,0.01,0.250375919,0.005765119,0.023025851,True,0,2,0.185368,False,1.0
32,25Ne,25Na,b-,10,15,0.0,1/2,1,11,14,89.5,3/2,1,76.6,2.0,4.41,0.02,0.239107146,0.011011291,0.046051702,True,1,3,0.177538,False,1.0
33,25Ne,25Na,b-,10,15,0.0,1/2,1,11,14,1069.32,1/2,1,19.5,2.0,4.7,0.06,0.122628822,0.016941798,0.138155106,True,1,1,0.112241,False,0.0
34,25Ne,25Na,b-,10,15,0.0,1/2,1,11,14,2202.0,3/2,2,2.1,0.5,5.26,0.13,0.033774782,0.01011001,0.299336062,True,1,3,0.041955,False,1.0
35,25Ne,25Na,b-,10,15,0.0,1/2,1,11,14,4289.0,1/2,2,0.53,0.15,4.82,0.16,0.093023474,0.034271114,0.368413615,True,1,1,0.111601,False,0.0
36,26Ne,26Na,b-,10,16,0.0,0,1,11,15,82.0,1,1,91.6,0.2,3.87,0.06,0.829072588,0.114540611,0.138155106,True,0,2,0.775948,False,1.0
37,27Ne,27Na,b-,10,17,0.0,3/2,1,11,16,0.0,5/2,1,59.5,0.3,4.4,0.04,0.244676667,0.022535554,0.092103404,True,3,5,0.238094,False,1.0
38,27Ne,27Na,b-,10,17,0.0,3/2,1,11,16,63.0,3/2,1,4.2,1.3,5.54,0.14,0.017725258,0.005713948,0.322361913,True,3,3,0.055698,False,0.0
39,27Ne,27Na,b-,10,17,0.0,3/2,1,11,16,1728.0,1/2,1,3.4,0.5,5.33,0.07,0.028747002,0.004633469,0.161180957,True,3,1,0.003153,False,-1.0
40,28Ne,28Na,b-,10,18,0.0,0,1,11,17,0.0,1,1,55.0,5.0,4.2,0.1,0.387786384,0.089291115,0.230258509,True,0,2,0.884097,False,1.0
41,28Ne,28Na,b-,10,18,0.0,0,1,11,17,1932.2,1,2,1.7,0.4,5.3,0.1,0.030802967,0.007092645,0.230258509,True,0,2,0.419981,False,1.0
42,28Ne,28Na,b-,10,18,0.0,0,1,11,17,2118.4,1,3,20.1,1.2,4.2,0.1,0.387786384,0.089291115,0.230258509,True,0,2,0.07332,False,1.0
43,28Ne,28Na,b-,10,18,0.0,0,1,11,17,2714.3,1,4,8.5,0.6,4.5,0.1,0.194353585,0.044751567,0.230258509,True,0,2,0.140016,False,1.0
44,28Ne,28Na,b-,10,18,0.0,0,1,11,17,3286.4,1,5,1.3,0.3,5.2,0.1,0.038778638,0.008929111,0.230258509,True,0,2,0.677108,False,1.0
45,28Ne,28Na,b-,10,18,0.0,0,1,11,17,3512.5,1,6,0.9,0.2,5.3,0.1,0.030802967,0.007092645,0.230258509,True,0,2,0.007501,False,1.0
46,24Na,24Mg,b-,11,13,472.207,1,1,12,12,0.0,0,1,0.05,0.0,5.8,0.0,0.009740754,0.0,0.0,True,2,0,0.039637,False,-1.0
49,25Na,25Mg,b-,11,14,0.0,5/2,1,12,13,0.0,5/2,1,62.5,2.0,5.26,0.1,0.033774782,0.007776931,0.230258509,True,5,5,0.032669,False,0.0
50,25Na,25Mg,b-,11,14,0.0,5/2,1,12,13,974.7,3/2,1,27.46,0.22,5.04,0.1,0.056052186,0.012906493,0.230258509,True,5,3,0.052726,False,-1.0
51,25Na,25Mg,b-,11,14,0.0,5/2,1,12,13,1611.772,7/2,1,9.48,0.14,5.03,0.1,0.057357809,0.013207124,0.230258509,True,5,7,0.043079,False,1.0
52,25Na,25Mg,b-,11,14,0.0,5/2,1,12,13,1964.62,5/2,2,0.44,0.007,6.04,0.1,0.005605219,0.001290649,0.230258509,True,5,5,0.004363,False,0.0
53,25Na,25Mg,b-,11,14,0.0,5/2,1,12,13,2801.46,3/2,2,0.247,0.004,5.25,0.1,0.034561498,0.007958079,0.230258509,True,5,3,0.048769,False,-1.0
54,26Na,26Mg,b-,11,15,0.0,3,1,12,14,1808.8,2,1,87.8,0.07,4.71,0.01,0.119837449,0.002759359,0.023025851,True,6,4,0.104038,False,-1.0
55,26Na,26Mg,b-,11,15,0.0,3,1,12,14,2938.26,2,2,0.05,0.04,7.6,0.4,0.000154381,0.00014219,0.921034037,True,6,4,0.001446,False,-1.0
56,26Na,26Mg,b-,11,15,0.0,3,1,12,14,3941.0,3,1,1.31,0.04,5.87,0.01,0.008290726,0.000190901,0.023025851,True,6,6,0.00466,False,0.0
57,26Na,26Mg,b-,11,15,0.0,3,1,12,14,4319.17,4,1,0.493,0.011,6.15,0.01,0.004351035,0.000100186,0.023025851,True,6,8,0.004996,False,1.0
58,26Na,26Mg,b-,11,15,0.0,3,1,12,14,4332.02,2,3,1.65,0.03,5.62,0.01,0.014743227,0.000339475,0.023025851,True,6,4,0.015237,False,-1.0
59,26Na,26Mg,b-,11,15,0.0,3,1,12,14,4350.0,3,2,3.17,0.07,5.33,0.01,0.028747002,0.000661924,0.023025851,True,6,6,0.045589,False,0.0
60,26Na,26Mg,b-,11,15,0.0,3,1,12,14,4834.92,2,4,2.378,0.019,5.25,0.01,0.034561498,0.000795808,0.023025851,True,6,4,0.027949,False,-1.0
61,26Na,26Mg,b-,11,15,0.0,3,1,12,14,4901.16,4,2,0.246,0.011,6.21,0.02,0.003789593,0.000174517,0.046051702,True,6,8,0.000409,False,1.0
62,26Na,26Mg,b-,11,15,0.0,3,1,12,14,5291.65,2,5,0.0129,0.011,7.31,0.06,0.000301018,4.15872e-05,0.138155106,True,6,4,0.00023,False,-1.0
63,27Na,27Mg,b-,11,16,0.0,5/2,1,12,15,984.7,3/2,1,85.8,1.1,4.3,0.015,0.308029674,0.010638968,0.034538776,True,5,3,0.320296,False,-1.0
64,27Na,27Mg,b-,11,16,0.0,5/2,1,12,15,1698.0,5/2,1,11.3,0.7,4.99,0.03,0.062891587,0.004344397,0.069077553,True,5,5,0.037969,False,0.0
65,27Na,27Mg,b-,11,16,0.0,5/2,1,12,15,1940.0,5/2,2,0.5,0.7,6.3,0.8,0.003080297,0.005674116,1.842068074,True,5,5,0.008306,False,0.0
66,28Na,28Mg,b-,11,17,0.0,1,1,12,16,0.0,0,1,60.0,5.0,4.6,0.1,0.15438054,0.035547433,0.230258509,True,2,0,0.14829,False,-1.0
67,28Na,28Mg,b-,11,17,0.0,1,1,12,16,1473.55,2,1,11.0,6.0,5.1,0.2,0.048819413,0.022482171,0.460517019,True,2,4,0.018087,False,1.0
68,28Na,28Mg,b-,11,17,0.0,1,1,12,16,3862.15,0,2,20.1,1.9,4.42,0.01,0.233664403,0.005380322,0.023025851,True,2,0,0.261556,False,-1.0
69,28Na,28Mg,b-,11,17,0.0,1,1,12,16,4554.6,2,2,1.0,0.25,5.6,0.1,0.015438054,0.003554743,0.230258509,True,2,4,0.037768,False,1.0
70,29Na,29Mg,b-,11,18,0.0,3/2,1,12,17,0.0,3/2,1,24.0,8.0,5.06,0.15,0.053529422,0.018488407,0.345387764,True,3,3,0.097329,False,0.0
71,27Mg,27Al,b-,12,15,0.0,1/2,1,13,14,843.8,1/2,1,70.94,0.09,4.7297,0.001,0.114522958,0.000263699,0.002302585,True,1,1,0.111766,False,0.0
72,27Mg,27Al,b-,12,15,0.0,1/2,1,13,14,1014.6,3/2,1,29.06,0.09,4.934,0.0016,0.071547186,0.00026359,0.003684136,True,1,3,0.063231,False,1.0
73,28Mg,28Al,b-,12,16,0.0,0,1,13,15,1372.9,1,1,94.8,1.0,4.453,0.009,0.216567137,0.004487978,0.020723266,True,0,2,0.245291,False,1.0
74,28Mg,28Al,b-,12,16,0.0,0,1,13,15,1620.1,1,2,4.9,1.0,4.57,0.09,0.165421729,0.034280785,0.207232658,True,0,2,0.154281,False,1.0
75,29Mg,29Al,b-,12,17,0.0,3/2,1,13,16,0.0,5/2,1,27.0,8.0,5.32,0.14,0.029416605,0.009482793,0.322361913,True,3,5,0.053037,False,1.0
76,29Mg,29Al,b-,12,17,0.0,3/2,1,13,16,3184.5,5/2,3,28.0,5.0,4.21,0.09,0.378959288,0.078532741,0.207232658,True,3,5,0.189793,False,1.0
77,29Mg,29Al,b-,12,17,0.0,3/2,1,13,16,2224.1,3/2,1,21.0,6.0,4.73,0.13,0.114443875,0.034257179,0.299336062,True,3,3,0.06822,False,0.0
78,29Mg,29Al,b-,12,17,0.0,3/2,1,13,16,1398.0,1/2,1,7.0,3.0,5.49,0.19,0.019888066,0.008700853,0.437491168,True,3,1,0.012561,False,-1.0
79,29Mg,29Al,b-,12,17,0.0,3/2,1,13,16,2865.0,3/2,2,7.8,1.5,4.9,0.1,0.077373556,0.01781592,0.230258509,True,3,3,0.070337,False,0.0
80,29Mg,29Al,b-,12,17,0.0,3/2,1,13,16,3061.7,5/2,2,6.0,1.6,4.93,0.13,0.072209204,0.021614819,0.299336062,True,3,5,0.178166,False,1.0
81,29Mg,29Al,b-,12,17,0.0,3/2,1,13,16,3184.0,5/2,3,28.0,5.0,4.21,0.09,0.378959288,0.078532741,0.207232658,True,3,5,0.189793,False,1.0
82,29Mg,29Al,b-,12,17,0.0,3/2,1,13,16,3433.0,1/2,2,3.0,0.9,5.06,0.14,0.053529422,0.017255847,0.322361913,True,3,1,0.079315,False,-1.0
83,30Mg,30Al,b-,12,18,0.0,0,1,13,17,688.0,1,1,68.0,20.0,3.96,0.13,0.673895499,0.201721225,0.299336062,True,0,2,0.911795,False,1.0
84,30Mg,30Al,b-,12,18,0.0,0,1,13,17,2413.0,1,2,7.0,1.0,4.3,0.07,0.308029674,0.049648517,0.161180957,True,0,2,0.476181,False,1.0
85,28Al,28Si,b-,13,15,0.0,3,1,14,14,1779.0,2,1,99.99,0.01,4.8664,0.0004,0.083597359,7.6996e-05,0.000921034,True,6,4,0.080356,False,-1.0
86,29Al,29Si,b-,13,16,0.0,5/2,1,14,15,1273.4,3/2,1,89.9,0.3,5.05,0.005,0.054776283,0.000630635,0.011512925,True,5,3,0.089639,False,-1.0
87,29Al,29Si,b-,13,16,0.0,5/2,1,14,15,2028.17,5/2,1,3.8,0.1,5.733,0.013,0.011365605,0.000340214,0.029933606,True,5,5,0.007827,False,0.0
88,29Al,29Si,b-,13,16,0.0,5/2,1,14,15,2425.99,3/2,2,6.3,0.2,5.026,0.015,0.057888535,0.001999399,0.034538776,True,5,3,0.036367,False,-1.0
89,30Al,30Si,b-,13,17,0.0,3,1,14,16,2235.32,2,1,17.1,0.9,5.619,0.025,0.014777214,0.000850645,0.057564627,True,6,4,0.011801,False,-1.0
90,30Al,30Si,b-,13,17,0.0,3,1,14,16,3498.5,2,2,67.3,1.1,4.578,0.012,0.162402442,0.004487345,0.027631021,True,6,4,0.18076,False,-1.0
91,30Al,30Si,b-,13,17,0.0,3,1,14,16,4810.31,2,3,5.7,0.2,5.06,0.019,0.053529422,0.002341865,0.043749117,True,6,4,0.052116,False,-1.0
92,30Al,30Si,b-,13,17,0.0,3,1,14,16,4830.84,3,1,6.6,0.2,4.985,0.017,0.063619838,0.002490332,0.039143947,True,6,6,0.090283,False,0.0
93,30Al,30Si,b-,13,17,0.0,3,1,14,16,5231.56,3,2,2.6,0.2,5.17,0.04,0.04155206,0.003827086,0.092103404,True,6,6,0.038948,False,0.0
94,31Si,31P,b-,14,17,0.0,3/2,1,15,16,0.0,1/2,1,99.94463,7e-05,5.5254,0.0008,0.01833127,3.37674e-05,0.001842068,True,3,1,0.018873,False,-1.0
95,31Si,31P,b-,14,17,0.0,3/2,1,15,16,1266.0,3/2,1,0.0554,0.0007,5.747,0.011,0.011005064,0.000278741,0.025328436,True,3,3,0.032022,False,0.0
96,33P,33S,b-,15,18,0.0,1/2,1,16,17,0.0,3/2,1,100.0,0.0,5.022,0.007,0.058424171,0.000941686,0.016118096,True,1,3,0.052932,False,1.0
97,34P,34S,b-,15,19,0.0,1,1,16,18,0.0,0,1,84.8,2.1,5.159,0.012,0.04261795,0.001177577,0.027631021,True,2,0,0.045334,False,-1.0
98,34P,34S,b-,15,19,0.0,1,1,16,18,2127.564,2,1,14.8,2.0,4.93,0.06,0.072209204,0.00997607,0.138155106,True,2,4,0.130531,False,1.0
99,34P,34S,b-,15,19,0.0,1,1,16,18,3916.408,0,2,0.045,0.017,5.98,0.17,0.006435652,0.002519168,0.391439466,True,2,0,0.011319,False,-1.0
100,34P,34S,b-,15,19,0.0,1,1,16,18,4074.667,1,1,0.111,0.023,5.38,0.09,0.025620792,0.005309465,0.207232658,True,2,2,0.070412,False,0.0
101,34P,34S,b-,15,19,0.0,1,1,16,18,4114.813,2,2,0.31,0.06,4.88,0.09,0.081020059,0.016790002,0.207232658,True,2,4,0.000424,False,1.0
104,35S,35Cl,b-,16,19,0.0,3/2,1,17,18,0.0,3/2,1,100.0,0.0,5.0088,0.0007,0.060227184,9.70748e-05,0.00161181,True,3,3,0.071388,False,0.0
110,19Ne,19F,b+ec,10,9,0.0,1/2,1,9,10,0.0,1/2,1,99.988,0.002,3.2329,0.0024,3.594947529,0.019866414,0.005526204,True,1,1,2.761313,True,0.0
111,19Ne,19F,b+ec,10,9,0.0,1/2,1,9,10,1554.038,3/2,1,0.00213,0.002,5.71,0.05,0.011983745,0.00137968,0.115129255,True,1,3,0.000118,True,1.0
112,20Na,20Ne,b+ec,11,9,0.0,2,1,10,10,1633.674,2,1,79.44,0.27,4.99,0.01,0.062891587,0.001448132,0.023025851,True,4,4,0.059326,False,0.0
113,20Na,20Ne,b+ec,11,9,0.0,2,1,10,10,7421.9,2,2,15.96,0.22,4.2,0.01,0.387786384,0.008929111,0.023025851,True,4,4,0.302933,False,0.0
114,20Na,20Ne,b+ec,11,9,0.0,2,1,10,10,7833.4,2,3,0.583,0.01,5.48,0.01,0.020351319,0.000468606,0.023025851,True,4,4,0.414285,False,0.0
115,21Na,21Ne,b+ec,11,10,0.0,3/2,1,10,11,0.0,3/2,1,94.93,0.13,3.608,0.007,1.515627777,0.024429033,0.016118096,True,3,3,0.485667,True,0.0
116,21Na,21Ne,b+ec,11,10,0.0,3/2,1,10,11,350.7,5/2,1,5.06,0.13,4.596,0.014,0.155809006,0.005022689,0.032236191,True,3,5,0.16152,True,1.0
124,22Mg,22Na,b+ec,12,10,0.0,0,1,11,11,583.1,1,1,41.33,0.2,3.64,0.01,1.407967259,0.032419644,0.023025851,True,0,2,1.397792,False,1.0
125,22Mg,22Na,b+ec,12,10,0.0,0,1,11,11,1936.9,1,2,5.45,0.07,3.46,0.01,2.131044683,0.049069117,0.023025851,True,0,2,2.147842,False,1.0
126,23Mg,23Na,b+ec,12,11,0.0,3/2,1,11,12,0.0,3/2,1,91.3,0.2,3.672,0.001,1.307954258,0.003011676,0.002302585,True,3,3,0.267444,True,0.0
127,23Mg,23Na,b+ec,12,11,0.0,3/2,1,11,12,439.99,5/2,1,8.7,0.3,4.39,0.001,0.250375919,0.000576512,0.002302585,True,3,5,0.23329,True,1.0
128,23Mg,23Na,b+ec,12,11,0.0,3/2,1,11,12,2390.0,1/2,1,0.006,0.0007,4.97,0.05,0.065855576,0.007581903,0.115129255,True,3,1,0.118595,True,-1.0
129,22Al,22Mg,b+ec,13,9,0.0,4,1,12,10,5293.11,4,2,31.0,5.0,4.87,0.08,0.082907259,0.015272081,0.184206807,True,8,8,0.09649,False,0.0
130,22Al,22Mg,b+ec,13,9,0.0,4,1,12,10,5451.8,3,1,5.9,2.4,5.56,0.18,0.01692749,0.007015857,0.414465317,True,8,6,0.032214,False,-1.0
131,22Al,22Mg,b+ec,13,9,0.0,4,1,12,10,6307.0,4,3,4.7,0.6,4.7,0.6,0.122628822,0.169417978,1.381551056,True,8,8,0.011463,False,0.0
132,23Al,23Mg,b+ec,13,10,0.0,5/2,1,12,11,0.0,3/2,1,37.0,1.0,5.32,0.6,0.029416605,0.040640542,1.381551056,True,5,3,0.013203,False,-1.0
133,23Al,23Mg,b+ec,13,10,0.0,5/2,1,12,11,450.0,5/2,1,41.0,1.0,5.19,0.6,0.039681909,0.054822583,1.381551056,True,5,5,0.014516,False,0.0
134,23Al,23Mg,b+ec,13,10,0.0,5/2,1,12,11,2050.9,7/2,1,10.0,1.0,5.5,0.6,0.019435358,0.02685094,1.381551056,True,5,7,0.001403,False,1.0
135,24Al,24Mg,b+ec,13,11,0.0,4,1,12,12,8439.4,4,3,50.0,2.0,3.93,0.02,0.722092037,0.033253567,0.046051702,True,8,8,0.670427,False,0.0
136,24Al,24Mg,b+ec,13,11,0.0,4,1,12,12,4122.0,4,1,7.7,1.0,6.13,0.06,0.004556093,0.000629447,0.138155106,True,8,8,0.007826,False,0.0
137,24Al,24Mg,b+ec,13,11,0.0,4,1,12,12,5235.1,3,1,1.4,0.13,6.59,0.04,0.001579765,0.000145502,0.092103404,True,8,6,0.003809,False,-1.0
138,24Al,24Mg,b+ec,13,11,0.0,4,1,12,12,6010.8,4,2,1.2,0.1,6.43,0.04,0.002283456,0.000210314,0.092103404,True,8,8,0.001749,False,0.0
139,24Al,24Mg,b+ec,13,11,0.0,4,1,12,12,7812.3,5,1,0.05,0.02,7.19,0.17,0.000396819,0.000155331,0.391439466,True,8,10,0.000109,False,1.0
140,25Al,25Mg,b+ec,13,12,0.0,5/2,1,12,13,0.0,5/2,1,99.11,0.08,3.57,0.01,1.65421729,0.038089761,0.023025851,True,5,5,0.61536,True,0.0
141,25Al,25Mg,b+ec,13,12,0.0,5/2,1,12,13,974.0,3/2,1,0.047,0.006,6.2,0.01,0.003877864,8.92911e-05,0.023025851,True,5,3,0.004995,True,-1.0
142,25Al,25Mg,b+ec,13,12,0.0,5/2,1,12,13,1611.7,7/2,1,0.78,0.021,4.36,0.01,0.26828263,0.006177436,0.023025851,True,5,7,0.227019,True,1.0
161,26Si,26Al,b+ec,14,12,0.0,0,1,13,13,1057.7,1,1,21.9,0.4,3.54,0.01,1.772525762,0.040813914,0.023025851,True,0,2,1.694828,False,1.0
162,26Si,26Al,b+ec,14,12,0.0,0,1,13,13,1850.0,1,2,2.73,0.07,3.86,0.01,0.848384169,0.019534767,0.023025851,True,0,2,0.955779,False,1.0
163,26Si,26Al,b+ec,14,12,0.0,0,1,13,13,2071.0,1,3,0.29,0.011,4.63,0.02,0.144076303,0.006634959,0.046051702,True,0,2,0.022319,False,1.0
164,26Si,26Al,b+ec,14,12,0.0,0,1,13,13,2740.0,1,4,0.0618,0.0025,4.54,0.02,0.177252576,0.008162783,0.046051702,True,0,2,0.26411,False,1.0
165,27Si,27Al,b+ec,14,13,0.0,5/2,1,13,14,1014.5,3/2,1,0.006,0.0008,7.23,0.06,0.000361903,4.99988e-05,0.138155106,True,5,3,0.008694,True,-1.0
166,27Si,27Al,b+ec,14,13,0.0,5/2,1,13,14,2212.0,7/2,1,0.18,0.013,4.69,0.04,0.125485214,0.011557615,0.092103404,True,5,7,0.124469,True,1.0
167,27Si,27Al,b+ec,14,13,0.0,5/2,1,13,14,2734.9,5/2,2,0.017,0.013,5.0,0.4,0.06146,0.056606752,0.921034037,True,5,5,0.099198,True,0.0
168,27Si,27Al,b+ec,14,13,0.0,5/2,1,13,14,2982.2,3/2,2,0.026,0.013,4.34,0.22,0.280926401,0.142308528,0.50656872,True,5,3,0.339448,True,-1.0
169,26P,26Si,b+ec,15,11,0.0,3,1,14,12,1797.2,2,1,44.0,12.0,4.9,0.1,0.077373556,0.01781592,0.230258509,True,6,4,0.104042,False,-1.0
170,26P,26Si,b+ec,15,11,0.0,3,1,14,12,2786.31,2,2,3.3,2.0,5.9,0.3,0.007737356,0.005344776,0.690775528,True,6,4,0.001446,False,-1.0
171,26P,26Si,b+ec,15,11,0.0,3,1,14,12,3756.0,3,1,2.68,0.68,5.8,0.1,0.009740754,0.002242891,0.230258509,True,6,6,0.00466,False,0.0
172,26P,26Si,b+ec,15,11,0.0,3,1,14,12,3842.2,4,1,1.68,0.47,6.0,0.1,0.006146,0.001415169,0.230258509,True,6,8,0.004998,False,1.0
173,26P,26Si,b+ec,15,11,0.0,3,1,14,12,4193.2,2,3,1.78,0.75,5.9,0.2,0.007737356,0.003563184,0.460517019,True,6,4,0.015237,False,-1.0
174,28P,28Si,b+ec,15,13,0.0,3,1,14,14,1779.0,2,1,69.1,0.7,4.851,0.005,0.08661489,0.000997191,0.011512925,True,6,4,0.080356,False,-1.0
175,28P,28Si,b+ec,15,13,0.0,3,1,14,14,4617.0,4,1,1.29,0.18,5.99,0.06,0.006289159,0.000868879,0.138155106,True,6,8,0.012667,False,1.0
176,28P,28Si,b+ec,15,13,0.0,3,1,14,14,6276.0,3,1,7.6,0.4,4.788,0.023,0.100136534,0.005303176,0.052959457,True,6,6,0.171042,False,0.0
177,29P,29Si,b+ec,15,14,0.0,1/2,1,14,15,0.0,1/2,1,98.29,0.03,3.6812,0.0004,1.280538251,0.001179419,0.000921034,True,1,1,0.232412,True,0.0
178,29P,29Si,b+ec,15,14,0.0,1/2,1,14,15,1273.39,3/2,1,1.26,0.02,4.806,0.007,0.096071054,0.001548482,0.016118096,True,1,3,0.032653,True,1.0
179,29P,29Si,b+ec,15,14,0.0,1/2,1,14,15,2425.98,3/2,2,0.456,0.014,4.172,0.014,0.413611453,0.013333258,0.032236191,True,1,3,0.554889,True,1.0
180,30P,30Si,b+ec,15,15,0.0,1,1,14,16,0.0,0,1,99.939,0.003,4.893,0.0008,0.078630775,0.000144843,0.001842068,True,2,0,0.074544,False,-1.0
181,30P,30Si,b+ec,15,15,0.0,1,1,14,16,2235.3,2,1,0.055,0.003,5.884,0.024,0.008027726,0.000443629,0.055262042,True,2,4,0.009577,False,1.0
182,30P,30Si,b+ec,15,15,0.0,1,1,14,16,3498.5,2,2,0.00156,0.00015,5.26,0.024,0.033774782,0.001866463,0.055262042,True,2,4,0.046219,False,1.0
183,30P,30Si,b+ec,15,15,0.0,1,1,14,16,3787.7,0,2,0.0034,0.0003,4.48,0.04,0.203513187,0.018744257,0.092103404,True,2,0,0.203144,False,-1.0
190,30S,30P,b+ec,16,14,0.0,0,1,15,15,0.0,1,1,21.3,0.5,4.322,0.011,0.292814484,0.007416533,0.025328436,True,0,2,0.223632,False,1.0
191,30S,30P,b+ec,16,14,0.0,0,1,15,15,708.0,1,2,0.29,0.07,5.89,0.11,0.007917582,0.0020054,0.25328436,True,0,2,0.085092,False,1.0
192,30S,30P,b+ec,16,14,0.0,0,1,15,15,3019.0,1,3,0.29,0.07,3.549,0.01,1.736171233,0.03997682,0.023025851,True,0,2,1.523085,False,1.0
193,31S,31P,b+ec,16,15,0.0,1/2,1,15,16,0.0,1/2,1,98.86,0.04,3.6786,0.0004,1.28822747,0.001186501,0.000921034,True,1,1,0.287997,True,0.0
194,31S,31P,b+ec,16,15,0.0,1/2,1,15,16,1266.13,3/2,1,1.08,0.03,4.967,0.012,0.066312066,0.00183227,0.027631021,True,1,3,0.060972,True,1.0
195,31S,31P,b+ec,16,15,0.0,1/2,1,15,16,3134.3,1/2,2,0.0322,0.0012,4.77,0.02,0.104374055,0.004806603,0.046051702,True,1,1,0.074872,True,0.0
196,31S,31P,b+ec,16,15,0.0,1/2,1,15,16,3506.1,3/2,2,0.012,0.0009,4.58,0.04,0.161656271,0.014889093,0.092103404,True,1,3,0.263233,True,1.0
197,31Cl,31S,b+ec,17,14,0.0,3/2,1,16,15,2234.4,5/2,1,48.0,1.0,4.3,0.1,0.308029674,0.070926454,0.230258509,True,3,5,0.32447,False,1.0
198,31Cl,31S,b+ec,17,14,0.0,3/2,1,16,15,1248.8,3/2,1,6.8,0.4,5.3,0.1,0.030802967,0.007092645,0.230258509,True,3,3,0.03203,False,0.0
199,31Cl,31S,b+ec,17,14,0.0,3/2,1,16,15,3077.2,1/2,2,3.2,0.2,5.2,0.1,0.038778638,0.008929111,0.230258509,True,3,1,0.02094,False,-1.0
200,31Cl,31S,b+ec,17,14,0.0,3/2,1,16,15,3284.2,5/2,1,5.6,0.3,4.9,0.1,0.077373556,0.01781592,0.230258509,True,3,5,0.32447,False,1.0
201,31Cl,31S,b+ec,17,14,0.0,3/2,1,16,15,3435.6,3/2,2,0.8,0.1,4.3,0.1,0.308029674,0.070926454,0.230258509,True,3,3,0.002208,False,0.0
202,31Cl,31S,b+ec,17,14,0.0,3/2,1,16,15,4520.5,3/2,3,0.6,0.1,5.5,0.1,0.019435358,0.004475157,0.230258509,True,3,3,0.088774,False,0.0
203,31Cl,31S,b+ec,17,14,0.0,3/2,1,16,15,5157.5,1/2,3,0.7,0.1,5.3,0.1,0.030802967,0.007092645,0.230258509,True,3,1,0.174981,False,-1.0
204,31Cl,31S,b+ec,17,14,0.0,3/2,1,16,15,6255.0,1/2,4,0.4,0.1,5.1,0.1,0.048819413,0.011241085,0.230258509,True,3,1,0.003637,False,-1.0
205,31Cl,31S,b+ec,17,14,0.0,3/2,1,16,15,6280.0,3/2,4,14.6,0.1,3.509,0.013,1.903673901,0.056983825,0.029933606,True,3,3,0.011879,False,0.0
206,32Cl,32S,b+ec,17,15,0.0,1,1,16,16,0.0,0,1,1.0,0.4,6.74,0.18,0.001118388,0.000463533,0.414465317,True,2,0,0.000576,False,-1.0
207,32Cl,32S,b+ec,17,15,0.0,1,1,16,16,2230.5,2,1,60.0,4.0,4.52,0.03,0.185606233,0.012821224,0.069077553,True,2,4,0.209055,False,1.0
208,32Cl,32S,b+ec,17,15,0.0,1,1,16,16,3778.0,0,2,2.6,0.8,5.51,0.14,0.018992956,0.006122606,0.322361913,True,2,0,0.005906,False,-1.0
209,32Cl,32S,b+ec,17,15,0.0,1,1,16,16,4281.5,2,2,3.1,0.4,5.3,0.06,0.030802967,0.004255587,0.138155106,True,2,4,0.007221,False,1.0
210,32Cl,32S,b+ec,17,15,0.0,1,1,16,16,4694.2,1,1,6.8,0.8,4.84,0.06,0.088836728,0.012273248,0.138155106,True,2,2,0.119334,False,0.0
211,32Cl,32S,b+ec,17,15,0.0,1,1,16,16,5548.7,2,3,4.1,0.5,4.79,0.06,0.099676449,0.01377081,0.138155106,True,2,4,0.09115,False,1.0
212,33Cl,33S,b+ec,17,16,0.0,3/2,1,16,17,0.0,3/2,1,98.58,0.19,3.7471,0.001,1.100252986,0.002533426,0.002302585,True,3,3,0.171291,True,0.0
213,33Cl,33S,b+ec,17,16,0.0,3/2,1,16,17,840.9,1/2,1,0.48,0.06,5.65,0.06,0.01375918,0.001900901,0.138155106,True,3,1,0.011149,True,-1.0
214,33Cl,33S,b+ec,17,16,0.0,3/2,1,16,17,1966.0,5/2,1,0.46,0.06,4.97,0.06,0.065855576,0.009098284,0.138155106,True,3,5,0.037426,True,1.0
215,33Cl,33S,b+ec,17,16,0.0,3/2,1,16,17,2312.7,3/2,2,0.035,0.005,5.65,0.06,0.01375918,0.001900901,0.138155106,True,3,3,0.009187,True,0.0
216,33Cl,33S,b+ec,17,16,0.0,3/2,1,16,17,2867.0,5/2,2,0.44,0.06,4.18,0.06,0.406062193,0.056099565,0.138155106,True,3,5,0.370478,True,1.0
218,34Cl,34S,b+ec,17,17,146.36,3,1,16,18,3304.2,2,2,26.4,0.5,4.823,0.011,0.092383105,0.00233992,0.025328436,True,6,4,0.117454,False,-1.0
219,34Cl,34S,b+ec,17,17,146.36,3,1,16,18,4114.813,2,3,0.45,0.01,5.081,0.013,0.051002628,0.001526693,0.029933606,True,6,4,0.072536,False,-1.0
224,35Ar,35Cl,b+ec,18,17,0.0,3/2,1,17,18,0.0,3/2,1,98.23,0.05,3.752,0.0005,1.087908966,0.001252501,0.001151293,True,3,3,0.137675,True,0.0
225,35Ar,35Cl,b+ec,18,17,0.0,3/2,1,17,18,1219.22,1/2,1,1.23,0.03,5.091,0.011,0.049841667,0.001262411,0.025328436,True,3,1,0.046274,True,-1.0
226,35Ar,35Cl,b+ec,18,17,0.0,3/2,1,17,18,1763.11,5/2,1,0.25,0.11,5.475,0.02,0.020586976,0.000948065,0.046051702,True,3,5,0.042143,True,1.0
227,35Ar,35Cl,b+ec,18,17,0.0,3/2,1,17,18,2693.0,3/2,3,0.16,0.007,4.989,0.019,0.063036567,0.002757794,0.043749117,True,3,3,0.069654,True,0.0
228,35Ar,35Cl,b+ec,18,17,0.0,3/2,1,17,18,3002.0,5/2,2,0.089,0.0026,4.973,0.013,0.06540223,0.001957725,0.029933606,True,3,5,0.02492,True,1.0
230,35K,35Ar,b+ec,19,16,0.0,3/2,1,18,17,0.0,3/2,1,19.0,4.0,5.07,0.1,0.052310944,0.01204504,0.230258509,True,3,3,0.071378,False,0.0
231,35K,35Ar,b+ec,19,16,0.0,3/2,1,18,17,1184.0,1/2,1,2.2,0.7,5.77,0.14,0.010437405,0.003364622,0.322361913,True,3,1,4.3e-05,False,-1.0
232,35K,35Ar,b+ec,19,16,0.0,3/2,1,18,17,1750.0,5/2,1,11.9,0.9,4.91,0.04,0.075612319,0.006964152,0.092103404,True,3,5,0.099411,False,1.0
233,35K,35Ar,b+ec,19,16,0.0,3/2,1,18,17,4725.0,1/2,2,2.1,0.4,4.85,0.09,0.086814557,0.017990812,0.207232658,True,3,1,0.083331,False,-1.0
234,35K,35Ar,b+ec,19,16,0.0,3/2,1,18,17,4785.0,1/2,3,1.0,0.4,5.15,0.18,0.043510348,0.01803353,0.414465317,True,3,1,0.13659,False,-1.0
235,35K,35Ar,b+ec,19,16,0.0,3/2,1,18,17,5572.0,3/2,3,36.0,3.0,3.31,0.05,3.010180624,0.346559852,0.115129255,True,3,3,0.00057,False,0.0
236,36K,36Ar,b+ec,19,17,0.0,2,1,18,18,1970.0,2,1,44.0,4.0,4.78,0.04,0.101998211,0.009394382,0.092103404,True,4,4,0.132454,False,0.0
237,36K,36Ar,b+ec,19,17,0.0,2,1,18,18,4441.5,2,2,8.4,1.0,4.9,0.06,0.077373556,0.010689552,0.138155106,True,4,4,0.134878,False,0.0
238,36K,36Ar,b+ec,19,17,0.0,2,1,18,18,6612.0,2,3,42.0,4.0,3.49,0.05,1.988806615,0.228969823,0.115129255,True,4,4,0.12111,False,0.0
239,37K,37Ar,b+ec,19,18,0.0,3/2,1,18,19,0.0,3/2,1,97.89,0.11,3.657,0.003,1.353918604,0.009352538,0.006907755,True,3,3,0.386137,True,0.0
