,GlobalIndex,A,Element,Z,N,Energy (keV),Energy Unc (keV),Ji,Thalf,E_gamma (keV),E_gamma Unc (keV),I_gamma,I_gamma Unc,Mult,Mult Ratio,Mult Ratio Unc,Conv Coef,Conv Coef Unc,B_exp (W.u.),B_exp Unc (W.u.),twoJi,Thalf Value,Thalf Units,Thalf Unc,Thalf (sec),Thalf Unc (sec),B_exp (e^2fm^4),B_exp Unc (e^2fm^4),Nucleus,Jf,twoJf,ni,nf,Include,Mth_p,Mth_n,B_th (W.u.),B_th_free (W.u.),B_th_brown (W.u.),B_rel_err_free,B_rel_err_brown,B_residual_free,B_residual_brown,B_residual_free (Abs),B_residual_brown (Abs)
135,145,26,Al,13,13,3962.83,0.05,3,37 FS 5,2904.92,0.0,15.9,0.6,[E2],,,,,1.8,0.3,6,37.0,FS,5.0,3.7e-14,5.000000000000001e-15,8.236093279595465,1.3726822132659109,26Al,1,2,7,1,True,0.4769,0.4769,1.8279241169263258,2.20737123164633,1.8078922229991357,-0.22631735091462768,-0.004384568332853118,-0.10031066504054302,-0.0019433727180295224,0.10031066504054302,0.0019433727180295224
14,18,18,F,9,9,1121.36,0.15,5,162 NS 7,184.0,0.0,100.0,0.0,E2,,,,,5.78,0.25,10,162.0,NS,7.0,1.6200000000000002e-07,7.0000000000000015e-09,16.197281603211252,0.7005744638067151,18F,3,6,1,1,True,-0.7026,-0.7026,5.8560263016059935,7.07164147036106,5.791851155262466,-0.22346738241540826,-0.0020503728827795933,-0.31831793795486496,-0.0029206520478756463,0.31831793795486496,0.0029206520478756463
185,229,31,P,15,16,5342.9,1.5,9/2,36 FS 8,3109.4,0.6,19.0,2.0,E2,,,,,1.4,0.4,9,36.0,FS,8.0,3.6000000000000004e-14,8e-15,8.098935030156303,2.313981437187516,31P,5/2,5,1,1,True,-0.5345,-0.2525,1.48369035914713,1.7390229022039052,1.4266954863276733,-0.24215921585993236,-0.0190682045197667,-0.08330404532749329,-0.006559562757038906,0.08330404532749329,0.006559562757038906
139,149,26,Al,13,13,4205.86,0.05,4,62 FS 10,2446.7,0.0,1.67,0.11,[E2],,,,,0.25,0.05,8,62.0,FS,10.0,6.2e-14,1.0000000000000002e-14,1.1439018443882591,0.2287803688776518,26Al,2,4,3,1,True,0.192,0.192,0.2962824828149722,0.3577858746708999,0.2930355760023339,-0.4311434986835996,-0.1721423040093355,-0.026611768265461543,-0.010625258450994072,0.026611768265461543,0.010625258450994072
154,185,26,Si,14,12,4139.06,0.2,2,35 FS 3,4141.0,3.0,11.8,5.9,[E2],,,,,0.28,0.15,4,35.0,FS,3.0,3.5e-14,3.0000000000000002e-15,1.2811700657148504,0.6863411066329554,26Si,0,0,3,1,True,-0.2075,-0.0487,0.23701591887528795,0.2732779846833924,0.2244070130320982,0.02400719755931285,0.19854638202822078,0.0016586196589366384,0.013717258402574534,0.0016586196589366384,0.013717258402574534
204,251,34,S,16,18,4889.756,0.022,2,29 FS 10,4889.3,0.08,90.0,10.0,E2,,,,,0.35,0.13,4,29.0,FS,10.0,2.9e-14,1.0000000000000002e-14,2.2901163886152136,0.8506146586285079,34S,0,0,4,1,True,-0.2617,-0.0795,0.29593102506278257,0.3429184594522281,0.2815131641894994,0.020232972993633948,0.19567667374428738,0.0017476284444447072,0.01690162493952026,0.0017476284444447072,0.01690162493952026
172,216,30,Si,14,16,4810.31,0.11,2,104 FS 15,4810.0,0.3,100.0,7.0,E2,,,0.001434,2e-05,0.17,0.03,4,104.0,FS,15.0,1.0400000000000001e-13,1.5000000000000002e-14,0.9413725896307544,0.1661245746407213,30Si,0,0,3,1,True,-0.1837,-0.2015,0.24385864642962365,0.29586221794145773,0.24225522946355557,-0.7403659878909277,-0.42503076155032676,-0.03107623828974222,-0.017840307959087993,0.03107623828974222,0.017840307959087993
91,100,26,Mg,12,14,4835.13,0.05,2,28 FS 6,4834.61,0.18,10.8,0.9,E2,,,,,0.15,0.04,4,28.0,FS,6.0,2.8e-14,6.000000000000001e-15,0.6863411066329554,0.1830242951021214,26Mg,0,0,4,1,True,0.2967,-0.211,0.26718394554952535,0.27974878666142017,0.2310178956897388,-0.8649919110761345,-0.5401193045982587,-0.03203517503207907,-0.020003443083627972,0.03203517503207907,0.020003443083627972
216,267,34,Ar,18,16,3287.7,0.5,2,194 FS 35,3286.0,4.0,9.0,6.0,[E2],,,,,0.1,0.07,4,194.0,FS,35.0,1.94e-13,3.5e-14,0.6543189681757754,0.4580232777230428,34Ar,0,0,2,1,True,0.4066,-0.5177,0.23919532424156026,0.22613008588513653,0.18791013597500256,-1.2613008588513652,-0.8791013597500255,-0.03113858033895493,-0.02170296493858687,0.03113858033895493,0.02170296493858687
169,213,29,Si,14,15,4895.2,0.4,5/2,12 FS 5,4893.8,1.2,33.0,4.0,(E2),,,,,0.6,0.3,5,12.0,FS,5.0,1.2e-14,5.000000000000001e-15,3.175651735248459,1.5878258676242294,29Si,1/2,1,3,1,True,0.3614,0.1651,0.7212939627243913,0.8445693807593188,0.6929249430602759,-0.40761563459886463,-0.15487490510045981,-0.06022250794042314,-0.022881740567589844,0.06022250794042314,0.022881740567589844
183,227,31,P,15,16,4634.2,0.8,7/2,68 FS 10,3367.6,0.7,9.0,3.0,[E2],,,,,0.1,0.04,7,68.0,FS,10.0,6.8e-14,1.0000000000000002e-14,0.5784953592968789,0.2313981437187515,31P,3/2,3,2,1,True,0.049,-0.2522,0.002377395386219743,0.005587027865011047,0.004432293790946709,0.9441297213498896,0.9556770620905328,0.02331070806492943,0.023595813684257397,0.02331070806492943,0.023595813684257397
78,86,25,Mg,12,13,2563.36,0.05,1/2,10 FS 5,2563.6,0.4,5.0,1.4,E2,,,,,4.0,3.0,1,10.0,FS,5.0,1.0000000000000002e-14,5.000000000000001e-15,17.369912224383828,13.027434168287872,25Mg,5/2,5,2,1,True,-0.5229,-1.168,3.739655962270335,4.734108258185325,3.867260400750375,-0.18352706454633116,0.03318489981240624,-0.1456538201379258,0.026336755510798757,0.1456538201379258,0.026336755510798757
178,222,32,Si,14,18,4230.8,0.8,2,0.26 PS 0.09,4230.0,1.5,100.0,5.0,[E2],,,,,0.17,0.06,4,0.26,PS,0.09,2.6e-13,9e-14,1.0259664993149051,0.3621058232876135,32Si,0,0,2,1,True,-0.3143,0.1019,0.31478382571100993,0.3454811020508544,0.2845070907124464,-1.0322417767697316,-0.6735711218379199,-0.04332391309500532,-0.028270253541889948,0.04332391309500532,0.028270253541889948
17,21,18,F,9,9,4115.9,0.25,3,63 FS 15,4116.0,0.0,5.0,3.0,E2,,,,,0.15,0.04,6,63.0,FS,15.0,6.300000000000001e-14,1.5000000000000002e-14,0.420344678284029,0.1120919142090744,18F,1,2,3,1,True,0.1052,-0.1052,0.03963468686502907,0.03963468686502907,0.03282148419293059,0.7357687542331395,0.7811901053804626,0.027249365598886823,0.02893155582005058,0.027249365598886823,0.02893155582005058
62,67,23,Na,11,12,6115.1,0.6,11/2,35 FS 9,4038.0,1.0,30.0,3.0,[E2],,,0.00118,,0.89,0.25,11,35.0,FS,9.0,3.5e-14,9.000000000000001e-15,3.4581572863142447,0.9713924961556868,23Na,7/2,7,2,1,True,-0.3371,-0.3237,1.0205397459359373,1.229943906035698,1.0074665375534184,-0.38195944498393036,-0.1319848736555263,-0.08377730637539622,-0.028948982260727153,0.08377730637539622,0.028948982260727153
22,27,19,F,9,10,197.143,0.004,5/2,89.3 NS 1,197.1,0.0,100.0,0.0,E2,,,,,6.95,0.08,5,89.3,NS,1.0,8.93e-08,1e-09,20.931831343807968,0.2409419435258471,19F,1/2,1,1,1,True,0.6377,1.2263,6.644227971378738,8.329501052680921,6.807943697925629,-0.19848936009797427,0.020439755694154106,-0.3405511114819355,0.03506878916143193,0.3405511114819355,0.03506878916143193
192,239,31,S,16,15,2234.29,0.14,5/2,222 FS 55,2234.2,0.2,100.0,1.0,E2,,,,,7.8,2.2,5,222.0,FS,55.0,2.2200000000000001e-13,5.5000000000000005e-14,45.12263802515655,12.726897904531336,31S,1/2,1,1,1,True,1.0869,1.033,7.726329928119833,9.3070651053456,7.623776383670196,-0.19321347504430778,0.022592771324333773,-0.32698603177489116,0.03823501772041181,0.32698603177489116,0.03823501772041181
202,249,34,S,16,18,4114.813,0.023,2,73 FS 6,4114.52,0.04,100.0,10.0,E2,,,,,0.57,0.09,4,73.0,FS,6.0,7.3e-14,6.000000000000001e-15,3.7296181186019193,0.5888870713581977,34S,0,0,3,1,True,-0.2856,-0.173,0.41161525643258706,0.4864813287270265,0.39892190920582743,0.14652398468942715,0.30013700139328514,0.02061680420084662,0.04223107776020708,0.02061680420084662,0.04223107776020708
74,82,24,Mg,12,12,4238.24,0.03,2,41 FS 4,4237.96,0.06,100.0,0.6,E2,,,,,1.94,0.19,4,41.0,FS,4.0,4.1e-14,4e-15,7.978128122899344,0.7813630635829255,24Mg,0,0,2,1,True,0.4522,0.4522,1.7877193841298276,2.1588206546671027,1.7681280866887237,-0.11279415189025917,0.08859376974808056,-0.05397043258718466,0.042390886386426775,0.05397043258718466,0.042390886386426775
90,99,26,Mg,12,14,4332.52,0.05,2,20 FS 3,4332.2,0.3,7.6,0.8,[E2],,,,,0.24,0.05,4,20.0,FS,3.0,2.0000000000000003e-14,3.0000000000000002e-15,1.0981457706127289,0.2287803688776518,26Mg,0,0,3,1,True,0.0487,0.2075,0.057351633861010554,0.07584470444792285,0.061810835094177126,0.6839803981336547,0.742454853774262,0.0405290832228096,0.043993972107832235,0.0405290832228096,0.043993972107832235
212,263,35,Cl,17,18,3943.82,0.25,9/2,205 FS 35,2180.0,1.0,100.0,2.2,[E2],,,,,7.1,1.3,9,205.0,FS,35.0,2.05e-13,3.5e-14,48.28734889490153,8.841345572305913,35Cl,5/2,5,1,1,True,1.0842,1.0937,6.961226930217628,8.409899275213336,6.887751397043731,-0.18449285566385018,0.02989416943046038,-0.30795595829789885,0.04989942597696499,0.30795595829789885,0.04989942597696499
131,141,26,Al,13,13,3680.68,0.06,3,8.3 FS 1.4,3680.4,0.0,0.77,0.08,[E2],,,,,0.16,0.04,6,8.3,FS,1.4,8.300000000000002e-15,1.4e-15,0.7320971804084858,0.1830242951021214,26Al,5,10,6,1,True,0.2151,0.2151,0.3718641731149078,0.4490570862394733,0.3677889800572846,-1.8066067889967083,-1.2986811253580288,-0.07136863927759328,-0.0513034188384559,0.07136863927759328,0.0513034188384559
99,108,26,Mg,12,14,6622.94,0.14,4,19 FS 5,2290.2,0.3,26.2,1.4,[E2],,,,,12.0,4.0,8,19.0,FS,5.0,1.9e-14,5.000000000000001e-15,54.90728853063644,18.302429510212143,26Mg,2,4,5,3,True,-1.1766,-1.4473,12.309811245802573,15.026349432989159,12.299560665255521,-0.25219578608242993,-0.02496338877129345,-0.5316548892301335,-0.052625414160063985,0.5316548892301335,0.052625414160063985
114,123,26,Al,13,13,2069.47,0.03,2,14 FS 2,1841.09,0.0,4.0,0.5,E2,,,,,12.6,2.4,4,14.0,FS,2.0,1.4e-14,2e-15,57.65265295716826,10.981457706127289,26Al,0,0,2,1,True,-1.2461,-1.2461,12.479848406236753,15.07046057992604,12.34308397647393,-0.19606829999413022,0.02039016059730717,-0.5247694619968754,0.05457350120850288,0.5247694619968754,0.05457350120850288
165,196,28,Si,14,14,8258.74,0.1,2,10 FS 2,3640.4,0.0,5.7,1.5,(E2),,,,,0.7,0.24,4,10.0,FS,2.0,1.0000000000000002e-14,2e-15,3.5355721375715485,1.2121961614531025,28Si,4,8,5,1,True,-0.2532,-0.2532,0.47680400934955053,0.5757807141040341,0.47157879936905656,0.17745612270852268,0.3263160009013477,0.030617716228126212,0.056301527182046354,0.030617716228126212,0.056301527182046354
149,180,28,Al,13,15,2581.81,0.22,5,313 FS 25,2582.2,0.5,100.0,2.0,[E2],,,,,2.9,0.3,10,313.0,FS,25.0,3.1300000000000013e-13,2.5e-14,14.647370284224989,1.515245201816378,28Al,3,6,1,1,True,0.5146,0.8672,2.624411816466562,3.2629028962556683,2.668082240533048,-0.12513892974333393,0.07997164119550058,-0.08936082874931518,0.05710718597586126,0.08936082874931518,0.05710718597586126
98,107,26,Mg,12,14,6256.2,1.4,0,53 FS 31,4447.1,0.0,100.0,4.0,E2,,,,,1.2,0.8,0,53.0,FS,31.0,5.3e-14,3.1e-14,5.490728853063644,3.6604859020424296,26Mg,2,4,4,1,True,0.4595,0.3209,1.4741879794871777,1.7518300771373951,1.4360859489735605,-0.459858397614496,-0.19673829081130043,-0.13367146763831722,-0.057187813052501264,0.13367146763831722,0.057187813052501264
93,102,26,Mg,12,14,4901.44,0.07,4,29 FS 6,1962.99,0.24,1.89,0.14,[E2],,,,,2.5,0.6,8,29.0,FS,6.0,2.9e-14,6.000000000000001e-15,11.439018443882592,2.7453644265318218,26Mg,2,4,2,2,True,0.6268,0.4704,2.8126224888853386,3.352216926984604,2.7475682141186346,-0.3408867707938416,-0.09902728564745385,-0.20815208267894972,-0.06046798384565872,0.20815208267894972,0.06046798384565872
170,214,30,Si,14,16,2235.322,0.018,2,215 FS 28,2235.23,0.02,100.0,0.0,E2,,,0.000436,6e-06,8.5,1.1,4,215.0,FS,28.0,2.1500000000000002e-13,2.8e-14,47.06862948153772,6.091234403493117,30Si,0,0,1,1,True,1.0358,1.2827,8.244188744010916,10.067228047164448,8.240188294086153,-0.184379770254641,0.03056608304868793,-0.37344073758678514,0.06190820491356824,0.37344073758678514,0.06190820491356824
200,247,34,S,16,18,3304.212,0.013,2,136 FS 7,3304.031,0.02,87.2,0.9,E2,,,,,0.75,0.04,4,136.0,FS,7.0,1.36e-13,7e-15,4.907392261318315,0.2617275872703101,34S,0,0,2,1,True,-0.5177,0.4066,0.5821358370287697,0.6029877922447074,0.49827130004742737,0.19601627700705673,0.33563826660343016,0.03629754025818202,0.06215220327741376,0.03629754025818202,0.06215220327741376
215,266,34,Ar,18,16,2091.1,0.3,2,319 FS 42,2091.1,0.3,100.0,0.0,E2,,,,,6.8,0.9,4,319.0,FS,42.0,3.19e-13,4.2e-14,44.49368983595272,5.888870713581978,34Ar,0,0,1,1,True,-1.0931,-0.8888,6.663768317855009,7.969602514483784,6.530839390215079,-0.17200036977702704,0.0395824426154295,-0.28191378770313186,0.06487681589710168,0.28191378770313186,0.06487681589710168
155,186,27,Si,14,13,2647.6,0.3,5/2,17 FS 2,1866.6,0.0,3.9,1.3,(E2),,,,,9.0,3.0,5,17.0,FS,2.0,1.7e-14,2e-15,43.30570860119036,14.435236200396789,27Si,1/2,1,2,1,True,-1.0085,-1.2372,8.680767793677,10.594891678829255,8.672337617214321,-0.17721018653658385,0.03640693142063098,-0.3164411558343026,0.06501122584590416,0.3164411558343026,0.06501122584590416
33,38,19,Ne,10,9,238.27,0.11,5/2,18.0 NS 0.5,238.3,0.0,100.0,0.0,E2,,,,,13.2,0.5,5,18.0,NS,0.5,1.8000000000000002e-08,5e-10,39.755420681764775,1.5058871470365445,19Ne,1/2,1,1,1,True,-1.2263,-0.6377,13.394530306831088,15.747415707024158,12.916967311510005,-0.19298603841092116,0.021441870340151086,-0.6242522280947366,0.0693580501707438,0.6242522280947366,0.0693580501707438
76,84,25,Mg,12,13,585.045,0.021,1/2,3.38 NS 0.06,585.028,0.03,100.0,0.0,E2,,,,,0.563,0.01,1,3.38,NS,0.06,3.38e-09,6e-11,2.4448151455820235,0.0434247805609595,25Mg,5/2,5,1,1,True,-0.1598,-0.8185,0.7954617799519759,1.0647956432747285,0.8672105179525844,-0.891288886811241,-0.5403383977843419,-0.1238997811481808,-0.07511347916718385,0.1238997811481808,0.07511347916718385
213,264,35,Cl,17,18,4111.98,0.24,7/2,49 FS 11,4111.7,0.0,100.0,6.0,E2,,,,,0.72,0.18,7,49.0,FS,11.0,4.9000000000000006e-14,1.1e-14,4.896745240046352,1.224186310011588,35Cl,3/2,3,2,1,True,0.297,0.1733,0.4272575380785712,0.5042890276942706,0.4135559281225593,0.2995985726468463,0.42561676649644536,0.0532094418616478,0.07559058239883616,0.0532094418616478,0.07559058239883616
69,76,22,Mg,12,10,3308.22,0.06,4,200 FS 45,2061.09,0.05,100.0,0.0,E2,,,,,21.0,5.0,8,200.0,FS,45.0,2e-13,4.5e-14,76.90132512895161,18.30983931641705,22Mg,2,4,1,1,True,-1.5607,-1.341,21.88631231193721,26.23988800110248,21.499787189988613,-0.24951847624297518,-0.023799389999457753,-0.8143455385883639,-0.07767331445351669,0.8143455385883639,0.07767331445351669
160,191,28,Si,14,14,6690.74,0.15,0,147 FS 10,4910.8,0.5,100.0,0.0,E2,,,,,0.267,0.019,0,147.0,FS,10.0,1.47e-13,1.0000000000000002e-14,1.3485682296165766,0.0959655294483706,28Si,2,4,3,1,True,-0.2823,-0.2823,0.5926990788095078,0.7157337022213595,0.5862037954618491,-1.680650570117451,-1.195519833190446,-0.1107972257404235,-0.07881488465856314,0.1107972257404235,0.07881488465856314
134,144,26,Al,13,13,3962.83,0.05,3,37 FS 5,3962.5,0.0,7.9,0.4,[E2],,,,,0.19,0.03,6,37.0,FS,5.0,3.7e-14,5.000000000000001e-15,0.8693654017350769,0.137268221326591,26Al,5,10,7,1,True,-0.2534,-0.2534,0.516079655550742,0.6232093413244078,0.5104240307782232,-2.280049164865304,-1.6864422672538062,-0.10696233500828173,-0.07911487416227898,0.10696233500828173,0.07911487416227898
95,104,26,Mg,12,14,4972.3,0.13,0,446 FS 70,2033.88,0.12,100.0,4.0,E2,,,,,7.4,1.3,0,446.0,FS,70.0,4.46e-13,7e-14,33.85949459389247,5.948289590818948,26Mg,2,4,3,2,True,0.8289,1.2806,6.9611731274526605,8.609167584792257,7.041784795483635,-0.16340102497192652,0.04840746006977907,-0.284274042564692,0.08421602230885174,0.284274042564692,0.08421602230885174
219,270,36,Ar,18,18,4440.11,0.19,2,76 FS 14,4439.8,0.0,100.0,3.0,E2,,,,,0.39,0.08,4,76.0,FS,14.0,7.6e-14,1.4e-14,2.753925763582949,0.5649078489400922,36Ar,0,0,2,1,True,0.0872,0.0872,0.04356762283683397,0.05261154792517085,0.04309017303941305,0.8650985950636645,0.8895123768220179,0.08328954307933298,0.08564004132207047,0.08328954307933298,0.08564004132207047
41,46,22,Ne,10,12,4456.2,0.9,2,3.7 FS 2.5,4455.7,0.0,3.1,2.1,E2,,,,,0.7,0.5,4,3.7,FS,2.5,3.7e-15,2.5000000000000004e-15,2.563377504298387,1.8309839316417047,22Ne,0,0,2,1,True,-0.4654,0.0438,1.1786141022973284,1.3229156488646283,1.0880134708731486,-0.8898794983780406,-0.5543049583902123,-0.1526474382043743,-0.09508392095387125,0.1526474382043743,0.09508392095387125
87,96,26,Mg,12,14,2938.33,0.04,2,141 FS 8,2938.15,0.05,10.7,0.6,E2,,,,,0.39,0.04,4,141.0,FS,8.0,1.41e-13,8e-15,1.7844868772456843,0.1830242951021214,26Mg,0,0,2,1,True,0.0962,0.9687,0.6888169830388015,0.9589116207466738,0.7793619552990326,-1.4587477455042916,-0.9983639879462375,-0.14046515437529405,-0.09613406575728613,0.14046515437529405,0.09613406575728613
83,91,25,Mg,12,13,5251.63,0.22,11/2,15 FS 2,3639.5,0.3,100.0,3.0,E2,,,,,5.1,1.2,11,15.0,FS,2.0,1.5000000000000002e-14,2e-15,22.14663808608938,5.210973667315148,25Mg,7/2,7,1,1,True,0.7382,0.7964,4.727440267088343,5.730668829444232,4.692558633714565,-0.12366055479298675,0.07989046397753616,-0.14930471195435502,0.09645778099600029,0.14930471195435502,0.09645778099600029
89,98,26,Mg,12,14,4318.89,0.05,4,272 FS 16,2510.01,0.05,100.0,2.0,[E2],,,,,4.5,0.3,8,272.0,FS,16.0,2.72e-13,1.6e-14,20.590233198988663,1.3726822132659109,26Mg,2,4,1,1,True,0.7941,0.4914,4.2351450331687,5.009375721523064,4.107580667531919,-0.11319460478290308,0.08720429610401798,-0.12542814369828936,0.09662892506070217,0.12542814369828936,0.09662892506070217
127,137,26,Al,13,13,3596.34,0.04,3,18 FS 3,3596.07,0.0,4.02,0.22,[E2],,,,,0.42,0.08,6,18.0,FS,3.0,1.8000000000000002e-14,3.0000000000000002e-15,1.921755098572276,0.3660485902042429,26Al,5,10,5,1,True,-0.0523,-0.0523,0.02198400912594849,0.02654752943599625,0.021743090296316832,0.9367915965809613,0.9482307373897219,0.097129810742433,0.09831586064495786,0.097129810742433,0.09831586064495786
187,231,31,P,15,16,5773.5,1.6,7/2,22 FS 7,4507.0,0.0,57.0,14.0,[E2],,,,,0.43,0.18,7,22.0,FS,7.0,2.2e-14,7e-15,2.487530044976579,1.0412916467343818,31P,3/2,3,3,1,True,-0.0839,0.0059,0.02711604351263863,0.030500932337662687,0.025081973296828913,0.9290675992147379,0.9416698295422583,0.09854446525063038,0.09988116028728909,0.09854446525063038,0.09988116028728909
70,77,23,Mg,12,11,2357.0,0.7,1/2,575 FS 118,1906.0,1.0,100.0,4.0,[E2],,,0.000274,,6.9,1.8,1,575.0,FS,118.0,5.750000000000001e-13,1.18e-13,26.810432893896955,6.994025972320944,23Mg,5/2,5,1,1,True,-1.0317,-0.5171,7.668347848646755,9.004639907856639,7.386639253486439,-0.3050202765009621,-0.0705274280415128,-0.47487512431764695,-0.10980162218465385,0.47487512431764695,0.10980162218465385
13,17,18,F,9,9,937.2,0.06,3,46.9 PS 1.7,937.0,0.0,100.0,0.0,E2,,,,,5.8,0.2,6,46.9,PS,1.7,4.69e-11,1.6999999999999998e-12,16.25332756031579,0.560459571045372,18F,1,2,1,1,True,0.7299,0.7299,6.31994727332164,7.631864839175994,6.25068809990612,-0.31583876537517136,-0.07770484481140004,-0.4517617963408064,-0.1111455721234315,0.4517617963408064,0.1111455721234315
174,218,30,Si,14,16,5372.2,0.6,0,59 FS 21,3136.6,0.7,100.0,27.0,E2,,,0.000847,1.2e-05,3.4,1.7,0,59.0,FS,21.0,5.9e-14,2.1e-14,18.827451792615086,9.413725896307543,30Si,2,4,3,1,True,-0.758,-0.3305,3.0302581365925896,3.543315338245604,2.9073296770965316,-0.04215157007223655,0.14490303614807892,-0.0326285983997759,0.11216623640071711,0.0326285983997759,0.11216623640071711
38,43,20,Ne,10,10,11951.0,4.0,8,0.035 KEV 0.01,3173.0,5.0,100.0,0.0,[E2],,,,,9.0,1.3,16,0.035,KEV,0.01,1.3035127835558739e-17,4.56229474244556e-17,29.02463662375227,4.192447512319772,20Ne,6,12,1,1,True,0.9528,0.9528,9.625469857364065,11.623559784282168,9.519986052321704,-0.2915066426980187,-0.05777622803574486,-0.6167961787663856,-0.1222481805085293,0.6167961787663856,0.1222481805085293
81,89,25,Mg,12,13,4059.6,0.3,9/2,47 FS 5,4058.9,0.5,100.0,1.7,E2,,,,,1.51,0.17,9,47.0,FS,5.0,4.7e-14,5.000000000000001e-15,6.557141864704895,0.7382212695363127,25Mg,5/2,5,2,1,True,-0.2907,-0.5252,0.9883439927361749,1.2341362779005336,1.0089149227206529,0.18269120668838834,0.33184442203930276,0.0680545720908122,0.12361585733640577,0.0680545720908122,0.12361585733640577
97,106,26,Mg,12,14,5715.91,0.08,4,53 FS 16,2776.82,0.2,51.4,1.4,[E2],,,,,1.7,0.5,8,53.0,FS,16.0,5.3e-14,1.6e-14,7.778532541840162,2.2878036887765183,26Mg,2,4,4,2,True,0.515,0.0008,1.2805769372519098,1.4494637436785396,1.1915145495368924,0.14737426842438844,0.29910908850771034,0.06139469729888982,0.12460595831693216,0.06139469729888982,0.12460595831693216
21,25,18,F,9,9,6484.9,1.5,3,0.40 KEV 0.1,4784.0,0.0,4.0,2.0,E2,,,,,0.52,0.35,6,0.4,KEV,0.1,1.1405736856113897e-18,4.562294742445559e-18,1.4571948847179674,0.980804249329401,18F,1,2,6,2,True,0.0292,0.0292,0.010114686594522231,0.012214329905231533,0.010003841550632258,0.9765109040284009,0.980761843171861,0.12491359476676189,0.12545736758829804,0.12491359476676189,0.12545736758829804
214,265,32,Ar,18,14,1867.0,8.0,2,0.46 PS 0.12,1867.0,8.0,100.0,0.0,[E2],,,,,8.9,2.3,4,0.46,PS,0.12,4.600000000000004e-13,1.2e-13,53.71236378766268,13.880723226025186,32Ar,0,0,1,1,True,1.1888,0.9891,8.467298162383392,10.136882363825404,8.306382129172208,-0.1389755464972363,0.06669863717166204,-0.26556668601345945,0.12745361670979052,0.26556668601345945,0.12745361670979052
107,116,30,Mg,12,18,1482.8,0.3,2,1.5 PS 0.2,1482.1,0.5,100.0,0.0,E2,,,,,9.5,1.3,4,1.5,PS,0.2,1.5e-12,2e-13,52.6061153028951,7.198731567764592,30Mg,0,0,1,1,True,1.2846,0.7186,9.266196605695193,10.920675758291953,8.956544697957309,-0.14954481666231084,0.057205821267651696,-0.33399939434590364,0.12776577672766018,0.33399939434590364,0.12776577672766018
110,119,25,Al,13,12,451.7,0.5,1/2,2.29 NS 0.04,451.7,0.5,100.0,0.0,[E2],,,,,3.03,0.06,1,2.29,NS,0.04,2.29e-09,4e-11,13.15770850997075,0.2605486833657574,25Al,5/2,5,1,1,True,-0.8185,-0.1598,3.7608045181254797,4.323414036871985,3.550845695999605,-0.42686931909966513,-0.17189626930680035,-0.31932644982513697,-0.12858976496999144,0.31932644982513697,0.12858976496999144
191,238,33,P,15,18,4193.4,1.2,5/2,104 FS 35,4193.5,2.5,100.0,0.0,[E2],,,,,0.64,0.22,5,104.0,FS,35.0,1.0400000000000001e-13,3.5e-14,4.024230498118188,1.383329233728127,33P,1/2,1,4,1,True,-0.287,0.3502,0.1290067921427695,0.12344699972716816,0.10250463237559461,0.8071140629262996,0.8398365119131335,0.12735618969965884,0.1325195322952458,0.12735618969965884,0.1325195322952458
146,176,27,Al,13,14,4510.3,0.5,11/2,222 FS 14,2299.0,0.8,100.0,3.0,(E2),,,,,5.6,0.7,11,222.0,FS,14.0,2.2200000000000001e-13,1.4e-14,26.94577424074067,3.368221780092584,27Al,7/2,7,1,1,True,0.888,0.9235,6.202162007917592,7.504310624563326,6.145545986567626,-0.3400554686720225,-0.09741892617279044,-0.46333043265297447,-0.13273467822321997,0.46333043265297447,0.13273467822321997
100,109,26,Mg,12,14,6978.3,0.8,5,14 FS 5,3036.5,0.0,28.0,4.0,E2,,,,,4.8,1.9,10,14.0,FS,5.0,1.4e-14,5.000000000000001e-15,21.96291541225457,8.693654017350768,26Mg,3,6,1,1,True,-0.7687,-0.5944,4.276379666004864,5.103245840225698,4.182461746683789,-0.06317621671368716,0.12865380277421068,-0.06778665124421748,0.1380426197317439,0.06778665124421748,0.1380426197317439
51,56,22,Na,11,11,1951.8,0.3,2,8 FS 2,1294.8,0.0,0.29,0.05,[E2],,,,,15.0,5.0,4,8.0,FS,2.0,8e-15,2e-15,54.92951794925116,18.30983931641705,22Na,0,0,1,1,True,-1.2951,-1.2951,16.074267954634863,19.41102276854832,15.89811292301029,-0.2940681845698881,-0.059874194867352654,-0.6855292921190752,-0.13957822225362493,0.6855292921190752,0.13957822225362493
119,128,26,Al,13,13,2545.367,0.017,3,0.69 PS 0.17,1487.582,0.0,3.7,0.3,[E2],,,,,0.62,0.16,6,0.69,PS,0.17,6.899999999999999e-13,1.7e-13,2.8368765740828827,0.7320971804084858,26Al,1,2,3,1,True,-0.0152,-0.0152,0.001856909310698003,0.0022423732770172717,0.0018365597732090714,0.9963832689080366,0.9970378068174047,0.1524138546870534,0.15251397744996864,0.1524138546870534,0.15251397744996864
96,105,26,Mg,12,14,5476.05,0.07,4,21 FS 6,3667.4,0.5,25.0,2.0,[E2],,,,,1.1,0.4,8,21.0,FS,6.0,2.1e-14,6.000000000000001e-15,5.0331681153083405,1.8302429510212148,26Mg,2,4,3,1,True,-0.443,-0.5358,1.7296672028805493,2.1094307454022236,1.726726633810991,-0.9176643140020213,-0.569751485282719,-0.24803535107305655,-0.15399804429594866,0.24803535107305655,0.15399804429594866
171,215,30,Si,14,16,3498.49,0.03,2,58 FS 17,3498.33,0.05,98.0,3.0,E2,,,0.000994,1.4e-05,1.7,0.5,4,58.0,FS,17.0,5.8e-14,1.7e-14,9.413725896307543,2.7687429106786894,30Si,0,0,2,1,True,0.7765,0.0166,2.5358578595592713,2.875107712681903,2.3632204041299167,-0.6912398309893548,-0.39012964948818635,-0.2879638395375689,-0.1625242452004971,0.2879638395375689,0.1625242452004971
44,49,23,Ne,10,13,1016.926,0.02,1/2,178 PS 10,1016.9,0.02,100.0,0.0,[E2],,,,,0.75,0.05,1,178.0,PS,10.0,1.78e-10,1e-11,2.91417748846706,0.1942784992311373,23Ne,5/2,5,1,1,True,0.1541,1.1222,1.2666346116777774,1.7326357085864252,1.4095077271241292,-1.3101809447819004,-0.8793436361655056,-0.24260761297444344,-0.16282900572172018,0.24260761297444344,0.16282900572172018
27,32,20,F,9,11,822.73,0.03,4,55 PS 4,822.69,0.04,33.2,2.4,[E2],,,,,2.76,0.29,8,55.0,PS,4.0,5.5e-11,4e-12,8.900888564617361,0.9352382912097952,20F,2,4,1,1,True,0.3933,1.1097,3.2622265957197873,4.195028415505995,3.4239644274705765,-0.5199378317050707,-0.24056682154731043,-0.3534231148778685,-0.16352315646795743,0.3534231148778685,0.16352315646795743
176,220,30,Si,14,16,5950.73,0.15,4,15 FS 8,2452.6,1.3,5.0,3.0,(E2),,,0.00054,8e-06,4.0,3.0,8,15.0,FS,8.0,1.5000000000000002e-14,8e-15,22.149943285429515,16.612457464072136,30Si,2,4,2,2,True,-0.679,-0.6844,3.2022715112807534,3.8685288638855044,3.1683523833643568,0.03286778402862389,0.2079119041589108,0.026085080775804716,0.16500652461125545,0.026085080775804716,0.16500652461125545
222,273,37,Ar,18,19,2217.0,0.23,7/2,283 FS 22,2217.1,0.3,100.0,0.0,E2,,,0.000434,6e-06,4.6,0.5,7,283.0,FS,22.0,2.83e-13,2.2e-14,33.69078146916754,3.6620414640399503,37Ar,3/2,3,1,1,True,-1.0278,-0.2851,4.124409939652249,4.770260087248036,3.916486543382369,-0.037013062445225266,0.14858988187339803,-0.04172276967874677,0.16749712151407586,0.04172276967874677,0.16749712151407586
16,20,18,F,9,9,3358.2,1.0,3,0.30 PS 0.02,3358.0,0.0,45.0,5.0,E2,,,,,0.69,0.09,6,0.3,PS,0.02,3e-13,2e-14,1.9335855201065333,0.2522068069704174,18F,1,2,2,1,True,0.0267,0.0267,0.008456862129819095,0.010212368228256366,0.008364184888147672,0.9851994663358604,0.987877992915728,0.16780736916405553,0.16826359809429975,0.16780736916405553,0.16826359809429975
49,54,22,Na,11,11,1528.1,0.3,5,3.42 PS 0.24,1528.1,0.2,100.0,1.3,E2,,,0.000105,,5.2,0.4,10,3.42,PS,0.24,3.42e-12,2.4e-13,19.04223288907373,1.4647871453133643,22Na,3,6,1,1,True,-0.7897,-0.7897,5.976526822169631,7.217155925817694,5.9110311321428375,-0.3879146011187872,-0.13673675618131487,-0.4956516140489908,-0.17471318095690433,0.4956516140489908,0.17471318095690433
164,195,28,Si,14,14,8258.74,0.1,2,10 FS 2,3278.4,0.0,24.3,1.5,E2,,,,,5.0,1.1,4,10.0,FS,2.0,1.0000000000000002e-14,2e-15,25.25408669693964,5.55589907332672,28Si,0,0,5,2,True,-0.7592,-0.7592,4.286717804823338,5.176570226812389,4.239740430015017,-0.03531404536247784,0.15205191399699663,-0.04207333824581923,0.1811554451735852,0.04207333824581923,0.1811554451735852
175,219,30,Si,14,16,5950.73,0.15,4,15 FS 8,3714.9,0.2,100.0,3.0,(E2),,,0.001074,1.5e-05,9.0,5.0,8,15.0,FS,8.0,1.5000000000000002e-14,8e-15,49.83737239221641,27.68742910678689,30Si,2,4,2,1,True,-1.26,-1.1003,10.369156981679875,12.440966478130985,10.193147254632452,-0.38232960868122057,-0.13257191718138353,-0.5347701514437923,-0.18543032665668782,0.5347701514437923,0.18543032665668782
182,226,31,P,15,16,3414.6,0.3,7/2,219 FS 17,2148.4,0.1,100.0,0.6,E2,,,,,9.5,0.8,7,219.0,FS,17.0,2.1900000000000005e-13,1.7e-14,54.95705913320349,4.627962874375031,31P,3/2,3,1,1,True,1.2105,1.3526,10.326496114463966,12.540731004067398,10.267936687122061,-0.3200769477965682,-0.08083544074969065,-0.7365654625342621,-0.18601962501466723,0.7365654625342621,0.18601962501466723
186,230,31,P,15,16,5342.9,1.5,9/2,36 FS 8,2048.3,0.4,4.9,1.3,E2,,,,,2.9,1.0,9,36.0,FS,8.0,3.6000000000000004e-14,8e-15,16.776365419609487,5.7849535929687885,31P,5/2,5,1,2,True,-0.7241,-0.8147,3.7076016578881426,4.504222160517879,3.6878342518936686,-0.5531800553509929,-0.27166698341160994,-0.38455520159913553,-0.1888552390186841,0.38455520159913553,0.1888552390186841
52,57,22,Na,11,11,1983.5,0.5,3,1.47 PS 0.15,1400.4,0.5,100.0,0.3,E2,,,6.24e-05,9e-07,18.9,2.0,6,1.47,PS,0.15,1.47e-12,1.5e-13,69.21119261605645,7.323935726566821,22Na,1,2,2,1,True,-1.4449,-1.4449,20.00783876982185,24.16113847339917,19.788576438175753,-0.27836711499466515,-0.0470146263585055,-1.1647642685593647,-0.19672207646763865,1.1647642685593647,0.19672207646763865
88,97,26,Mg,12,14,3588.56,0.09,0,6.45 PS 0.48,1779.74,0.08,100.0,0.0,E2,,,,,1.07,0.08,0,6.45,PS,0.48,6.45e-12,4.8e-13,4.895899893981749,0.3660485902042429,26Mg,2,4,2,1,True,-0.0268,-0.6559,0.2282485977036686,0.3288594692801772,0.26680726061434556,0.692654701607311,0.7506474199865929,0.18296197093176594,0.19828051569836116,0.18296197093176594,0.19828051569836116
162,193,28,Si,14,14,7933.45,0.1,2,11 FS 2,3315.2,0.0,5.65,0.24,(E2),,,,,1.2,0.23,4,11.0,FS,2.0,1.1e-14,2e-15,6.060980807265512,1.1616879880592232,28Si,4,8,4,1,True,-0.2312,-0.2312,0.39754670245386137,0.4800708881220402,0.3931900591441539,0.5999409265649666,0.6723416173798717,0.17747431709565364,0.1988918643751814,0.17747431709565364,0.1988918643751814
128,138,26,Al,13,13,3596.34,0.04,3,18 FS 3,2538.47,0.0,3.48,0.11,[E2],,,,,2.1,0.4,6,18.0,FS,3.0,1.8000000000000002e-14,3.0000000000000002e-15,9.608775492861378,1.8302429510212148,26Al,1,2,5,1,True,0.4027,0.4027,1.3033671688524198,1.573924850685207,1.2890838008324519,0.25051197586418716,0.38615057103216577,0.12926615812470765,0.19925674452406905,0.12926615812470765,0.19925674452406905
180,224,31,P,15,16,2233.6,0.1,5/2,269 FS 18,2233.6,0.1,100.0,0.0,E2,,,,,6.4,0.5,5,269.0,FS,18.0,2.69e-13,1.8000000000000002e-14,37.02370299500025,2.8924767964843943,31P,1/2,1,1,1,True,1.033,1.0869,7.306392216674684,8.845595092768518,7.243732754812334,-0.3821242332450808,-0.13183324293942714,-0.5993007664468413,-0.20675936426700936,0.5993007664468413,0.20675936426700936
58,63,23,Na,11,12,2390.9,0.3,1/2,0.60 PS 0.14,1950.6,0.4,52.2,0.6,E2,,,0.000294,,2.9,0.7,1,0.6,PS,0.14,6e-13,1.4e-13,11.268152955405965,2.7198989892359227,23Na,5/2,5,1,1,True,0.5171,1.0317,3.664115453938063,4.604384529055875,3.76280893627507,-0.5877188031227156,-0.29752032285347246,-0.4146871897202054,-0.20992669608869638,0.4146871897202054,0.20992669608869638
39,44,22,Ne,10,12,1274.537,0.007,2,3.60 PS 0.05,1274.537,0.007,100.0,0.0,E2,,,,,12.76,0.18,4,3.6,PS,0.05,3.6e-12,5e-14,46.72670993549632,0.6591542153910138,22Ne,0,0,1,1,True,-1.1052,-1.4851,13.58904769904975,16.669822071895233,13.641065283219792,-0.3064123880795637,-0.06904900338713103,-0.9644361063332482,-0.21733244008262534,0.9644361063332482,0.21733244008262534
199,246,34,S,16,18,2127.564,0.013,2,318 FS 8,2127.499,0.02,100.0,0.0,E2,,,,,6.24,0.16,4,318.0,FS,8.0,3.18e-13,8e-15,40.82950361416838,1.0469103490812406,34S,0,0,1,1,True,-0.8888,-1.0931,5.3115653486929135,6.483665185734229,5.307095703123382,-0.03904890797022899,0.14950389373022727,-0.0601173479764163,0.2301671946898373,0.0601173479764163,0.2301671946898373
40,45,22,Ne,10,12,3357.2,0.5,4,225 FS 4,2082.6,0.5,100.0,0.0,E2,,,,,17.5,0.4,8,225.0,FS,4.0,2.2500000000000005e-13,4e-15,64.08443760745968,1.4647871453133643,22Ne,2,4,1,1,True,-1.341,-1.5607,18.529432629088717,22.551009228741485,18.461811077010722,-0.2886290987852277,-0.05496063297204127,-1.2411241217196465,-0.23633433916979601,1.2411241217196465,0.23633433916979601
43,48,22,Ne,10,12,6311.0,1.0,6,49 FS 4,2953.6,0.0,100.0,0.0,[E2],,,,,14.0,1.2,12,49.0,FS,4.0,4.9000000000000006e-14,4e-15,51.26755008596774,4.394361435940092,22Ne,4,8,1,1,True,1.1686,1.5283,14.965402405678851,18.330128364380606,15.000982603139331,-0.3092948831700433,-0.07149875736709507,-1.0251157786551064,-0.23697289647998002,1.0251157786551064,0.23697289647998002
210,261,35,Cl,17,18,2645.74,0.08,7/2,159 FS 21,2645.7,0.3,100.0,1.1,E2,,,,,3.7,0.5,7,159.0,FS,21.0,1.59e-13,2.1e-14,25.16382970579376,3.400517527809966,35Cl,3/2,3,1,1,True,-0.5837,-0.98,2.6714915022541015,3.320676732102229,2.7153582538944874,0.1025198021345328,0.2661193908393278,0.09295435939271089,0.24128955560201737,0.09295435939271089,0.24128955560201737
20,24,18,F,9,9,6310.5,0.8,3,0.95 KEV 0.14,4610.0,0.0,3.0,0.8,E2,,,,,1.0,0.4,6,0.95,KEV,0.14,4.802415518363747e-19,3.258781958889685e-18,2.8022978552268603,1.120919142090744,18F,1,2,5,2,True,0.0323,-0.0323,0.0037363624292869814,0.003736362429286983,0.003094081727692551,0.996263637570713,0.9969059182723075,0.24479995505556734,0.2449577750150178,0.24479995505556734,0.2449577750150178
203,250,34,S,16,18,4688.98,0.05,4,88 FS 4,2561.36,0.05,100.0,11.0,E2,,,,,8.2,1.4,8,88.0,FS,4.0,8.8e-14,4e-15,53.65415539041357,9.160465554460854,34S,2,4,1,1,True,1.1094,1.0248,7.225841968998721,8.692360626574242,7.120789605291361,-0.060043978850517425,0.13161102374495587,-0.1148993075262476,0.2518489910331058,0.1148993075262476,0.2518489910331058
184,228,31,P,15,16,4783.4,1.1,5/2,6.9 FS 2.8,4783.4,0.0,100.0,4.0,E2,,,,,2.4,1.0,5,6.9,FS,2.8,6.900000000000001e-15,2.8e-15,13.883888623125092,5.7849535929687885,31P,1/2,1,4,1,True,0.4511,0.4362,1.3409436359036961,1.6166379265964979,1.3241886998789332,0.3264008639181259,0.44825470838377784,0.18778319329883306,0.25788749313070847,0.18778319329883306,0.25788749313070847
197,244,33,S,16,17,2867.626,0.02,5/2,10.8 FS 3.5,2026.6,0.0,1.5,0.2,E2,,,,,3.6,1.3,5,10.8,FS,3.5,1.0800000000000002e-14,3.5e-15,22.636296551914807,8.174218199302569,33S,1/2,1,2,1,True,0.9258,0.7094,4.822039674225694,5.7521848866682195,4.7144145923170315,-0.5978291351856165,-0.30955960897695317,-0.5059764302108063,-0.2619977125052307,0.5059764302108063,0.2619977125052307
126,135,26,Al,13,13,3402.65,0.06,5,67 FS 12,2985.61,0.0,100.0,1.8,[E2],,,,,4.4,0.8,10,67.0,FS,12.0,6.7e-14,1.2e-14,20.13267246123336,3.6604859020424296,26Al,3,6,2,1,True,0.6443,0.6443,3.3364128149287504,4.028997482102101,3.299849662778674,0.08431875406770442,0.2500341675503014,0.08986906136429332,0.2664927416824173,0.08986906136429332,0.2664927416824173
50,55,22,Na,11,11,1936.9,0.2,1,13 FS 4,1936.8,0.0,0.59,0.06,[E2],,,,,2.6,0.9,2,13.0,FS,4.0,1.3e-14,4e-15,9.521116444536869,3.295771076955069,22Na,3,6,2,1,True,0.626,0.626,3.755547534845034,4.535137706611561,3.7143911601575343,-0.7442837333121388,-0.4286119846759747,-0.466433676263767,-0.2686059828467081,0.466433676263767,0.2686059828467081
92,101,26,Mg,12,14,4901.44,0.07,4,29 FS 6,3092.31,0.11,100.0,1.0,[E2],,,,,14.0,3.0,8,29.0,FS,6.0,2.9e-14,6.000000000000001e-15,64.05850328574252,13.726822132659107,26Mg,2,4,2,1,True,1.2782,1.2061,12.799503056633139,15.412832279607285,12.625490186147266,-0.10091659140052034,0.09817927241805245,-0.28031889907854046,0.2727153699368672,0.28031889907854046,0.2727153699368672
147,178,28,Al,13,15,972.35,0.03,0,33 PS 2,941.79,0.06,100.0,0.0,E2,,,,,4.6,0.3,0,33.0,PS,2.0,3.3e-11,2e-12,23.233759761184466,1.515245201816378,28Al,2,4,1,1,True,-0.8132,-1.0888,5.697865279956849,6.988200476467437,5.718572093228002,-0.5191740166233559,-0.2431678463539136,-0.5880679818170677,-0.27543601965714337,0.5880679818170677,0.27543601965714337
136,146,26,Al,13,13,3962.83,0.05,3,37 FS 5,2112.12,0.0,2.3,0.3,[E2],,,,,1.28,0.25,6,37.0,FS,5.0,3.7e-14,5.000000000000001e-15,5.856777443267887,1.1439018443882591,26Al,1,2,7,2,True,-0.1412,-0.1412,0.16024072873737355,0.19350408010792602,0.15848467921039416,0.8488249374156829,0.8761838443668796,0.26776094508620996,0.27639128387441947,0.26776094508620996,0.27639128387441947
201,248,34,S,16,18,3916.408,0.021,0,1.12 PS 0.09,1788.794,0.02,100.0,10.0,E2,,,,,4.2,0.7,0,1.12,PS,0.09,1.12e-12,9e-14,27.481396663382565,4.580232777230427,34S,2,4,2,1,True,0.8682,0.2393,3.2082187060939686,3.710129289865142,3.0461183218100416,0.11663588336544244,0.2747337329023711,0.11918854263749658,0.2807464760685712,0.11918854263749658,0.2807464760685712
148,179,28,Al,13,15,1372.917,0.02,1,223 FS 35,1372.8,0.2,15.0,8.0,[E2],,,,,9.0,5.0,2,223.0,FS,35.0,2.23e-13,3.5e-14,45.45735605449134,25.25408669693964,28Al,3,6,1,1,True,0.9564,1.0774,7.196162572803419,8.742908872526073,7.158235278877469,0.028565680830436375,0.20464052456917012,0.03995524572757954,0.2862337674889251,0.03995524572757954,0.2862337674889251
145,175,27,Al,13,14,3004.2,0.8,9/2,59 FS 3,3004.0,0.9,100.0,2.0,E2,,,,,7.1,0.4,9,59.0,FS,3.0,5.9e-14,3.0000000000000002e-15,34.16339234093906,1.9246981600529047,27Al,5/2,5,1,1,True,-0.8822,-1.5238,8.144183547002262,10.141037922550664,8.29165014002366,-0.4283152003592485,-0.1678380478906565,-0.7472378983718947,-0.2928099447964117,0.7472378983718947,0.2928099447964117
26,31,19,F,9,10,6330.0,2.0,7/2,2.4 KEV,4776.0,0.0,8.5,1.5,E2,0.0,0.14,,,2.6,0.8,7,2.4,KEV,0.0,1.9009561426856504e-19,,7.830613164590032,2.4094194352584712,19F,3/2,3,4,1,True,-0.2984,-0.5159,1.351391572290593,1.68283394318982,1.3759366470598353,0.3527561756962231,0.47079359728467873,0.2221679063197206,0.2965085660400719,0.2221679063197206,0.2965085660400719
103,112,28,Mg,12,16,1473.54,0.1,2,1.2 PS 0.1,1473.5,0.1,100.0,0.0,E2,,,,,13.4,1.2,4,1.2,PS,0.1,1.2e-12,1e-13,67.68095234779823,6.060980807265512,28Mg,0,0,1,1,True,-1.3531,-1.0781,12.398396629247351,14.814823828937076,12.140889006228448,-0.10558386783112504,0.093963506997877,-0.33494578197524005,0.2980822825971718,0.33494578197524005,0.2980822825971718
211,262,35,Cl,17,18,3002.3,0.13,5/2,21 FS 4,1782.9,0.0,3.4,1.1,E2,,,,,7.0,3.0,5,21.0,FS,4.0,2.1e-14,4e-15,47.60724538933953,20.4031051668598,35Cl,1/2,1,2,1,True,0.9536,1.0221,5.538979896220689,6.712183275950734,5.496374325150862,0.04111667486418088,0.21480366783559113,0.05710548122832284,0.2983331424994747,0.05710548122832284,0.2983331424994747
217,268,36,Ar,18,18,1970.38,0.05,2,328 FS 20,1970.3,0.0,100.0,0.0,E2,,,,,8.2,0.5,4,328.0,FS,20.0,3.28e-13,2.0000000000000003e-14,57.90305451635943,3.530674055875576,36Ar,0,0,1,1,True,1.1004,1.1004,6.9379642537829795,8.378172024855672,6.861932342657416,-0.021728295714106474,0.16317898260275412,-0.04366161486467189,0.32789768632359717,0.04366161486467189,0.32789768632359717
104,113,28,Mg,12,16,3862.15,0.14,0,0.55 PS 0.07,2388.5,0.1,100.0,0.0,E2,,,,,2.6,0.4,0,0.55,PS,0.07,5.500000000000001e-13,7e-14,13.13212508240861,2.020326935755171,28Mg,2,4,2,1,True,0.2528,0.9005,1.1823000558809358,1.544721328168317,1.2597130355615718,0.405876412242955,0.5154949863224724,0.25930101400208827,0.32933269496429046,0.25930101400208827,0.32933269496429046
56,61,22,Na,11,11,5100.4,1.3,4,38 FS 12,2039.1,0.0,49.0,6.0,(E2),,,0.000337,,21.0,8.0,8,38.0,FS,12.0,3.8e-14,1.2e-14,76.90132512895161,29.29574290626728,22Na,2,4,3,2,True,1.3789,1.3789,18.221752358540993,22.00428977000482,18.022063428878194,-0.04782332238118194,0.14180650338675266,-0.1120016091988151,0.33210901675921967,0.1120016091988151,0.33210901675921967
120,129,26,Al,13,13,2740.03,0.03,1,31 FS 3,2323.07,0.0,0.81,0.2,[E2],,,,,0.47,0.13,2,31.0,FS,3.0,3.1e-14,3.0000000000000002e-15,2.150535467449928,0.5948289590818948,26Al,3,6,4,1,True,0.4804,0.4804,1.8548530794045082,2.239890205777694,1.834526075787076,-3.7657238420802,-2.9032469697597363,-0.4367849687924759,-0.33674658319683276,0.4367849687924759,0.33674658319683276
34,39,19,Ne,10,9,2794.7,0.6,9/2,97 FS 24,2556.4,0.0,100.0,0.0,E2,,,,,17.0,4.0,9,97.0,FS,24.0,9.7e-14,2.4e-14,51.20016299924252,12.047097176292356,19Ne,5/2,5,1,1,True,-1.3573,-0.591,15.715372465958554,18.375445751306742,15.077291206031587,-0.08090857360627896,0.11310051729225958,-0.24163186530339548,0.3377724725823959,0.24163186530339548,0.3377724725823959
86,95,26,Mg,12,14,1808.74,0.04,2,476 FS 21,1808.68,0.04,100.0,0.0,E2,,,,,13.4,0.6,4,476.0,FS,21.0,4.76e-13,2.1e-14,61.31313885921069,2.7453644265318218,26Mg,0,0,1,1,True,1.4828,1.0093,15.220326514246436,18.06841553412211,14.81267405405095,-0.34838921896433656,-0.10542343686947384,-1.1402500765580708,-0.3450424852949824,1.1402500765580708,0.3450424852949824
167,211,29,Si,14,15,4079.9,0.3,7/2,44 FS 12,2806.3,0.3,100.0,6.0,(E2),,,,,7.5,2.2,7,44.0,FS,12.0,4.4e-14,1.2e-14,39.69564669060573,11.644056362577684,29Si,3/2,3,1,1,True,1.0841,1.2787,9.121692579513768,11.109383953346033,9.094545658045055,-0.481251193779471,-0.21260608773934067,-0.783123523907708,-0.34596657792595414,0.783123523907708,0.34596657792595414
23,28,19,F,9,10,2779.849,0.034,9/2,194 FS 21,2582.7,0.0,100.0,0.0,E2,,,,,8.2,0.9,9,194.0,FS,21.0,1.94e-13,2.1e-14,24.69654921139933,2.71059686466578,19F,5/2,5,1,1,True,0.591,1.3573,6.529683941417158,8.281282537524994,6.764243091321625,-0.009912504576218908,0.17509230593638708,-0.01959184230884364,0.34606600390655357,0.01959184230884364,0.34606600390655357
65,70,23,Na,11,12,7268.1,0.6,13/2,18 FS 6,4564.0,1.0,100.0,3.0,E2,,,0.00136,,1.8,0.6,13,18.0,FS,6.0,1.8000000000000002e-14,6.000000000000001e-15,6.994025972320944,2.331341990773648,23Na,9/2,9,2,1,True,0.5269,0.8118,3.1946199586993154,3.9502689629497114,3.231113319174503,-1.1945938683053954,-0.795062955096946,-0.5251983958375116,-0.3495462346538663,0.5251983958375116,0.3495462346538663
150,181,29,Al,13,16,1398.05,0.16,1/2,4.5 PS 0.3,1398.0,0.2,100.0,0.0,(E2),,,,,4.4,0.3,1,4.5,PS,0.3,4.5e-12,3e-13,23.28811272515537,1.5878258676242294,29Al,5/2,5,1,1,True,0.9436,0.8223,6.019432003423417,7.221459399679161,5.916726049126401,-0.6412407726543546,-0.34471046571054564,-0.6947532048910645,-0.37347703237982277,0.6947532048910645,0.37347703237982277
124,133,26,Al,13,13,3159.889,0.013,2,3.5 FS 0.7,2931.406,0.0,0.69,0.08,E2,,,,,0.72,0.17,4,3.5,FS,0.7,3.5e-15,7e-16,3.294437311838186,0.7778532541840163,26Al,0,0,5,1,True,-0.5325,-0.5325,2.2789916929172893,2.7520730502563566,2.254016629986213,-2.822323680911607,-2.1305786527586292,-0.5013049952345849,-0.37843629651404403,0.5013049952345849,0.37843629651404403
77,85,25,Mg,12,13,1964.624,0.023,5/2,0.70 PS 0.06,1379.543,0.03,100.0,2.2,E2,,,,,15.8,1.4,5,0.7,PS,0.06,6.999999999999999e-13,6e-14,68.61115328631612,6.079469278534339,25Mg,1/2,1,2,1,True,1.4525,1.4461,17.6342200736566,21.290151148687467,17.437378521173617,-0.3474779208030042,-0.10363155197301369,-1.2812043269741482,-0.38210540828619904,1.2812043269741482,0.38210540828619904
24,29,19,F,9,10,4648.0,1.0,13/2,2.6 PS 0.3,1868.0,0.0,100.0,0.0,E2,,,,,3.2,0.4,13,2.6,PS,0.3,2.6000000000000002e-12,3e-13,9.637677741033883,1.2047097176292356,19F,9/2,9,1,1,True,0.5004,1.1395,4.649467537987947,5.89337138990371,4.813919037802975,-0.8416785593449094,-0.5043496993134297,-0.6618099570552485,-0.39656903355508666,0.6618099570552485,0.39656903355508666
163,194,28,Si,14,14,7933.45,0.1,2,11 FS 2,2953.2,0.0,4.81,0.24,E2,,,,,1.8,0.4,4,11.0,FS,2.0,1.1e-14,2e-15,9.091471210898268,2.020326935755171,28Si,0,0,4,2,True,-0.1254,-0.1254,0.11695197733877116,0.1412292927650902,0.11567032150692802,0.9215392817971721,0.9357387102739289,0.4075898981606419,0.41387019865471725,0.4075898981606419,0.41387019865471725
161,192,28,Si,14,14,7380.59,0.09,2,5 FS 2,2400.5,0.0,0.47,0.16,E2,,,,,0.8,0.5,4,5.0,FS,2.0,5.000000000000001e-15,2e-15,4.040653871510342,2.5254086696939635,28Si,0,0,2,2,True,-0.5832,-0.5832,2.529574802729645,3.0546731104089417,2.5018536442526838,-2.818341388011177,-2.1273170553158547,-0.5525147344099043,-0.41704458616098555,0.5525147344099043,0.41704458616098555
168,212,29,Si,14,15,4741.1,0.3,9/2,36 FS 7,2712.8,0.3,100.0,1.1,(E2),,,,,19.0,4.0,9,36.0,FS,7.0,3.6000000000000004e-14,7e-15,100.56230494953454,21.17101156832306,29Si,5/2,5,1,1,True,-1.581,-1.3748,16.883627964444425,20.253141767805914,16.594007819022195,-0.0659548298845218,0.12663116741988445,-0.22014607450483845,0.4226734337161072,0.22014607450483845,0.4226734337161072
53,58,22,Na,11,11,3706.7,0.4,6,59 FS 12,2815.8,0.3,100.0,9.0,E2,,,0.000705,,11.0,3.0,12,59.0,FS,12.0,5.9e-14,1.2e-14,40.28164649611751,10.985903589850231,22Na,4,8,1,1,True,0.9648,0.9648,8.920705177172158,10.772497496887043,8.822944762387914,0.02068204573754154,0.19791411251018962,0.0451385858963832,0.43194775222025833,0.0451385858963832,0.43194775222025833
173,217,30,Si,14,16,5279.37,0.14,4,83 FS 22,3043.2,0.1,100.0,0.3,(E2),,,0.000808,1.2e-05,4.7,1.3,8,83.0,FS,22.0,8.300000000000001e-14,2.2e-14,26.02618336037968,7.198731567764592,30Si,2,4,1,1,True,0.5512,0.916,2.776469076293871,3.4489915302200855,2.8203807375115755,0.2661720148467903,0.39991899201881376,0.2941107911424084,0.44189653522828326,0.2941107911424084,0.44189653522828326
189,233,31,P,15,16,6078.1,1.8,9/2,22 FS 10,3844.6,0.1,100.0,9.0,E2,,,,,3.3,1.6,9,22.0,FS,10.0,2.2e-14,1.0000000000000002e-14,19.090346856797,9.255925748750062,31P,5/2,5,3,1,True,-0.8879,-0.9051,5.319397487615665,6.429745426722236,5.265841806278521,-0.9484077050673443,-0.5957096382662187,-0.7187224597972025,-0.45144076144889234,0.7187224597972025,0.45144076144889234
46,51,28,Ne,10,18,1304.0,3.0,2,5.7 PS 1,1304.0,3.0,100.0,0.0,E2,,,,,5.0,0.8,4,5.7,PS,1.0,5.7e-12,1e-12,25.25408669693964,4.040653871510342,28Ne,0,0,1,1,True,-1.0413,-0.7462,7.067448142833104,8.407252723097777,6.89155300925692,-0.6814505446195553,-0.37831060185138393,-0.8253491264444685,-0.4581966031548764,0.8253491264444685,0.4581966031548764
101,110,26,Mg,12,14,6978.3,0.8,5,14 FS 5,2628.1,0.0,9.0,2.0,[E2],,,,,3.2,1.4,10,14.0,FS,5.0,1.4e-14,5.000000000000001e-15,14.64194360816972,6.4058503285742505,26Mg,3,6,1,2,True,-0.4202,-0.2369,1.1539024689269406,1.3602991063625927,1.1156263649649831,0.5749065292616898,0.6513667609484427,0.4293201920005337,0.48641803256657834,0.4293201920005337,0.48641803256657834
85,94,25,Mg,12,13,5533.8,0.4,11/2,6 FS 2,3922.0,1.1,61.0,6.0,[E2],,,,,9.0,4.0,11,6.0,FS,2.0,6.000000000000001e-15,2e-15,39.08230250486361,17.369912224383828,25Mg,7/2,7,2,1,True,0.9299,0.6679,6.351864559333844,7.556719463517816,6.194325374747006,0.16036450405357597,0.3117416250281104,0.2535487625411271,0.4928877729203124,0.2535487625411271,0.4928877729203124
63,68,23,Na,11,12,6235.4,0.6,13/2,16 FS 8,3531.0,1.0,100.0,1.2,(E2),,,0.001,,15.0,8.0,13,16.0,FS,8.0,1.6e-14,8e-15,58.2835497693412,31.084559876981974,23Na,9/2,9,1,1,True,-1.0054,-1.3005,10.50549979161871,12.859571819181566,10.524356354614097,0.14269521205456226,0.29837624302572685,0.23870740077836922,0.49913810282192345,0.23870740077836922,0.49913810282192345
130,140,26,Al,13,13,3674.92,0.05,4,155 FS 20,1915.81,0.0,48.0,1.4,[E2],,,,,8.5,1.2,8,155.0,FS,20.0,1.5500000000000002e-13,2.0000000000000003e-14,38.89266270920081,5.490728853063644,26Al,2,4,2,1,True,0.8953,0.8953,6.442296173924647,7.779611368101253,6.371696200759128,0.08475160375279381,0.25038868226363203,0.17054500263730765,0.503855226168454,0.17054500263730765,0.503855226168454
132,142,26,Al,13,13,3680.68,0.06,3,8.3 FS 1.4,2622.8,0.0,2.79,0.21,[E2],,,,,3.1,0.6,6,8.3,FS,1.4,8.300000000000002e-15,1.4e-15,14.184382870414414,2.7453644265318218,26Al,1,2,6,1,True,0.3499,0.3499,0.9839916268951241,1.1882521759390468,0.9732082383984776,0.6166928464712752,0.6860618585811363,0.46694013992804295,0.5194641417980036,0.46694013992804295,0.5194641417980036
57,62,23,Na,11,12,2076.2,0.4,7/2,27 FS 3,2076.7,0.8,9.77,0.11,E2,,,0.000355,,12.2,1.5,7,27.0,FS,3.0,2.7e-14,3.0000000000000002e-15,47.40395381239751,5.82835497693412,23Na,3/2,3,1,1,True,-1.0026,-1.1886,9.97569915735798,12.152805026763854,9.948576884842229,0.0038684404291922285,0.18454287829162053,0.010927661151749014,0.5213010459515801,0.010927661151749014,0.5213010459515801
111,120,25,Al,13,12,3424.2,0.8,9/2,9.0 FS 1.4,3423.9,0.8,19.0,5.0,E2,,,,,4.8,1.6,9,9.0,FS,1.4,9.000000000000001e-15,1.4e-15,20.843894669260592,6.947964889753532,25Al,5/2,5,1,1,True,-0.8608,-1.1164,7.063689659750984,8.647797242949787,7.0773549526830974,-0.8016244256145391,-0.47444894847564534,-0.8836176500623744,-0.5229774087849485,0.8836176500623744,0.5229774087849485
156,187,27,Si,14,13,4447.3,0.5,11/2,390 FS 40,2283.5,0.0,100.0,2.3,(E2),,,,,4.2,0.5,11,390.0,FS,40.0,3.900000000000001e-13,4.0000000000000006e-14,20.209330680555503,2.405872700066132,27Si,7/2,7,1,1,True,-0.9235,-0.888,6.475138377532118,7.80428465710676,6.39258960106877,-0.8581630135968475,-0.5220451431116119,-0.8832412871140509,-0.5373009752552131,0.8832412871140509,0.5373009752552131
102,111,27,Mg,12,15,1698.52,0.08,5/2,0.81 PS 0.17,1698.46,0.23,100.0,6.0,E2,,,,,10.1,2.3,5,0.81,PS,0.17,8.100000000000002e-13,1.7e-13,48.59862854133585,11.067014420304202,27Mg,1/2,1,1,1,True,1.0317,0.8847,7.703702304485446,9.235267478201054,7.567002385828305,0.08561708136623222,0.2507918429872965,0.18566369512454606,0.5438510579091181,0.18566369512454606,0.5438510579091181
28,33,21,F,9,12,279.93,0.06,1/2,6.1 NS 0.6,279.92,0.06,100.0,0.0,(E2),,,,,15.7,1.6,1,6.1,NS,0.6,6.1e-09,6e-10,54.03514646593363,5.506766518821262,21F,5/2,5,1,1,True,-1.0309,-2.3117,17.526541783110925,22.192922530947286,18.128990638386632,-0.413561944646324,-0.15471277951507217,-1.4910507458117526,-0.557799401682952,1.4910507458117526,0.557799401682952
54,59,22,Na,11,11,4710.0,0.4,5,37 FS 14,2726.0,0.4,100.0,4.0,E2,,,0.000664,,14.0,6.0,10,37.0,FS,14.0,3.7e-14,1.4e-14,51.26755008596774,21.971807179700463,22Na,3,6,3,2,True,-1.0196,-1.0196,9.962865113841993,12.030992771213617,9.853683854443231,0.14064337348474165,0.29616543896834063,0.2720015051374933,0.57277810659053,0.2720015051374933,0.57277810659053
80,88,25,Mg,12,13,3405.06,0.17,9/2,7.7 FS 0.7,3404.7,0.4,22.7,2.0,E2,,,,,6.8,0.9,9,7.7,FS,0.7,7.700000000000001e-15,7e-16,29.52885078145251,3.9082302504863615,25Mg,5/2,5,1,1,True,-1.1164,-0.8608,9.389244745860251,11.203352282630302,9.181982305611982,-0.6475518062691621,-0.3502915155311738,-1.061356918453129,-0.5741383467470504,1.061356918453129,0.5741383467470504
66,73,25,Na,11,14,1069.32,0.19,1/2,1.32 PS 0.14,1069.3,0.0,12.4,1.1,[E2],,,,,7.1,1.1,1,1.32,PS,0.14,1.32e-12,1.4e-13,30.83159419828129,4.776725861705553,25Na,5/2,5,1,1,True,-0.9873,-1.3333,9.503544695360537,11.661397049714447,9.542476182670198,-0.6424502886921757,-0.34401072995354903,-1.0868944578636746,-0.581995778371114,1.0868944578636746,0.581995778371114
177,221,32,Si,14,18,1941.4,0.3,2,0.78 PS 0.22,1941.4,0.3,100.0,0.0,E2,,,,,4.4,1.3,4,0.78,PS,0.22,7.8e-13,2.2e-13,26.554427041091664,7.845626171231627,32Si,0,0,1,1,True,0.9891,1.1888,6.920692186950892,8.43731535785562,6.906703721405794,-0.9175716722399136,-0.5697053912285894,-0.9491686448767291,-0.5893234398260938,0.9491686448767291,0.5893234398260938
79,87,25,Mg,12,13,2737.8,0.3,7/2,290 FS 30,1763.5,0.7,100.0,2.3,E2,,,,,22.9,2.5,7,290.0,FS,30.0,2.9000000000000013e-13,3.0000000000000005e-14,99.4427474845974,10.856195140239892,25Mg,3/2,3,2,1,True,1.5116,1.6961,20.203227048852394,24.54061054032162,20.092797817279685,-0.07164238167343323,0.1225852481537255,-0.3447048768994054,0.5898147421609586,0.3447048768994054,0.5898147421609586
72,80,24,Mg,12,12,1368.672,0.005,2,1.33 PS 0.06,1368.626,0.005,100.0,0.0,E2,,,1.3e-05,3e-06,21.5,1.0,4,1.33,PS,0.06,1.33e-12,6e-14,88.41739930017314,4.112437176752239,24Mg,0,0,1,1,True,-1.4833,-1.4833,19.23517875558036,23.228086892380578,19.024383867032007,-0.0803761345293292,0.11514493641711594,-0.4142473652562601,0.5934409114434923,0.4142473652562601,0.5934409114434923
157,188,28,Si,14,14,1779.03,0.011,2,475 FS 17,1778.969,0.011,100.0,0.0,E2,,,,,13.2,0.5,4,475.0,FS,17.0,4.75e-13,1.7e-14,66.67078887992064,2.5254086696939635,28Si,0,0,1,1,True,-1.4587,-1.4587,15.825027080054408,19.1100435696829,15.651603434659538,-0.4477305734608259,-0.18572753292875296,-1.4482747579590598,-0.6007731295174948,1.4482747579590598,0.6007731295174948
59,64,23,Na,11,12,2703.8,0.5,9/2,88 FS 7,2263.3,0.8,100.0,0.5,E2,,,0.000446,,17.4,1.4,9,88.0,FS,7.0,8.8e-14,7e-15,67.60891773243578,5.439797978471845,23Na,5/2,5,1,1,True,1.2001,1.5171,14.783134473638539,18.072636069098294,14.791810844858386,-0.03865724535047677,0.14989592845641453,-0.15696912869396062,0.6086577838450524,0.15696912869396062,0.6086577838450524
194,241,32,S,16,16,4459.1,0.8,4,124 FS 27,2229.4,1.2,100.0,0.0,E2,,,,,14.0,3.0,8,124.0,FS,27.0,1.24e-13,2.7e-14,84.49135876710983,18.10529116438068,32S,2,4,1,1,True,-1.3039,-1.3039,11.003317448385792,13.28742597317449,10.882734057679235,0.05089814477325077,0.2226618530229118,0.14138123087562246,0.6184941904988737,0.14138123087562246,0.6184941904988737
188,232,31,P,15,16,5891.9,2.0,9/2,23 FS 6,3658.2,0.5,100.0,3.0,E2,,,,,5.4,1.5,9,23.0,FS,6.0,2.3000000000000003e-14,6.000000000000001e-15,31.23874940203146,8.677430389453182,31P,5/2,5,2,1,True,-0.5382,-0.9445,2.652526181017675,3.306160031700168,2.703079383332015,0.3877481422777467,0.4994297438274047,0.48481378652516705,0.6244528311236074,0.48481378652516705,0.6244528311236074
105,114,28,Mg,12,16,4021.0,0.5,4,105 FS 35,2547.7,0.6,100.0,0.0,(E2),,,,,10.0,4.0,8,105.0,FS,35.0,1.0500000000000001e-13,3.5e-14,50.50817339387927,20.203269357551708,28Mg,2,4,1,1,True,1.408,1.2146,13.845741042330625,16.602900505443937,13.603534317081575,-0.6602900505443937,-0.3603534317081575,-1.1599666246577693,-0.6330520254208372,1.1599666246577693,0.6330520254208372
122,131,26,Al,13,13,3073.63,0.04,3,194 FS 31,2015.81,0.0,14.7,0.5,[E2],,,,,2.3,0.4,6,194.0,FS,31.0,1.94e-13,3.1e-14,10.523896968371984,1.8302429510212148,26Al,1,2,4,1,True,-0.7833,-0.7833,4.93128123053381,5.954934465081283,4.877240200263198,-1.5891019413396887,-1.1205392175057383,-0.8980833576990168,-0.6332744279719348,0.8980833576990168,0.6332744279719348
133,143,26,Al,13,13,3680.68,0.06,3,8.3 FS 1.4,1829.99,0.0,0.19,0.04,[E2],,,,,1.3,0.4,6,8.3,FS,1.4,8.300000000000002e-15,1.4e-15,5.948289590818948,1.8302429510212148,26Al,1,2,6,2,True,-0.7023,-0.7023,3.9641388212981417,4.787029128484654,3.920696531957143,-2.682330098834349,-2.0159204091978022,-0.8568259863543486,-0.6439524329139775,0.8568259863543486,0.6439524329139775
68,75,22,Mg,12,10,1247.02,0.03,2,2.0 PS 0.8,1246.98,0.03,100.0,0.0,E2,,,,,26.0,11.0,4,2.0,PS,0.8,2e-12,8e-13,95.21116444536868,40.28164649611751,22Mg,0,0,1,1,True,1.4851,1.1052,18.77075130917287,22.36400186323932,18.330507050381218,0.13984608218310307,0.29498049806226084,0.31018895855799944,0.6542885725540055,0.31018895855799944,0.6542885725540055
142,152,26,Al,13,13,4349.34,0.07,3,9 FS 3,3291.38,0.0,1.9,0.2,[E2],,,,,0.64,0.23,6,9.0,FS,3.0,9.000000000000001e-15,3.0000000000000002e-15,2.928388721633944,1.0523896968371984,26Al,1,2,9,1,True,0.6488,0.6488,3.3831807444365687,4.085473667958663,3.3461050708998443,-5.38355260618541,-4.228289173281007,-0.8493656892092416,-0.6670992206361119,0.8493656892092416,0.6670992206361119
152,183,26,Si,14,12,2787.05,0.13,2,146 FS 35,2787.0,0.2,48.9,2.7,E2,,,,,1.7,0.4,4,146.0,FS,35.0,1.46e-13,3.5e-14,7.778532541840162,1.8302429510212148,26Si,0,0,2,1,True,-0.9687,-0.0962,4.791863045966893,5.467753448140181,4.4926186422489565,-2.216325557729518,-1.642716848381739,-0.925805017850718,-0.6861967980451971,0.925805017850718,0.6861967980451971
125,134,26,Al,13,13,3402.65,0.06,5,67 FS 12,1037.48,0.0,0.84,0.11,[E2],,,,,7.4,1.7,10,67.0,FS,12.0,6.7e-14,1.2e-14,33.85949459389247,7.778532541840162,26Al,3,6,2,2,True,-0.7395,-0.7395,4.395212473492197,5.307586612114719,4.3470461249872585,0.28275856593044346,0.4125613344611813,0.4763796880039629,0.6950659094849934,0.4763796880039629,0.6950659094849934
129,139,26,Al,13,13,3596.34,0.04,3,18 FS 3,1745.66,0.0,1.07,0.07,[E2],,,,,4.2,0.8,6,18.0,FS,3.0,1.8000000000000002e-14,3.0000000000000002e-15,19.21755098572276,3.6604859020424296,26Al,1,2,5,2,True,-0.4043,-0.4043,1.3137447714406005,1.5864566736391748,1.2993476771273254,0.6222722205621013,0.6906315054458749,0.6330865000749099,0.7026337801633563,0.6330865000749099,0.7026337801633563
45,50,24,Ne,10,14,1981.6,0.4,2,660 FS 150,1981.6,0.4,100.0,0.0,E2,,,,,6.8,1.6,4,660.0,FS,150.0,6.6e-13,1.5000000000000004e-13,27.964572801915228,6.579899482803583,24Ne,0,0,1,1,True,1.026,1.1944,9.896222631481512,12.04423660985848,9.860235023166128,-0.7712112661556588,-0.45003456223031296,-1.2042994308145498,-0.7027599192663379,1.2042994308145498,0.7027599192663379
115,124,26,Al,13,13,2071.64,0.04,1,367 FS 69,1654.73,0.0,11.9,1.0,[E2],,,,,2.9,0.6,2,367.0,FS,69.0,3.670000000000001e-13,6.900000000000002e-14,13.269261394903806,2.7453644265318218,26Al,3,6,3,1,True,-0.0453,-0.0453,0.016493009986973096,0.01991668878996872,0.016312266036204136,0.993132176279321,0.994375080677171,0.703453921806559,0.7043342940208333,0.703453921806559,0.7043342940208333
36,41,20,Ne,10,10,4247.7,1.1,4,64 FS 6,2613.8,1.1,100.0,0.0,[E2],,,,,22.0,2.0,8,64.0,FS,6.0,6.4e-14,6.000000000000001e-15,70.94911174695,6.449919249722727,20Ne,2,4,1,1,True,-1.3385,-1.3385,18.995695201816556,22.93889047435884,18.787524770761756,-0.0426768397435836,0.1460216013290111,-0.2078611087986385,0.7112103928774249,0.2078611087986385,0.7112103928774249
116,125,26,Al,13,13,2365.15,0.018,3,0.8 PS 0.2,1307.375,0.0,26.9,0.8,[E2],,,,,5.5,1.4,6,0.8,PS,0.2,8e-13,2e-13,25.1658405765417,6.4058503285742505,26Al,1,2,2,1,True,0.5454,0.5454,2.3907479119417774,2.887028030360799,2.3645481325662536,0.4750858126616729,0.5700821577152266,0.6097739211723261,0.7317019861166614,0.6097739211723261,0.7317019861166614
193,240,32,S,16,16,3778.4,1.0,0,0.89 PS 0.09,1548.8,1.5,100.0,0.0,[E2],,,,,11.8,1.2,0,0.89,PS,0.09,8.9e-13,9e-14,71.214145246564,7.242116465752271,32S,2,4,2,1,True,1.1536,1.1536,8.612823882683614,10.400705087167752,8.51843748401757,0.11858431464680069,0.27809851830359583,0.33126946211012515,0.776878011619393,0.33126946211012515,0.776878011619393
112,121,26,Al,13,13,416.852,0.003,3,1.20 NS 0.01,416.848,0.0,100.0,0.0,[E2],,,,,8.19,0.12,6,1.2,NS,0.01,1.2e-09,1e-11,37.47422442215937,0.5490728853063643,26Al,5,10,1,1,True,1.1943,1.1943,11.463847035224545,13.843553961145451,11.338216783027157,-0.6902996289554887,-0.38439765360526956,-1.395326894862962,-0.7769964836997391,1.395326894862962,0.7769964836997391
144,174,27,Al,13,14,843.76,0.09,1/2,35 PS 1,843.76,0.1,100.0,0.0,E2,,,,,7.86,0.23,1,35.0,PS,1.0,3.5e-11,1e-12,37.82031884503959,1.1067014420304204,27Al,5/2,5,1,1,True,-1.0727,-1.5943,10.943898284972176,13.503626561603607,11.046566012093734,-0.7180186465144537,-0.4054155231671417,-1.3912463788980378,-0.7855407116422086,1.3912463788980378,0.7855407116422086
218,269,36,Ar,18,18,4414.4,0.16,4,76 FS 10,2443.9,0.0,100.0,0.0,E2,,,,,12.0,1.6,8,76.0,FS,10.0,7.6e-14,1.0000000000000002e-14,84.73617734101381,11.298156978801842,36Ar,2,4,1,1,True,1.2273,1.2273,8.630428579104027,10.42196423029106,8.535849253714135,0.13150298080907832,0.2886792288571554,0.3623840266270444,0.7955161222446153,0.3623840266270444,0.7955161222446153
141,151,26,Al,13,13,4205.86,0.05,4,62 FS 10,1292.43,0.0,0.95,0.08,[E2],,,,,3.5,0.7,8,62.0,FS,10.0,6.2e-14,1.0000000000000002e-14,16.01462582143563,3.2029251642871253,26Al,2,4,3,4,True,0.119,0.119,0.11381445961216419,0.1374404777347714,0.11256718727672117,0.9607312920757796,0.9678379464923654,0.8181313164861348,0.8241831403224242,0.8181313164861348,0.8241831403224242
159,190,28,Si,14,14,4979.92,0.08,0,35 FS 2,3200.7,0.5,100.0,0.0,E2,,,,,9.5,0.6,0,35.0,FS,2.0,3.5e-14,2e-15,47.98276472418531,3.030490403632756,28Si,2,4,2,1,True,1.3248,1.3248,13.053084060541812,15.762690569426171,12.91003764362427,-0.6592305862553864,-0.35895133090781783,-1.5296481962783466,-0.8328940848963364,1.5296481962783466,0.8328940848963364
206,256,33,Cl,17,16,2839.0,0.3,5/2,3 FS 1,2028.4,0.0,1.0,0.4,[E2],,,,,9.0,5.0,5,3.0,FS,1.0,3.0000000000000002e-15,1e-15,56.59074137978701,31.439300766548342,33Cl,1/2,1,2,1,True,-0.7094,-0.9258,3.603223310859035,4.412826245605957,3.611385783470206,0.5096859727104492,0.5987349129477548,0.7129054057709747,0.8374594925467086,0.7129054057709747,0.8374594925467086
195,242,32,S,16,16,6851.5,1.5,4,66 FS 17,2570.8,0.0,100.0,13.0,E2,,,,,8.0,3.0,8,66.0,FS,17.0,6.600000000000002e-14,1.7e-14,48.28077643834848,18.10529116438068,32S,2,4,3,2,True,-0.7628,-0.7628,3.765792973252577,4.547509930265158,3.724524320635421,0.43156125871685524,0.5344344599205724,0.6850057359226507,0.8482936387960299,0.6850057359226507,0.8482936387960299
25,30,19,F,9,10,6070.0,1.0,7/2,1.2 KEV,4516.0,0.0,1.0,1.0,E2,0.035,0.023,,,1.5,1.3,7,1.2,KEV,0.0,3.8019122853713e-19,,4.517661441109634,3.915306582295016,19F,3/2,3,3,1,True,0.6235,0.8712,5.167165579931019,6.352805275106374,5.197913418487645,-3.2352035167375828,-2.465275612325097,-1.140889476929506,-0.8693756016526939,1.140889476929506,0.8693756016526939
67,74,26,Na,11,15,82.2,0.6,1,9 US 2,84.0,3.0,100.0,0.0,E2,,,,,3.6,0.9,2,9.0,US,2.0,9e-06,2e-06,16.47218655919093,4.118046639797733,26Na,3,6,1,1,True,-1.0249,-0.8159,7.6845634754067325,9.181928689530102,7.524693684147255,-1.550535747091695,-1.0901926900409042,-1.3454337179231741,-0.9459839974445028,1.3454337179231741,0.9459839974445028
140,150,26,Al,13,13,4205.86,0.05,4,62 FS 10,1544.89,0.0,12.3,0.8,[E2],,,,,18.0,4.0,8,62.0,FS,10.0,6.2e-14,1.0000000000000002e-14,82.36093279595465,18.302429510212143,26Al,2,4,3,3,True,-1.2427,-1.2427,12.411838459758297,14.98833288221024,12.27581933885224,0.16731483987720885,0.31801003673043104,0.5290755688859957,1.00559723942053,0.5290755688859957,1.00559723942053
35,40,20,Ne,10,10,1633.674,0.015,2,0.73 PS 0.04,1633.602,0.015,100.0,0.0,[E2],,,,,20.3,1.0,4,0.73,PS,0.04,7.299999999999999e-13,4e-14,65.46668038468567,3.2249596248613632,20Ne,0,0,1,1,True,-1.2321,-1.2321,16.09571807448789,19.436925582040686,15.919327974830875,0.04251598118026179,0.21579665148616384,0.20689139257760653,1.0501102997073524,0.20689139257760653,1.0501102997073524
207,257,34,Cl,17,17,2376.5,0.4,4,150 FS 17,1146.3,0.0,11.0,8.0,E2,,,,,20.0,16.0,8,150.0,FS,17.0,1.5000000000000004e-13,1.7e-14,130.86379363515508,104.69103490812404,34Cl,2,4,1,1,True,0.6023,0.6023,2.2048999887786374,2.6626011215778735,2.1807368836003183,0.8668699439211064,0.8909631558199841,1.0504572831572363,1.079653000567102,1.0504572831572363,1.079653000567102
47,52,21,Na,11,10,1716.1,0.3,7/2,37 FS 8,1715.9,0.7,7.5,2.2,[E2],,,,,21.0,8.0,7,37.0,FS,8.0,3.7e-14,8e-15,72.27631055952905,27.533832594106308,21Na,3/2,3,1,1,True,1.1018,0.9466,11.458261461418838,13.737447264025583,11.255851083718532,0.3458358445702103,0.46400709125149847,0.8099431236031484,1.0866986715310023,0.8099431236031484,1.0866986715310023
82,90,25,Mg,12,13,4711.6,0.4,9/2,26 FS 3,2746.9,0.5,100.0,1.1,E2,,,,,30.0,5.0,9,26.0,FS,3.0,2.6000000000000003e-14,3.0000000000000002e-15,130.2743416828787,21.712390280479784,25Mg,5/2,5,3,2,True,1.6696,1.6328,23.114679124188598,27.882340897994265,22.837732422635618,0.0705886367335245,0.23874225257881274,0.3291112790209587,1.113107884476843,0.3291112790209587,1.113107884476843
137,147,26,Al,13,13,3962.83,0.05,3,37 FS 5,1222.77,0.0,0.7,0.3,[E2],,,,,6.0,3.0,6,37.0,FS,5.0,3.7e-14,5.000000000000001e-15,27.45364426531821,13.726822132659107,26Al,1,2,7,4,True,-0.0775,-0.0775,0.048273292708534796,0.058294037807673955,0.047744274315430164,0.9902843270320543,0.9920426209474282,1.1788890288046932,1.1809821987657496,1.1788890288046932,1.1809821987657496
37,42,20,Ne,10,10,8777.6,2.2,6,0.11 KEV 0.02,4529.3,2.5,100.0,0.0,[E2],,,,,20.0,3.0,12,0.11,KEV,0.02,4.147540674950509e-18,2.28114737122278e-17,64.49919249722727,9.67487887458409,20Ne,4,8,1,1,True,-1.1542,-1.1542,14.124743870461591,17.05680940763386,13.969953325087323,0.14715952961830697,0.30150233374563384,0.5839560424396036,1.1964166374890488,0.5839560424396036,1.1964166374890488
151,182,26,Si,14,12,1797.3,0.1,2,440 FS 40,1797.2,0.1,100.0,0.0,E2,,,,,15.3,1.5,4,440.0,FS,40.0,4.4000000000000004e-13,4.0000000000000006e-14,70.00679287656146,6.863411066329554,26Si,0,0,1,1,True,-1.0093,-1.4828,10.009368446175598,12.34208798679152,10.096757002446838,0.19332758256264573,0.34008124167014137,0.6848835369669154,1.2047739932592019,0.6848835369669154,1.2047739932592019
75,83,24,Mg,12,12,6432.3,0.11,0,53 FS 8,2193.4,0.6,21.1,0.9,E2,,,,,8.9,1.4,0,53.0,FS,8.0,5.3e-14,8e-15,36.60069087309493,5.757412047453135,24Mg,2,4,2,2,True,-0.6526,-0.6526,3.723337222926882,4.4962410613777095,3.6825338352948793,0.4948043751261001,0.586232153337654,1.0276793578739312,1.2175694338869913,1.0276793578739312,1.2175694338869913
153,184,26,Si,14,12,3336.35,0.22,0,1.52 PS 0.48,1539.0,0.2,100.0,19.0,E2,,,,,10.0,5.0,0,1.52,PS,0.48,1.52e-12,4.8e-13,45.75607377553037,22.878036887765184,26Si,2,4,2,1,True,0.6559,0.0268,2.1248746770390325,2.413063952066292,1.9832538624128508,0.7586936047933708,0.8016746137587148,1.179106790238667,1.2459047692939256,1.179106790238667,1.2459047692939256
158,189,28,Si,14,14,4617.86,0.04,4,37 FS 4,2838.29,0.15,100.0,0.0,(E2),,,,,16.4,1.8,8,37.0,FS,4.0,3.7e-14,4e-15,82.833404365962,9.091471210898268,28Si,2,4,1,1,True,1.7302,1.7302,22.264098325460957,26.885760566913373,22.020110048316226,-0.6393756443239863,-0.3426896370924529,-2.3659281733610706,-1.2680793744859558,2.3659281733610706,1.2680793744859558
19,23,18,F,9,9,6310.5,0.8,3,0.95 KEV 0.14,2587.0,0.0,1.4,0.7,E2,,,,,9.0,5.0,6,0.95,KEV,0.14,4.802415518363747e-19,3.258781958889685e-18,25.220680697041743,14.011489276134302,18F,1,2,5,3,True,0.0124,-0.0124,0.0005506648076059067,0.0005506648076059063,0.0004560055271784513,0.999938815021377,0.9999493327192024,1.3986294009192533,1.39864411218077,1.3986294009192533,1.39864411218077
71,78,23,Mg,12,11,2714.5,0.5,9/2,65 FS 8,2263.0,1.0,100.0,0.7,[E2],,,,,26.5,3.7,9,65.0,FS,8.0,6.5e-14,8e-15,102.9676045925028,14.376608943104165,23Mg,5/2,5,1,1,True,-1.5171,-1.2001,19.11061399232823,22.828108067658395,18.708179809272565,0.13856195971100396,0.2940309505934881,0.6693615418684463,1.4203971339377077,0.6693615418684463,1.4203971339377077
123,132,26,Al,13,13,3073.63,0.04,3,194 FS 31,1222.98,0.0,3.23,0.1,[E2],,,,,6.3,1.1,6,194.0,FS,31.0,1.94e-13,3.1e-14,28.82632647858413,5.0331681153083405,26Al,1,2,4,2,True,-0.0834,-0.0834,0.055903064945977306,0.06750762582535604,0.055290433241612216,0.9892845038372451,0.9912237407552996,1.4850847988758413,1.4879959242975485,1.4850847988758413,1.4879959242975485
61,66,23,Na,11,12,5534.2,0.6,11/2,10.4 FS 0.6,3458.0,1.0,27.5,0.7,E2,,,0.000976,,6.0,4.0,11,10.4,FS,0.6,1.0400000000000002e-14,6e-16,23.31341990773648,15.542279938490989,23Na,7/2,7,1,1,True,-1.237,-1.3542,14.595157873957385,17.705816952612633,14.497799343638588,-1.9509694921021055,-1.4162998906064315,-2.0564230777351153,-1.4928535745060008,2.0564230777351153,1.4928535745060008
84,92,25,Mg,12,13,5251.63,0.22,11/2,15 FS 2,2515.7,1.2,32.0,3.0,[E2],,,,,10.5,1.8,11,15.0,FS,2.0,1.5000000000000002e-14,2e-15,45.59601958900755,7.816460500972723,25Mg,7/2,7,1,2,True,-0.6777,-0.7022,3.909369605285836,4.7292658886903,3.8730036469418043,0.5495937248866382,0.6311425098150663,1.3020650555386817,1.4952656296515818,1.3020650555386817,1.4952656296515818
55,60,22,Na,11,11,4710.0,0.4,5,37 FS 14,1741.3,0.0,10.0,2.0,E2,,,0.000196,,14.0,6.0,10,37.0,FS,14.0,3.7e-14,1.4e-14,51.26755008596774,21.971807179700463,22Na,3,6,3,3,True,0.5726,0.5726,3.1421526821386543,3.7944121267222015,3.1077183920886524,0.7289705623769855,0.7780201148508105,1.4098146628214694,1.504675528062648,1.4098146628214694,1.504675528062648
221,272,36,Ar,18,18,7767.0,0.4,6,76 FS 11,3352.5,0.8,42.9,1.7,E2,,,,,0.75,0.12,12,76.0,FS,11.0,7.6e-14,1.1e-14,5.296011083813363,0.8473617734101381,36Ar,4,8,1,1,True,1.1156,1.1156,7.130958445341148,8.611228650333471,7.052811545339369,-10.481638200444628,-8.40374872711916,-1.94019263597073,-1.5555670862798279,1.94019263597073,1.5555670862798279
60,65,23,Na,11,12,3914.6,0.4,5/2,6.9 FS 1.4,1523.0,1.0,1.38,0.13,[E2],,,0.000103,,28.0,7.0,5,6.9,FS,1.4,6.900000000000001e-15,1.4e-15,108.7959595694369,27.198989892359226,23Na,1/2,1,2,1,True,1.1608,1.3465,13.22489239984868,16.092339908711182,13.174428728508017,0.4252735746888864,0.5294846882675708,1.4724116815373733,1.833218630550194,1.4724116815373733,1.833218630550194
113,122,26,Al,13,13,1850.62,0.03,1,32 FS 3,1433.73,0.0,0.7,0.1,[E2],,,,,4.4,0.8,2,32.0,FS,3.0,3.2e-14,3.0000000000000002e-15,20.13267246123336,3.6604859020424296,26Al,3,6,2,1,True,-1.236,-1.236,12.278362735093905,14.827149782748348,12.143806350815469,-2.3698067688064426,-1.7599559888216971,-2.525800010711449,-1.8758056200744178,2.525800010711449,1.8758056200744178
166,197,28,Si,14,14,8543.56,0.2,6,11.4 FS 1,3925.1,0.3,100.0,0.0,[E2],,,,,10.6,1.0,12,11.4,FS,1.0,1.14e-14,1e-15,53.53866379751202,5.050817339387927,28Si,4,8,1,1,True,-1.6025,-1.6025,19.098909566314283,23.06353045080822,18.8896080274732,-1.1758047595102095,-0.7820384931578492,-2.9876881039969287,-1.9871386673487115,2.9876881039969287,1.9871386673487115
108,117,30,Mg,12,18,1788.2,0.4,0,3.9 NS 0.4,305.5,0.3,100.0,0.0,E2,,,,,9.8,1.1,0,3.9,NS,0.4,3.9e-09,4.0000000000000007e-10,54.26736104930232,6.091234403493117,30Mg,2,4,2,1,True,-0.0567,0.063,0.0061191133563525965,0.0059915615119033455,0.00496802865647752,0.9993886161722547,0.9994930583003594,2.333726570180769,2.333970458659645,2.333726570180769,2.333970458659645
18,22,18,F,9,9,5297.6,1.5,4,21 FS 3,2775.0,0.0,78.0,3.0,E2,,,,,17.0,6.0,8,21.0,FS,3.0,2.1e-14,3.0000000000000002e-15,47.63906353885663,16.81378713136116,18F,2,4,2,1,True,-0.1659,0.1659,0.098568176856295,0.098568176856295,0.08162430725469792,0.9942018719496298,0.9951985701614883,2.334788226098771,2.337128876740936,2.334788226098771,2.337128876740936
73,81,24,Mg,12,12,4122.889,0.012,4,22 FS 2,2754.007,0.011,100.0,0.0,E2,,,,,39.0,4.0,8,22.0,FS,2.0,2.2e-14,2e-15,160.38504989333734,16.449748707008958,24Mg,2,4,1,1,True,-1.6977,-1.6977,25.19765529604468,30.42827592808197,24.921518691997335,0.21978779671584694,0.3609867002051965,1.5058403244154304,2.473241635200648,1.5058403244154304,2.473241635200648
15,19,18,F,9,9,3358.2,1.0,3,0.30 PS 0.02,1657.0,0.0,40.0,4.0,E2,,,,,21.0,3.0,6,0.3,PS,0.02,3e-13,2e-14,58.84825495976406,8.40689356568058,18F,1,2,2,2,True,-0.4746,-0.4746,2.672035325967601,3.226706105503685,2.642752968060156,0.8463473283093483,0.8741546205685641,3.526384730457473,3.642246395684382,3.526384730457473,3.642246395684382
64,69,23,Na,11,12,6735.5,0.2,3/2,415 AS 50,4658.8,0.0,71.0,13.0,[E2],,,0.00139,,43.0,11.0,3,415.0,AS,50.0,4.15e-16,5.000000000000001e-17,167.0795093387781,42.74126983085021,23Na,7/2,7,4,1,True,-0.1137,-0.3049,0.2247322816319772,0.28799689774927023,0.23510586836634892,0.9933023977267611,0.994532421665899,3.643783979498014,3.6482961416895945,3.643783979498014,3.6482961416895945
196,243,33,S,16,17,1967.19,0.03,5/2,94 FS 14,1126.0,0.6,7.5,1.1,E2,,,,,37.0,8.0,5,94.0,FS,14.0,9.4e-14,1.4e-14,232.65082567245773,50.30288122647735,33S,1/2,1,1,1,True,-0.6913,-0.852,3.3177945750983873,4.0503981865103995,3.3153644070355255,0.8905297787429621,0.9103955565666074,3.6746450434851257,3.7566183629149132,3.6746450434851257,3.7566183629149132
