,Index,A,Element,Z,N,Energy (keV),Energy Unc (keV),Ji,Thalf,E_gamma (keV),E_gamma Unc (keV),I_gamma,I_gamma Unc,Mult,B_exp (W.u.),B_exp Unc (W.u.),twoJi,Thalf Value,Thalf Units,Thalf Unc,Thalf (sec),Thalf Unc (sec),B_exp (mu_N^2),B_exp Unc (mu_N^2),Nucleus,Jf,twoJf,ni,nf,Include,Mth_sp,Mth_sn,Mth_lp,Mth_ln,Bth_free,Bth_brown,B_th_free,B_th_brown,B_rel_err_free,B_rel_err_brown,B_th_free (W.u.),B_th_brown (W.u.)
22,31,18,F,9,9,6385.5,1.7,2,0.49 KEV 0.09,2270.0,0.0,2.3,0.5,M1,0.041,0.02,4,0.49,KEV,0.09,9.310805596827677e-19,5.0692163804950674e-18,0.0734102175011367,0.0358098621956764,18F,3,6,6,3,True,-0.2563,0.2563,0.1038,-0.1038,5.329151935219358,4.410687986830437,5.329151935219358,4.410687986830437,-71.61414273360619,-59.09930490299001,2.9771798520778536,2.4640715010225906
7,15,18,F,9,9,5297.6,1.5,4,21 FS 3,646.0,0.0,1.3,0.3,M1,0.019,0.009,8,21.0,FS,3.0,2.1e-14,3.0000000000000002e-15,0.0340193690858926,0.0161144379880544,18F,4,8,2,1,True,-0.1606,0.1606,0.092,-0.092,2.0151710353158396,1.6443240653439997,2.0151710353158396,1.6443240653439997,-58.25230918305908,-47.34825243587179,1.1257938744781224,0.918616796281564
34,45,19,F,9,10,6282.0,2.0,5/2,2.4 KEV,4728.0,0.0,20.0,2.0,M1,0.022,0.005,5,2.4,KEV,0.0,1.9009561426856504e-19,,0.039390848415244,0.0089524655489191,19F,3/2,3,5,1,True,0.0569,-0.0569,0.3407,-0.3407,0.76780144455184,0.84743863043449,0.76780144455184,0.84743863043449,-18.49724338628339,-20.51951829442585,0.4289393544982346,0.4734294024773687
60,71,21,Ne,10,11,4684.53,0.15,3/2,11 FS 3,4333.35,0.25,100.0,3.0,M1,0.015,0.005,3,11.0,FS,3.0,1.1e-14,3.0000000000000002e-15,0.0268573966467573,0.0089524655489191,21Ne,5/2,5,2,1,True,-0.0133,-0.1975,0.1017,0.1092,0.6132525639477137,0.5485954559872901,0.6132525639477137,0.5485954559872901,-21.839946515743524,-19.43186055818585,0.3425991977361529,0.30647790837278777
55,66,21,F,9,12,1730.4,0.06,3/2,0.05 PS 0.04,1450.5,0.2,22.0,2.5,[M1],0.026,0.021,3,0.05,PS,0.04,5e-14,4e-14,0.0465528208543793,0.0376003553054602,21F,1/2,1,1,1,True,0.0804,-0.0097,0.363,-0.4337,0.7211497944050522,0.8249089800250001,0.7211497944050522,0.8249089800250001,-14.495268465944395,-16.724730984636867,0.4028769801145543,0.4608430056005586
54,65,21,F,9,12,1730.4,0.06,3/2,0.05 PS 0.04,1730.28,0.08,100.0,2.5,[M1],0.07,0.06,3,0.05,PS,0.04,5e-14,4e-14,0.1253345176848675,0.1074295865870293,21F,5/2,5,1,1,True,0.2161,-0.0103,0.1842,-0.39,2.0468471508980355,1.9545935733968398,2.0468471508980355,1.9545935733968398,-15.335571834780808,-14.599310242592495,1.1434900284346567,1.0919517169814748
51,62,20,F,9,11,3488.41,0.03,1,8.1 FS 0.5,2431.43,0.99,7.1,2.9,[M1],0.0132,0.0055,2,8.1,FS,0.5,8.1e-15,5e-16,0.0236345090491464,0.009847712103811,20F,1,2,3,1,True,-0.0578,-0.0161,-0.2603,0.3342,0.2720144337930009,0.3275051995924901,0.2720144337930009,0.3275051995924901,-10.512376578339296,-12.860893837501697,0.1519633708340787,0.18296379865502238
32,43,19,F,9,10,6070.0,1.0,7/2,1.2 KEV,3290.0,0.0,23.0,3.0,M1,0.19,0.07,7,1.2,KEV,0.0,3.8019122853713e-19,,0.3401936908589263,0.1253345176848675,19F,9/2,9,3,1,True,-0.2667,0.0097,-0.0304,0.2874,2.4249381771736895,2.1580773463681595,2.4249381771736895,2.1580773463681595,-6.130074028737694,-5.34542001284375,1.3547140654601617,1.2056298024403125
65,77,22,Na,11,11,4319.0,0.5,1,17 FS 10,3662.0,0.0,100.0,0.0,M1,0.026,0.016,2,17.0,FS,10.0,1.7e-14,1.0000000000000002e-14,0.0465528208543793,0.0286478897565411,22Na,0,0,4,1,True,0.0043,-0.0043,0.3288,-0.3288,0.13636151456655998,0.20077676179344,0.13636151456655998,0.20077676179344,-1.9299852721650192,-3.3140687965930384,0.07617961707629049,0.112165788711419
164,199,34,Cl,17,17,2580.4,0.2,1,33 FS 8,2580.3,0.0,100.0,0.0,M1,0.038,0.01,2,33.0,FS,8.0,3.3000000000000005e-14,8e-15,0.0680387381717852,0.0179049310978382,34Cl,0,0,3,1,True,-0.0393,0.0393,-0.1513,0.1513,0.27164068391055995,0.2818375029256901,0.27164068391055995,0.2818375029256901,-2.9935413688703316,-3.1434504987605103,0.1517545720170726,0.1574511189528994
13,22,18,F,9,9,6283.2,0.9,2,10.0 KEV 0.5,2925.0,0.0,2.3,0.3,M1,0.078,0.027,4,10.0,KEV,0.5,4.562294742445559e-20,9.124589484891121e-19,0.1396584625631381,0.0483433139641632,18F,3,6,5,2,True,-0.1231,0.1231,0.265,-0.265,0.7985517001358398,0.5475778002249998,0.7985517001358398,0.5475778002249998,-4.719464977337342,-2.9219152000071604,0.4461182682323127,0.3059093856005585
68,81,22,Na,11,11,5100.4,1.3,4,38 FS 12,1029.0,0.0,100.0,9.0,[M1],0.2,0.07,8,38.0,FS,12.0,3.8e-14,1.2e-14,0.3580986219567645,0.1253345176848675,22Na,4,8,3,2,True,0.122,-0.122,0.0288,-0.0288,1.3854796600959998,1.20422355058944,1.3854796600959998,1.20422355058944,-2.8700549164692735,-2.3637529346073745,0.7740109832938546,0.6727505869214749
159,193,33,P,15,18,4048.4,0.5,5/2,62 FS 21,772.4,0.0,9.0,4.0,[M1],0.05,0.03,5,62.0,FS,21.0,6.2e-14,2.1e-14,0.0895246554891911,0.0537147932935146,33P,3/2,3,3,3,True,0.1094,0.0428,0.0968,-0.249,0.29605562680680364,0.2981937554694402,0.29605562680680364,0.2981937554694402,-2.3078840984000406,-2.331773804127823,0.16539420492000204,0.16658869020639117
58,69,19,Ne,10,9,1536.0,0.4,3/2,19 FS 8,1297.7,0.0,95.0,3.0,M1,0.5,0.28,3,19.0,FS,8.0,1.9e-14,8e-15,0.8952465548919113,0.5013380707394703,19Ne,5/2,5,1,1,True,0.0093,-0.3453,0.3426,-0.0066,2.9438612024385593,2.7935024132307595,2.9438612024385593,2.7935024132307595,-2.2892303937861,-2.121231746626547,1.64461519689305,1.5606158733132736
143,172,27,Si,14,13,4289.2,0.9,5/2,3.5 FS 1.4,4288.8,0.0,100.0,8.0,M1,0.041,0.018,5,3.5,FS,1.4,3.5e-15,1.4e-15,0.0734102175011367,0.0322288759761088,27Si,5/2,5,3,1,True,0.0063,0.0982,-0.1338,0.0292,0.2250105314325625,0.22455012323583998,0.2250105314325625,0.22455012323583998,-2.06595628059085,-2.0596828346619422,0.12570420750422487,0.12544699622113964
146,175,28,Si,14,14,9381.55,0.12,2,1.1 FS 0.3,1448.0,0.0,3.14,0.23,(M1),0.18,0.06,4,1.1,FS,0.3,1.1000000000000001e-15,3e-16,0.322288759761088,0.1074295865870293,28Si,2,4,6,4,True,0.0779,-0.0779,0.2289,-0.2289,0.9256264041870398,0.9285752606012099,0.9256264041870398,0.9285752606012099,-1.87283179449733,-1.88198404904162,0.5171097230095194,0.5187571288274916
91,106,26,Al,13,13,3073.63,0.04,3,194 FS 31,1004.14,0.0,100.0,0.6,[M1],0.093,0.015,6,194.0,FS,31.0,1.94e-13,3.1e-14,0.1665158592098955,0.0268573966467573,26Al,2,4,4,2,True,0.0617,-0.0617,0.1221,-0.1221,0.49395651465615986,0.47512470199040996,0.49395651465615986,0.47512470199040996,-1.967240431646303,-1.854116068903766,0.2759533601431062,0.26543279440805023
3,6,18,F,9,9,1700.81,0.18,1,662 FS 19,659.0,0.0,70.2,1.3,M1,0.0805,0.0027,2,662.0,FS,19.0,6.62e-13,1.9e-14,0.1441346953375977,0.0048343313964163,18F,0,0,2,1,True,0.0268,-0.0268,0.3135,-0.3135,0.32006355797055996,0.39027695256225003,0.32006355797055996,0.39027695256225003,-1.2211982231899783,-1.7084697773153128,0.17880645696679326,0.2180318170738827
5,13,18,F,9,9,4115.9,0.25,3,63 FS 15,1054.0,0.0,95.0,3.0,M1,0.28,0.07,6,63.0,FS,15.0,6.300000000000001e-14,1.5000000000000002e-14,0.5013380707394703,0.1253345176848675,18F,2,4,3,2,True,-0.104,0.104,-0.1876,0.1876,1.3606009367039997,1.2975770598337597,1.3606009367039997,1.2975770598337597,-1.714686625506783,-1.5889406620785305,0.7601122551418993,0.7249033853819886
96,112,26,Al,13,13,3159.889,0.013,2,3.5 FS 0.7,2742.881,0.0,100.0,1.1,M1,0.16,0.06,4,3.5,FS,0.7,3.5e-15,7e-16,0.2864788975654116,0.1074295865870293,26Al,3,6,5,1,True,-0.1217,0.1217,0.1669,-0.1669,0.95754131443216,0.7230643401576102,0.95754131443216,0.7230643401576102,-2.3433705112854746,-1.5246659921704266,0.534939281805676,0.40394655874726826
53,64,20,F,9,11,3526.31,0.04,0,3.8 FS 0.4,2469.34,0.04,100.0,0.0,[M1],0.378,0.041,0,3.8,FS,0.4,3.8e-15,4e-16,0.6768063954982849,0.0734102175011367,20F,1,2,1,1,True,0.0578,-0.214,0.2101,-0.0539,1.8273136563123553,1.7049227373836096,1.8273136563123553,1.7049227373836096,-1.7006497832052785,-1.5197640291206431,1.0208456180515952,0.9524708030076031
77,91,26,Mg,12,14,6125.47,0.05,3,14 FS 6,1775.31,0.05,100.0,1.4,[M1],0.2,0.09,6,14.0,FS,6.0,1.4e-14,6.000000000000001e-15,0.3580986219567645,0.161144379880544,26Mg,3,6,3,2,True,-0.0589,0.0937,-0.2524,0.2175,0.8834534412777614,0.8988492394675601,0.8834534412777614,0.8988492394675601,-1.4677470426753108,-1.5107520655518438,0.4935494085350622,0.5021504131103688
79,93,31,Mg,12,19,50.1,0.2,3/2,16 NS 3,50.2,0.2,100.0,0.0,[M1],0.0106,0.0021,3,16.0,NS,3.0,1.6e-08,3e-09,0.0189792269637085,0.003760035530546,31Mg,1/2,1,1,1,True,-0.0189,-0.012,-0.123,0.1539,0.0333625312060569,0.044581366449,0.0333625312060569,0.044581366449,-0.7583288292430116,-1.3496029539896701,0.018638285589975923,0.024905791312290503
167,202,38,K,19,19,1697.65,0.25,1,48 FS 10,1567.4,0.2,100.0,0.0,M1,0.119,0.032,2,48.0,FS,10.0,4.8e-14,1.0000000000000002e-14,0.2130686800642748,0.0572957795130823,38K,0,0,2,1,True,-0.1499,0.1499,0.4849,-0.4849,0.8573996992974403,0.48788814040201,0.8573996992974403,0.48788814040201,-3.0251617261980206,-1.2904471170461953,0.4789942454175644,0.2725632069284972
47,58,20,F,9,11,2966.11,0.03,3,3.6 FS 0.8,771.71,0.1,2.4,0.6,[M1],0.31,0.1,6,3.6,FS,0.8,3.6e-15,8.000000000000001e-16,0.555052864032985,0.1790493109783822,20F,3,6,3,2,True,0.1933,0.0134,0.1207,-0.3274,1.3205305307806918,1.2483197378932902,1.3205305307806918,1.2483197378932902,-1.3797630758347303,-1.2496300917161476,0.7377265535087664,0.6973853284320057
16,25,18,F,9,9,6283.2,0.9,2,10.0 KEV 0.5,4582.0,0.0,5.7,0.6,M1,0.05,0.015,4,10.0,KEV,0.5,4.562294742445559e-20,9.124589484891121e-19,0.0895246554891911,0.0268573966467573,18F,1,2,5,2,True,0.0424,-0.0424,0.0592,-0.0592,0.21001029305344002,0.19609026091264,0.21001029305344002,0.19609026091264,-1.3464837212674858,-1.1909526358954194,0.1173241860633743,0.10954763179477098
133,161,28,Al,13,15,1620.3,0.04,1,92 FS 22,647.93,0.07,4.4,2.5,[M1],0.034,0.022,2,92.0,FS,22.0,9.200000000000001e-14,2.2e-14,0.0608767657326499,0.039390848415244,28Al,0,0,2,1,True,-0.0254,-0.0113,-0.217,0.2537,0.09962835077536812,0.13324763096100004,0.09962835077536812,0.13324763096100004,-0.6370087212515301,-1.1894122734308248,0.055658296522552025,0.07444001729664805
61,73,22,Ne,10,12,5523.3,0.6,4,21 FS 3,2166.1,0.5,100.0,0.6,M1,0.102,0.015,8,21.0,FS,3.0,2.1e-14,3.0000000000000002e-15,0.1826302971979499,0.0268573966467573,22Ne,4,8,2,1,True,0.0352,-0.0442,0.2255,-0.2166,0.34956367336881,0.38320866448224994,0.34956367336881,0.38320866448224994,-0.9145781212006244,-1.0988534586605876,0.19528696836246368,0.2140830527833799
1,2,18,O,8,10,5254.8,0.9,2,7.0 FS 0.3,1334.0,0.0,8.7,0.4,M1,0.111,0.008,4,7.0,FS,0.3,7e-15,3e-16,0.1987447351860043,0.0143239448782705,18O,2,4,3,2,True,0.0,0.1849,0.0,-0.1849,0.5005320113434368,0.40928518051599994,0.5005320113434368,0.40928518051599994,-1.5191605583745376,-1.059918367889677,0.27962682197957367,0.22865093883575416
106,122,26,Al,13,13,3753.63,0.13,0,5 FS 2,2695.74,0.0,100.0,0.5,[M1],0.19,0.08,0,5.0,FS,2.0,5.000000000000001e-15,2e-15,0.3401936908589263,0.1432394487827058,26Al,1,2,2,1,True,0.036,-0.036,0.4171,-0.4171,0.571433188624,0.6958194021324102,0.571433188624,0.6958194021324102,-0.6801916748720966,-1.0459259104157894,0.31923641822569837,0.388725922979
85,99,26,Al,13,13,2069.47,0.03,2,14 FS 2,218.85,0.0,0.053,0.013,[M1],0.06,0.017,4,14.0,FS,2.0,1.4e-14,2e-15,0.1074295865870293,0.0304383828663249,26Al,1,2,2,2,True,-0.0585,0.0585,0.0391,-0.0391,0.261634296004,0.21170498501881002,0.261634296004,0.21170498501881002,-1.436073519590317,-0.971182355854842,0.146164411175419,0.11827094135129051
50,61,20,F,9,11,2966.11,0.03,3,3.6 FS 0.8,2143.26,0.03,58.3,1.6,[M1],0.357,0.076,6,3.6,FS,0.8,3.6e-15,8.000000000000001e-16,0.6392060401928247,0.1360774763435705,20F,4,8,3,1,True,0.2018,-0.0131,0.0108,-0.1995,1.4116262591510638,1.2460078115078403,1.4116262591510638,1.2460078115078403,-1.2090140668686349,-0.9498424354221875,0.7886180218721026,0.6960937494457209
74,87,23,Na,11,12,6115.1,0.6,11/2,35 FS 9,3411.0,1.0,100.0,0.9,M1,0.012,0.004,11,35.0,FS,9.0,3.5e-14,9.000000000000001e-15,0.0214859173174058,0.0071619724391352,23Na,9/2,9,2,1,True,0.0303,-0.0067,0.0179,-0.0415,0.04527657104372639,0.04174302558321,0.04527657104372639,0.04174302558321,-1.1078478139537427,-0.9433438353449718,0.025294173767444913,0.023320126024139663
157,189,33,P,15,18,2538.6,0.3,3/2,35 FS 7,1106.8,0.3,9.4,1.2,[M1],0.037,0.015,3,35.0,FS,7.0,3.5e-14,7e-15,0.0662482450620014,0.0268573966467573,33P,3/2,3,2,1,True,-0.0099,-0.0185,-0.2903,0.3187,0.0755215693891344,0.12281569313049004,0.0755215693891344,0.12281569313049004,-0.14029245642661028,-0.8543815964138612,0.04219082088778458,0.06861211906731286
145,174,28,Si,14,14,9381.55,0.12,2,1.1 FS 0.3,3105.0,0.0,4.48,0.23,(M1),0.027,0.008,4,1.1,FS,0.3,1.1000000000000001e-15,3e-16,0.0483433139641632,0.0143239448782705,28Si,3,6,6,1,True,0.0436,-0.0436,-0.0671,0.0671,0.11782962447424003,0.08732740124640996,0.11782962447424003,0.08732740124640996,-1.4380224389455822,-0.8068984325762458,0.06582660585153072,0.04878625767955864
84,98,26,Al,13,13,2069.47,0.03,2,14 FS 2,310.43,0.0,0.23,0.03,[M1],0.091,0.018,4,14.0,FS,2.0,1.4e-14,2e-15,0.1629348729903278,0.0322288759761088,26Al,2,4,2,1,True,-0.0618,0.0618,0.008,-0.008,0.32908763131456,0.27843351822400003,0.32908763131456,0.27843351822400003,-1.0203059200353612,-0.7093346321075575,0.18384783872321786,0.15554945152178773
103,119,26,Al,13,13,3750.9,0.04,2,22 FS 6,591.0,0.0,23.2,1.4,[M1],0.76,0.22,4,22.0,FS,6.0,2.2e-14,6.000000000000001e-15,1.3607747634357052,0.3939084841524409,26Al,2,4,6,5,True,-0.1277,0.1277,-0.2968,0.2968,2.2461388579137602,2.1954147389262406,2.2461388579137602,2.1954147389262406,-0.651087075796648,-0.6138008960057635,1.2548261776054526,1.2264886809643802
82,96,26,Al,13,13,1850.62,0.03,1,32 FS 3,1622.0,0.7,100.0,0.1,M1,0.16,0.015,2,32.0,FS,3.0,3.2e-14,3.0000000000000002e-15,0.2864788975654116,0.0268573966467573,26Al,0,0,2,1,True,0.0975,-0.0975,-0.1505,0.1505,0.5885498089000001,0.43596373590025,0.5885498089000001,0.43596373590025,-1.0549923495111733,-0.5222197482550628,0.32879877592178774,0.24355515972081004
83,97,26,Al,13,13,2069.47,0.03,2,14 FS 2,1011.71,0.0,100.0,1.2,[M1],1.14,0.17,4,14.0,FS,2.0,1.4e-14,2e-15,2.041162145153557,0.3043838286632498,26Al,1,2,2,1,True,0.1268,-0.1268,0.5151,-0.5151,2.9191143989305592,3.05033176109601,2.9191143989305592,3.05033176109601,-0.4305176903511514,-0.4948210139645254,1.6307901670003124,1.7040959559195588
107,123,26,Al,13,13,3753.63,0.13,0,5 FS 2,1902.93,0.0,3.0,0.4,[M1],0.017,0.007,0,5.0,FS,2.0,5.000000000000001e-15,2e-15,0.0304383828663249,0.0125334517684867,26Al,1,2,2,2,True,-0.0053,0.0053,-0.1318,0.1318,0.03300893050896,0.04440637427524,0.03300893050896,0.04440637427524,-0.08474960594676291,-0.4592959012566549,0.01844074330109497,0.024808030321363136
89,104,26,Al,13,13,2740.03,0.03,1,31 FS 3,2511.59,0.0,100.0,0.2,M1,0.044,0.005,2,31.0,FS,3.0,3.1e-14,3.0000000000000002e-15,0.0787816968304881,0.0089524655489191,26Al,0,0,4,1,True,0.0513,-0.0513,-0.0902,0.0902,0.15416271438735993,0.11132245596003996,0.15416271438735993,0.11132245596003996,-0.9573732146693751,-0.4134390040634836,0.0861244214454525,0.062191316178793275
93,108,26,Al,13,13,3159.889,0.013,2,3.5 FS 0.7,614.514,0.0,2.24,0.08,[M1],0.39,0.08,4,3.5,FS,0.7,3.5e-15,7e-16,0.6982923128156908,0.1432394487827058,26Al,3,6,5,3,True,-0.0728,0.0728,-0.2754,0.2754,0.9227400643609601,0.9551829203571601,0.9227400643609601,0.9551829203571601,-0.3217878016916776,-0.36826088004177027,0.5154972426597543,0.5336217432162904
94,109,26,Al,13,13,3159.889,0.013,2,3.5 FS 0.7,1400.814,0.0,23.1,0.6,[M1],0.34,0.07,4,3.5,FS,0.7,3.5e-15,7e-16,0.6087676573264997,0.1253345176848675,26Al,2,4,5,1,True,0.0613,-0.0613,0.3027,-0.3027,0.77379397461136,0.83061769675329,0.77379397461136,0.83061769675329,-0.27143275486585594,-0.3648006847737265,0.43228713665439106,0.46403223282306705
86,100,26,Al,13,13,2069.47,0.03,2,14 FS 2,1652.56,0.0,28.4,1.1,[M1],0.075,0.011,4,14.0,FS,2.0,1.4e-14,2e-15,0.1342869832337866,0.019695424207622,26Al,3,6,2,1,True,0.0433,-0.0433,0.0407,-0.0407,0.20091873900816,0.18279412846249005,0.20091873900816,0.18279412846249005,-0.4966014078820108,-0.361594997858399,0.1122451055911508,0.10211962483937992
98,114,26,Al,13,13,3596.34,0.04,3,18 FS 3,1526.82,0.0,100.0,0.22,[M1],0.32,0.06,6,18.0,FS,3.0,1.8000000000000002e-14,3.0000000000000002e-15,0.5729577951308232,0.1074295865870293,26Al,2,4,5,2,True,0.068,-0.068,0.2291,-0.2291,0.755362621456,0.7704378649668101,0.755362621456,0.7704378649668101,-0.3187196603631284,-0.3450381720789286,0.4219902913162011,0.4304122150652572
135,163,28,Al,13,15,2271.745,0.019,4,22 FS 3,2271.65,0.023,100.0,5.0,[M1],0.079,0.013,8,22.0,FS,3.0,2.2e-14,3.0000000000000002e-15,0.1414489556729219,0.0232764104271896,28Al,3,6,1,1,True,-0.0507,0.0358,-0.033,0.0479,0.2053689673428409,0.185548147009,0.2053689673428409,0.185548147009,-0.4522945148351665,-0.3121288947669895,0.11473126667197815,0.10365818268659217
154,184,32,P,15,17,1149.39,0.03,1,183 FS 12,636.68,0.05,100.0,4.0,M1,0.232,0.019,2,183.0,FS,12.0,1.83e-13,1.2e-14,0.4153944014698468,0.0340193690858926,32P,0,0,2,1,True,-0.0153,0.1403,-0.1286,0.0036,0.5638374440592101,0.5274120463459598,0.5638374440592101,0.5274120463459598,-0.35772838581008004,-0.2700155228904833,0.3149929855079386,0.29464360131059214
69,82,23,Na,11,12,2982.0,0.5,3/2,3.3 FS 0.4,2981.7,0.8,100.0,0.3,M1,0.147,0.018,3,3.3,FS,0.4,3.3e-15,4e-16,0.2632024871382219,0.0322288759761088,23Na,3/2,3,2,1,True,-0.1577,-0.0109,0.1698,-0.0012,0.44804042668156857,0.33241428429444003,0.44804042668156857,0.33241428429444003,-0.7027341112057486,-0.26330819098711683,0.250301914347245,0.18570630407510616
137,166,28,Al,13,15,2581.81,0.22,5,313 FS 25,310.2,0.0,6.0,2.0,[M1],0.13,0.05,10,313.0,FS,25.0,3.1300000000000013e-13,2.5e-14,0.2327641042718969,0.0895246554891911,28Al,4,8,1,1,True,0.0101,-0.0953,0.1251,-0.0399,0.2982928865510415,0.2904260359616099,0.2982928865510415,0.2904260359616099,-0.2818774669146606,-0.2480706315496775,0.16664407069890588,0.16224918210145808
59,70,21,Ne,10,11,2794.17,0.03,1/2,5.5 FS 0.7,2793.94,0.05,100.0,3.0,M1,0.184,0.024,1,5.5,FS,0.7,5.5e-15,7e-16,0.3294507322002233,0.0429718346348117,21Ne,3/2,3,1,1,True,-0.0047,0.1079,-0.1947,0.0914,0.40171582596751365,0.41105190836889,0.40171582596751365,0.41105190836889,-0.21968613665142586,-0.24803226976223544,0.22442224914386236,0.22963793763625132
158,190,33,P,15,18,2538.6,0.3,3/2,35 FS 7,691.0,0.4,8.2,1.2,[M1],0.13,0.06,3,35.0,FS,7.0,3.5e-14,7e-15,0.2327641042718969,0.1074295865870293,33P,5/2,5,2,1,True,0.1177,0.0156,-0.0202,-0.1131,0.33356008672249216,0.2889516167808401,0.33356008672249216,0.2889516167808401,-0.43343397818002644,-0.24173449411620143,0.18634641716340344,0.1614254842351062
139,168,30,Al,13,17,687.52,0.12,1,0.7 PS 0.2,443.63,0.08,100.0,2.0,(M1),0.35,0.1,2,0.7,PS,0.2,6.999999999999999e-13,2e-13,0.6266725884243378,0.1790493109783822,30Al,2,4,1,1,True,-0.1352,-0.0675,-0.3258,0.5285,0.6768540312357318,0.77761039241284,0.6768540312357318,0.77761039241284,-0.08037355344889363,-0.24119775325273748,0.37813074370711275,0.4344192136384581
151,181,31,P,15,16,3134.3,0.4,1/2,7.2 FS 0.6,3134.3,0.0,100.0,0.3,M1,0.097,0.008,1,7.2,FS,0.6,7.2e-15,6e-16,0.1736778316490308,0.0143239448782705,31P,1/2,1,2,1,True,-0.0937,-0.0268,-0.0484,0.1688,0.2201817198425626,0.21040807524676006,0.2201817198425626,0.21040807524676006,-0.2681087360626766,-0.21181866755030834,0.12300654739807963,0.11754641075237991
62,74,22,Na,11,11,657.0,0.14,0,19.6 PS 0.7,73.9,0.1,100.0,0.0,M1,2.77,0.1,0,19.6,PS,0.7,1.96e-11,6.999999999999999e-13,4.959665914101189,0.1790493109783822,22Na,1,2,1,1,True,-0.2042,0.2042,-0.5375,0.5375,6.04879789244416,5.992104255006251,6.04879789244416,5.992104255006251,-0.21993382660269847,-0.20849973882303424,3.379216699689475,3.347544276539805
134,162,28,Al,13,15,1622.907,0.02,2,63 FS 10,1622.87,0.06,100.0,11.0,[M1],0.073,0.016,4,63.0,FS,10.0,6.300000000000001e-14,1.0000000000000002e-14,0.130705997014219,0.0286478897565411,28Al,3,6,2,1,True,0.0063,0.0477,-0.212,0.158,0.12911416816516,0.157464525124,0.12911416816516,0.157464525124,0.011906572547945202,-0.20505491026249342,0.072130820204,0.08796900844916201
142,171,27,Si,14,13,2909.9,0.2,9/2,52 FS 6,746.2,0.0,6.4,2.2,(M1),0.061,0.023,9,52.0,FS,6.0,5.2000000000000006e-14,6.000000000000001e-15,0.1092200796968131,0.0411813415250279,27Si,7/2,7,1,1,True,-0.0088,0.0171,-0.2013,0.1931,0.0997826319615321,0.12724252349449,0.0997826319615321,0.12724252349449,0.08615594869922061,-0.1653312894449126,0.05574448712934754,0.07108520865613967
49,60,20,F,9,11,2966.11,0.03,3,3.6 FS 0.8,2309.96,0.06,12.2,1.1,[M1],0.059,0.014,6,3.6,FS,0.8,3.6e-15,8.000000000000001e-16,0.1056390934772455,0.0250669035369735,20F,3,6,3,1,True,0.0032,-0.0428,0.1478,-0.1083,0.10853063453441437,0.12212732387583998,0.10853063453441437,0.12212732387583998,-0.027654905164419832,-0.1563992413203294,0.06063163940470077,0.06822755523789943
45,56,20,F,9,11,2194.3,0.03,3,2.9 FS 0.8,2194.16,0.03,47.0,1.9,[M1],0.34,0.1,6,2.9,FS,0.8,2.9e-15,8.000000000000001e-16,0.6087676573264997,0.1790493109783822,20F,2,4,2,1,True,0.037,-0.0623,0.3394,-0.3141,0.6153608454713722,0.69446988912196,0.6153608454713722,0.69446988912196,-0.011108848950660619,-0.1410941326354911,0.34377700864322464,0.387972005096067
81,95,26,Al,13,13,1057.739,0.012,1,25 FS 5,829.3,0.4,100.0,0.0,M1,1.5,0.3,2,25.0,FS,5.0,2.5e-14,5.000000000000001e-15,2.685739664675734,0.5371479329351467,26Al,0,0,1,1,True,0.1298,-0.1298,0.4932,-0.4932,2.9408051829817605,3.04595620318224,2.9408051829817605,3.04595620318224,-0.09527194896899838,-0.13443434010511726,1.6429079234534976,1.701651510157676
64,76,22,Na,11,11,3059.4,0.6,2,23 FS 3,1107.6,0.5,100.0,1.0,M1,0.68,0.09,4,23.0,FS,3.0,2.3000000000000003e-14,3.0000000000000002e-15,1.2175353146529997,0.161144379880544,22Na,2,4,2,1,True,0.1432,-0.1432,-0.0672,0.0672,1.6399322620825598,1.3500283414118392,1.6399322620825598,1.3500283414118392,-0.34729893368596787,-0.1091261431250738,0.9161632749064582,0.7542057773250502
4,12,18,F,9,9,3839.17,0.22,2,13.2 FS 1.9,777.0,0.0,50.0,3.0,M1,1.7,0.3,4,13.2,FS,1.9,1.32e-14,1.9e-15,3.0438382866324982,0.5371479329351467,18F,2,4,3,2,True,0.1563,-0.1563,0.3789,-0.3789,3.42248372001936,3.3600946657472095,3.42248372001936,3.3600946657472095,-0.12470710483712119,-0.1042046223290205,1.912002078223106,1.8771478579593348
41,52,20,F,9,11,822.73,0.03,4,55 PS 4,166.78,0.05,66.8,2.4,[M1],0.0572,0.0048,8,55.0,PS,4.0,5.5e-11,4e-12,0.1024162058796346,0.0085943669269623,20F,3,6,1,1,True,-0.0074,0.0512,-0.0944,0.0505,0.10998558042774759,0.11143886356516002,0.10998558042774759,0.11143886356516002,-0.0742038171245418,-0.08839769860882148,0.06144445833952379,0.06225634836042459
46,57,20,F,9,11,2194.3,0.03,3,2.9 FS 0.8,1371.53,0.04,51.2,1.9,[M1],1.52,0.45,6,2.9,FS,0.8,2.9e-15,8.000000000000001e-16,2.7215495268714105,0.8057218994027202,20F,4,8,2,1,True,-0.2386,0.0341,-0.2693,0.4738,3.001642355867522,2.9056805924724896,3.001642355867522,2.9056805924724896,-0.10322050715507268,-0.06795082052061543,1.6768951708757105,1.6232852471913355
148,177,29,Si,14,15,4895.2,0.4,5/2,12 FS 5,3621.6,0.4,100.0,7.0,(M1),0.021,0.009,5,12.0,FS,5.0,1.2e-14,5.000000000000001e-15,0.0376003553054602,0.0161144379880544,29Si,3/2,3,3,1,True,0.0203,0.0614,-0.0753,-0.0064,0.038747997330912096,0.040048694810890004,0.038747997330912096,0.040048694810890004,-0.030805994437672405,-0.06540821524048955,0.021646925883191122,0.022373572520050282
72,85,23,Na,11,12,4429.63,0.16,1/2,0.21 FS 0.02,4429.2,0.0,100.0,3.0,M1,1.1,0.12,1,0.21,FS,0.02,2.1e-16,2e-17,1.969542420762205,0.2148591731740587,23Na,3/2,3,2,1,True,-0.2232,-0.0087,-0.2334,0.4652,2.0933443362027258,2.04768544389696,2.0933443362027258,2.04768544389696,-0.06315100873678288,-0.039962135041625206,1.1694661096104613,1.1439583485457878
14,23,18,F,9,9,6283.2,0.9,2,10.0 KEV 0.5,2559.0,0.0,1.4,0.5,M1,0.071,0.034,4,10.0,KEV,0.5,4.562294742445559e-20,9.124589484891121e-19,0.1271250107946513,0.0608767657326499,18F,1,2,5,3,True,-0.0034,0.0034,0.3106,-0.3106,0.07761751424063999,0.12842145956835999,0.07761751424063999,0.12842145956835999,0.3892712704332363,-0.010476509311196768,0.04336173979924022,0.07174383216109496
75,88,23,Na,11,12,6235.4,0.6,13/2,16 FS 8,701.0,1.0,12.0,6.0,(M1),0.4,0.3,13,16.0,FS,8.0,1.6e-14,8e-15,0.7161972439135291,0.5371479329351467,23Na,11/2,11,1,1,True,-0.0912,0.0317,-0.1979,0.2574,0.6865937863512025,0.6968027209584101,0.6865937863512025,0.6968027209584101,0.04107013079441002,0.026811842236857397,0.383571947682236,0.38927526310525706
129,157,27,Al,13,14,5667.3,1.2,9/2,11 FS 3,1156.9,1.4,20.0,8.0,(M1),0.14,0.07,9,11.0,FS,3.0,1.1e-14,3.0000000000000002e-15,0.2506690353697351,0.1253345176848675,27Al,11/2,11,3,1,True,0.0283,-0.0825,0.0368,0.0173,0.26065625829040373,0.23012571368164003,0.26065625829040373,0.23012571368164003,-0.040128724223478,0.08170106272290494,0.14561802139128693,0.12856185121879332
36,47,19,F,9,10,6592.0,2.0,9/2,7.6 EV 1.8,2214.0,0.0,24.0,2.0,M1,0.35,0.07,9,7.6,EV,1.8,6.003019397954684e-20,2.534608190247533e-19,0.6266725884243378,0.1253345176848675,19F,7/2,7,2,1,True,0.0411,-0.0548,0.2821,-0.2684,0.5203508863893201,0.57352585776201,0.5203508863893201,0.57352585776201,0.1694319451088265,0.08455569391538703,0.2906988192119107,0.3204055071296145
70,83,23,Na,11,12,2982.0,0.5,3/2,3.3 FS 0.4,591.0,1.0,0.51,0.17,[M1],0.1,0.04,3,3.3,FS,0.4,3.3e-15,4e-16,0.1790493109783822,0.0716197243913529,23Na,1/2,1,2,1,True,-0.084,-0.0083,0.0056,0.0867,0.1864862260770601,0.16357786114576,0.1864862260770601,0.16357786114576,-0.041822492050615084,0.08615720030301685,0.10418224920506151,0.09138427996969832
42,53,20,F,9,11,1056.848,0.004,1,5.1 FS 1.1,1056.78,0.03,100.0,0.0,[M1],3.59,0.78,2,5.1,FS,1.1,5.1e-15,1.1000000000000001e-15,6.427870264123923,1.3965846256313816,20F,2,4,1,1,True,0.3414,-0.0654,0.3259,-0.6018,6.165775677603998,5.867343992052009,6.165775677603998,5.867343992052009,0.04051046861953625,0.08695102907642123,3.4445674176558647,3.2778458056156476
163,197,34,Cl,17,17,461.0,0.04,1,5.2 PS 0.4,461.0,0.04,100.0,0.0,M1,0.043,0.004,2,5.2,PS,0.4,5.200000000000001e-12,4e-13,0.0769912037207043,0.0071619724391352,34Cl,0,0,1,1,True,0.0094,-0.0094,-0.2776,0.2776,0.03576909777984,0.07019447531776,0.03576909777984,0.07019447531776,0.5352852048870989,0.08802812371365448,0.019982736189854747,0.039214790680312854
132,160,28,Al,13,15,1372.917,0.02,1,223 FS 35,400.58,0.03,63.0,7.0,[M1],0.54,0.12,2,223.0,FS,35.0,2.23e-13,3.5e-14,0.9668662792832644,0.2148591731740587,28Al,0,0,1,1,True,0.1493,-0.0183,0.0625,-0.1936,0.93405710903569,0.8532614095622502,0.93405710903569,0.8532614095622502,0.033667381506631615,0.11725490423934395,0.521819613986419,0.4766823517107543
152,182,32,P,15,17,78.06,0.02,2,278 PS 9,78.05,0.02,100.0,0.0,(M1),0.165,0.006,4,278.0,PS,9.0,2.7799999999999997e-10,9e-12,0.2954313631143307,0.0107429586587029,32P,1,2,1,1,True,0.1254,0.0643,0.0603,-0.2499,0.26493224153217615,0.2600221798216902,0.26493224153217615,0.2600221798216902,0.10298885548611425,0.11961340842495334,0.14800683884479116,0.1452637876098827
156,186,32,P,15,17,2740.36,0.06,1,14 FS 5,2227.57,0.07,100.0,1.5,M1,0.09,0.04,2,14.0,FS,5.0,1.4e-14,5.000000000000001e-15,0.161144379880544,0.0716197243913529,32P,0,0,4,1,True,0.0384,0.0253,0.2103,-0.2739,0.1075744816505401,0.14162705375568999,0.1075744816505401,0.14162705375568999,0.33225026908417077,0.120874899095655,0.06009747578242463,0.07912125908139105
102,118,26,Al,13,13,3750.9,0.04,2,22 FS 6,1681.37,0.0,100.0,3.0,[M1],0.14,0.04,4,22.0,FS,6.0,2.2e-14,6.000000000000001e-15,0.2506690353697351,0.0716197243913529,26Al,2,4,6,2,True,0.0459,-0.0459,0.0552,-0.0552,0.23737436363664005,0.21928128831504004,0.23737436363664005,0.21928128831504004,0.05277588333343967,0.12497490696312862,0.13261137633331846,0.122503513025162
136,165,28,Al,13,15,2486.2,0.06,2,66 FS 7,865.87,0.15,100.0,13.0,[M1],0.3,0.06,4,66.0,FS,7.0,6.600000000000002e-14,7e-15,0.5371479329351467,0.1074295865870293,28Al,1,2,4,2,True,-0.1498,-0.0387,-0.0253,0.2138,0.5097389529960025,0.46601061291009005,0.5097389529960025,0.46601061291009005,0.050765450659213306,0.13219625156407808,0.284770364802236,0.26034112453077657
140,169,30,Al,13,17,1118.9,0.3,3,83 FS 55,875.1,0.5,100.0,4.0,M1,0.4,0.3,6,83.0,FS,55.0,8.300000000000001e-14,5.5000000000000005e-14,0.7161972439135291,0.5371479329351467,30Al,2,4,2,1,True,0.0617,-0.0416,0.2534,-0.2735,0.573369664626533,0.61424932808836,0.573369664626533,0.61424932808836,0.1992043790132221,0.1421098769715641,0.3203182483947112,0.3431560492113744
28,38,19,F,9,10,1554.038,0.009,3/2,3.5 FS 2.1,1356.9,0.0,92.6,0.2,M1,2.3,1.4,3,3.5,FS,2.1,3.5e-15,2.1000000000000002e-15,4.118134152502791,2.506690353697352,19F,5/2,5,1,1,True,-0.3453,0.0093,-0.0066,0.3426,3.88455245095824,3.421735622683561,3.88455245095824,3.421735622683561,0.05646041997613794,0.16887645793452483,2.1701410340548826,1.9115841467505927
57,68,18,Ne,10,8,3616.4,0.6,2,44 FS +21-14,1729.0,0.0,91.0,2.0,M1,0.088,0.038,4,44.0,FS,21.0,4.4e-14,2.1e-14,0.1575633936609763,0.0680387381717852,18Ne,2,4,2,1,True,-0.09,0.0,0.09,0.0,0.170332020369,0.1290174561,0.170332020369,0.1290174561,-0.08133583271330623,0.18094555548501776,0.09515755327877094,0.07207679111731843
161,195,33,S,16,17,3831.6,0.3,5/2,30 FS 8,862.4,0.0,19.0,7.0,[M1],0.12,0.06,5,30.0,FS,8.0,3.0000000000000005e-14,8e-15,0.2148591731740587,0.1074295865870293,33S,7/2,7,3,1,True,-0.1002,-0.0279,0.013,0.1152,0.1935413700395569,0.16997974579599998,0.1935413700395569,0.16997974579599998,0.09896941322366458,0.2086604013221602,0.10812367041316025,0.09496075184134077
48,59,20,F,9,11,2966.11,0.03,3,3.6 FS 0.8,2965.9,0.09,27.1,1.4,[M1],0.063,0.014,6,3.6,FS,0.8,3.6e-15,8.000000000000001e-16,0.1128010659163808,0.0250669035369735,20F,2,4,3,1,True,0.0122,-0.037,0.0815,-0.0567,0.08480829628344959,0.08628406882225002,0.08480829628344959,0.08628406882225002,0.24795338934601766,0.23486681899219627,0.04737893647120089,0.048203390403491635
130,158,28,Al,13,15,30.6382,0.0007,2,2.07 NS 0.05,30.6382,0.0007,100.0,0.0,M1,0.37,0.009,4,2.07,NS,0.05,2.07e-09,5.000000000000001e-11,0.6624824506200143,0.0161144379880544,28Al,3,6,1,1,True,-0.0093,0.1138,-0.2106,0.106,0.4871760106020025,0.49774492450816,0.4871760106020025,0.49774492450816,0.26441792148270815,0.24846002641075035,0.272165369051398,0.27806979022802236
44,55,20,F,9,11,2043.98,0.03,2,2.7 FS 0.5,1387.9,0.03,91.8,0.6,[M1],2.8,0.5,4,2.7,FS,0.5,2.7000000000000005e-15,5e-16,5.013380707394703,0.8952465548919113,20F,3,6,2,1,True,0.3014,-0.0374,0.1608,-0.4249,3.9498923144089604,3.6465270935792407,3.9498923144089604,3.6465270935792407,0.2119129460476935,0.27244072354763754,2.206643751066458,2.037165974066615
105,121,26,Al,13,13,3753.63,0.13,0,5 FS 2,1013.58,0.0,2.2,0.3,[M1],0.08,0.04,0,5.0,FS,2.0,5.000000000000001e-15,2e-15,0.1432394487827058,0.0716197243913529,26Al,1,2,2,4,True,-0.0544,0.0544,0.1248,-0.1248,0.14993375248383994,0.10074580706304002,0.14993375248383994,0.10074580706304002,-0.0470234111999996,0.2964678277720671,0.08376187289599997,0.05628257377823463
80,94,25,Al,13,12,2485.3,0.9,1/2,4 FS 2,2033.4,1.0,100.0,4.0,M1,0.5,0.3,1,4.0,FS,2.0,4e-15,2e-15,0.8952465548919113,0.5371479329351467,25Al,1/2,1,2,1,True,0.1774,0.0028,-0.1096,-0.0706,0.7579261471574116,0.6130852416057601,0.7579261471574116,0.6130852416057601,0.15315514284088094,0.31498855686507254,0.42342242857955953,0.34250572156746373
149,179,30,Si,14,16,5372.2,0.6,0,59 FS 21,1602.8,0.9,66.0,20.0,M1,0.036,0.019,0,59.0,FS,21.0,5.9e-14,2.1e-14,0.0644577519522176,0.0340193690858926,30Si,1,2,3,1,True,0.0084,-0.0506,-0.0087,0.0509,0.053745454916035586,0.04335794214048999,0.053745454916035586,0.04335794214048999,0.16596128311552474,0.3271579431953756,0.030025393807841107,0.024222314044966477
90,105,26,Al,13,13,2913.4,0.05,2,68 FS 4,843.92,0.0,100.0,1.3,[M1],0.365,0.023,4,68.0,FS,4.0,6.8e-14,4e-15,0.6535299850710953,0.0411813415250279,26Al,2,4,4,2,True,0.0799,-0.0799,-0.0328,0.0328,0.5172756822734399,0.4279289689038401,0.5172756822734399,0.4279289689038401,0.208271703874738,0.34502338883624384,0.2889808280857206,0.239066463074771
30,41,19,F,9,10,3908.17,0.2,3/2,6 FS 3,3908.2,0.0,48.0,2.0,M1,0.12,0.07,3,6.0,FS,3.0,6.000000000000001e-15,3.0000000000000002e-15,0.2148591731740587,0.1253345176848675,19F,1/2,1,2,1,True,0.0163,-0.0088,0.2069,-0.2144,0.1099707300567225,0.14008409613961,0.1099707300567225,0.14008409613961,0.48803198297615225,0.3478394034468808,0.06143616204286173,0.0782592715863743
43,54,20,F,9,11,2043.98,0.03,2,2.7 FS 0.5,2043.89,0.06,7.5,0.6,[M1],0.071,0.014,4,2.7,FS,0.5,2.7000000000000005e-15,5e-16,0.1271250107946513,0.0250669035369735,20F,2,4,2,1,True,-0.0128,0.0213,-0.1169,0.1084,0.07284447157812252,0.08224167863960999,0.07284447157812252,0.08224167863960999,0.4268276687534619,0.3528863117506492,0.0406952355185042,0.0459450718657039
153,183,32,P,15,17,512.7,0.03,0,1.83 PS 0.08,512.69,0.03,100.0,0.0,M1,0.088,0.004,0,1.83,PS,0.08,1.83e-12,8e-14,0.1575633936609763,0.0071619724391352,32P,1,2,1,1,True,-0.1272,-0.0125,0.2439,-0.1042,0.17537023087184414,0.10153584687961004,0.17537023087184414,0.10153584687961004,-0.11332040929306844,0.3554098090425975,0.09797219601779002,0.05672393680425142
76,90,26,Mg,12,14,4835.13,0.05,2,28 FS 6,1896.72,0.05,100.0,0.4,M1,0.096,0.021,4,28.0,FS,6.0,2.8e-14,6.000000000000001e-15,0.1718873385392469,0.0376003553054602,26Mg,2,4,4,2,True,0.021,-0.0153,0.1358,-0.1416,0.09712079225956809,0.11062355824143999,0.09712079225956809,0.11062355824143999,0.4348184807986029,0.3562409320214153,0.05425742584333412,0.06180087052594413
101,117,26,Al,13,13,3723.81,0.04,1,4.2 FS 1.4,3495.25,0.0,100.0,0.1,M1,0.12,0.04,2,4.2,FS,1.4,4.2000000000000004e-15,1.4e-15,0.2148591731740587,0.0716197243913529,26Al,0,0,5,1,True,0.0234,-0.0234,0.1328,-0.1328,0.12463780646464002,0.13649123358784002,0.12463780646464002,0.13649123358784002,0.4197495043545622,0.36456595163947847,0.06963005947745253,0.07625208580326258
92,107,26,Al,13,13,3159.889,0.013,2,3.5 FS 0.7,2102.058,0.0,25.7,0.8,M1,0.09,0.03,4,3.5,FS,0.7,3.5e-15,7e-16,0.161144379880544,0.0537147932935146,26Al,1,2,5,1,True,0.0199,-0.0199,0.1158,-0.1158,0.09186888256144,0.10097408680164,0.09186888256144,0.10097408680164,0.42974002134425815,0.3732210626837989,0.051323398079016765,0.0564101043584581
138,167,28,Al,13,15,2656.3,0.04,4,22 FS 3,1642.35,0.1,100.0,5.0,[M1],0.16,0.03,8,22.0,FS,3.0,2.2e-14,3.0000000000000002e-15,0.2864788975654116,0.0537147932935146,28Al,3,6,2,2,True,-0.0984,-0.0871,-0.1675,0.3531,0.14735015020262252,0.17932387662225008,0.14735015020262252,0.17932387662225008,0.48550925208581525,0.37386914587203207,0.08231851966626956,0.10018093666047487
73,86,23,Na,11,12,4429.63,0.16,1/2,0.21 FS 0.02,2038.6,0.0,9.9,0.3,[M1],1.11,0.12,1,0.21,FS,0.02,2.1e-16,2e-17,1.9874473518600435,0.2148591731740587,23Na,1/2,1,2,1,True,-0.1848,0.0155,-0.0698,0.2392,1.3487222322519001,1.23026075090944,1.3487222322519001,1.23026075090944,0.32119269603306655,0.380813955956797,0.7534761074032962,0.6872965088879553
162,196,33,Cl,17,16,810.55,0.16,1/2,1.2 PS 0.2,810.55,0.16,100.0,0.0,[M1],0.034,0.006,1,1.2,PS,0.2,1.2e-12,2e-13,0.0608767657326499,0.0107429586587029,33Cl,3/2,3,1,1,True,0.0609,0.0244,-0.0333,-0.052,0.04558541412490813,0.037287725860090014,0.04558541412490813,0.037287725860090014,0.2509790646580987,0.387319653958429,0.025466711801624645,0.020831131765413416
165,200,35,Cl,17,18,3967.5,0.23,1/2,10 FS 3,2748.5,0.6,100.0,6.0,[M1],0.079,0.025,1,10.0,FS,3.0,1.0000000000000002e-14,3.0000000000000002e-15,0.1414489556729219,0.0447623277445955,35Cl,1/2,1,2,1,True,0.0743,0.0038,-0.0656,-0.0126,0.11214298688910494,0.08658812367396006,0.11214298688910494,0.08658812367396006,0.2069656538497636,0.38768033608683933,0.06264971334586868,0.048373253449139696
160,194,33,S,16,17,2313.399,0.014,3/2,109 FS 17,346.19,0.14,1.6,0.3,(M1),0.055,0.014,3,109.0,FS,17.0,1.09e-13,1.7e-14,0.0984771210381102,0.0250669035369735,33S,5/2,5,2,1,True,-0.0312,-0.1648,-0.136,0.3321,0.10259234624015995,0.05609650140899999,0.10259234624015995,0.05609650140899999,-0.042075634740070984,0.43020313449466774,0.057314159910703905,0.03133882760279327
131,159,28,Al,13,15,1013.637,0.009,3,103 FS 14,1013.676,0.021,61.0,7.0,[M1],0.078,0.016,6,103.0,FS,14.0,1.03e-13,1.4e-14,0.1396584625631381,0.0286478897565411,28Al,3,6,2,1,True,-0.0154,-0.1015,0.0085,0.1083,0.09662751733910892,0.07902817328025001,0.09662751733910892,0.07902817328025001,0.30792495817856386,0.4339766990384615,0.05398185326207202,0.044149817475000006
63,75,22,Na,11,11,2968.6,0.6,3,32 FS 4,1016.8,0.5,100.0,0.0,M1,0.65,0.09,6,32.0,FS,4.0,3.2e-14,4e-15,1.1638205213594848,0.161144379880544,22Na,2,4,3,1,True,0.1069,-0.1069,-0.0981,0.0981,0.8245417266318399,0.6520612565096099,0.8245417266318399,0.6520612565096099,0.2913264059889644,0.43956918220059316,0.4606378361071731,0.36428003156961447
147,176,28,Si,14,14,9381.55,0.12,2,1.1 FS 0.3,1122.7,0.0,0.6,0.18,(M1),0.08,0.03,4,1.1,FS,0.3,1.1000000000000001e-15,3e-16,0.1432394487827058,0.0537147932935146,28Si,2,4,6,5,True,0.0291,-0.0291,0.0201,-0.0201,0.08642964971664001,0.07743691997001,0.08642964971664001,0.07743691997001,0.3964409935988827,0.4592393856842878,0.04828472051208939,0.04326084914525698
19,28,18,F,9,9,6310.5,0.8,3,0.95 KEV 0.14,1347.0,0.0,13.0,1.5,M1,0.62,0.2,6,0.95,KEV,0.14,4.802415518363747e-19,3.258781958889685e-18,1.11010572806597,0.3580986219567645,18F,2,4,5,4,True,0.0037,-0.0037,0.5821,-0.5821,0.3805957153153599,0.57643459644241,0.3805957153153599,0.57643459644241,0.6570591860557219,0.48059596644223285,0.21262330464545245,0.32203050080581563
150,180,30,P,15,15,3019.2,0.1,1,2 FS 1,2342.2,0.1,100.0,0.0,M1,0.9,0.5,2,2.0,FS,1.0,2e-15,1e-15,1.6114437988054404,0.8952465548919113,30P,0,0,3,1,True,-0.1231,0.1231,0.14,-0.14,1.03758100013584,0.8030131320999999,1.03758100013584,0.8030131320999999,0.3559397888666418,0.5015436796399754,0.5796541900200224,0.4486106883240222
33,44,19,F,9,10,6070.0,1.0,7/2,1.2 KEV,1692.0,0.0,4.0,1.0,M1,0.25,0.1,7,1.2,KEV,0.0,3.8019122853713e-19,,0.4476232774459556,0.1790493109783822,19F,7/2,7,3,1,True,0.0191,0.1021,-0.1753,0.0541,0.2109366119642896,0.22290834214488994,0.2109366119642896,0.22290834214488994,0.5286332693535428,0.5018807996762235,0.1178416826616143,0.12452980008094414
95,111,26,Al,13,13,3159.889,0.013,2,3.5 FS 0.7,1088.224,0.0,4.25,0.13,[M1],0.13,0.03,4,3.5,FS,0.7,3.5e-15,7e-16,0.2327641042718969,0.0537147932935146,26Al,1,2,5,3,True,-0.0371,0.0371,-0.0112,0.0112,0.12987749237903998,0.11340648937744002,0.12987749237903998,0.11340648937744002,0.4418672437514397,0.5126493795554791,0.07255725831231284,0.06335558065778772
78,92,26,Mg,12,14,6622.94,0.14,4,19 FS 5,1146.9,0.0,19.0,2.0,[M1],0.063,0.018,8,19.0,FS,5.0,1.9e-14,5.000000000000001e-15,0.1128010659163808,0.0322288759761088,26Mg,4,8,5,3,True,0.0278,-0.002,0.0625,-0.0883,0.050820966277203596,0.053201498370250004,0.050820966277203596,0.053201498370250004,0.5493396623463368,0.5282300401680412,0.02839160127218078,0.02972150746941341
166,201,38,K,19,19,458.53,0.16,1,7.0 PS 0.6,328.1,0.2,100.0,0.3,M1,0.088,0.009,2,7.0,PS,0.6,7e-12,6e-13,0.1575633936609763,0.0161144379880544,38K,0,0,1,1,True,-0.0276,0.0276,0.4048,-0.4048,0.021033352829440004,0.07047708181504002,0.021033352829440004,0.07047708181504002,0.8664718586246826,0.5525832794880648,0.011750476441027936,0.03937267140505029
87,101,26,Al,13,13,2365.15,0.018,3,0.8 PS 0.2,295.678,0.0,100.0,2.0,[M1],0.54,0.14,6,0.8,PS,0.2,8e-13,2e-13,0.9668662792832644,0.2506690353697351,26Al,2,4,2,2,True,-0.0241,0.0241,-0.3438,0.3438,0.32561768389263995,0.40841838940644,0.32561768389263995,0.40841838940644,0.6631308877584938,0.5774690777918065,0.18190932061041337,0.22816669799242456
29,40,19,F,9,10,3908.17,0.2,3/2,6 FS 3,2354.1,0.0,21.0,3.0,M1,0.056,0.033,3,6.0,FS,3.0,6.000000000000001e-15,3.0000000000000002e-15,0.100267614147894,0.0590862726228661,19F,3/2,3,2,1,True,-0.0257,-0.0144,-0.0962,0.1362,0.034097014775212896,0.04202040812543999,0.034097014775212896,0.04202040812543999,0.6598462213167109,0.5808019939600958,0.019048611606264188,0.023475088338234636
88,102,26,Al,13,13,2545.367,0.017,3,0.69 PS 0.17,475.892,0.0,100.0,1.5,[M1],0.2,0.05,6,0.69,PS,0.17,6.899999999999999e-13,1.7e-13,0.3580986219567645,0.0895246554891911,26Al,2,4,3,2,True,0.0146,-0.0146,0.1997,-0.1997,0.11364665807104,0.14171106389209004,0.11364665807104,0.14171106389209004,0.6825512344384357,0.6041590394075699,0.06348975311231285,0.07916819211848602
0,1,18,O,8,10,3920.44,0.14,2,18.4 FS 2,1938.0,0.0,87.6,0.7,M1,0.14,0.02,4,18.4,FS,2.0,1.84e-14,2e-15,0.2506690353697351,0.0358098621956764,18O,2,4,2,1,True,0.0,-0.09,0.0,0.09,0.11858863068899998,0.09696995999999997,0.11858863068899998,0.09696995999999997,0.5267812023583401,0.6130488427773345,0.06625063166983239,0.054173162011173163
141,170,27,Si,14,13,957.4,0.2,3/2,1.20 PS 0.08,176.4,0.0,6.42,0.29,(M1),0.17,0.06,3,1.2,PS,0.08,1.2e-12,8e-14,0.3043838286632498,0.1074295865870293,27Si,1/2,1,1,1,True,0.0083,-0.0141,0.1967,-0.1909,0.08821621130737958,0.11421446070968999,0.08821621130737958,0.11421446070968999,0.7101011787466988,0.6246649335862963,0.049282799613061215,0.06380696129032963
67,79,22,Na,11,11,4710.0,0.4,5,37 FS 14,638.6,0.0,83.0,6.0,M1,1.0,0.4,10,37.0,FS,14.0,3.7e-14,1.4e-14,1.7904931097838226,0.7161972439135291,22Na,4,8,3,2,True,-0.0599,0.0599,-0.2297,0.2297,0.62960860604944,0.65290488544009,0.62960860604944,0.65290488544009,0.6482633485757319,0.635248667351905,0.3517366514242682,0.364751332648095
99,115,26,Al,13,13,3680.68,0.06,3,8.3 FS 1.4,1611.16,0.0,100.0,0.21,[M1],0.59,0.1,6,8.3,FS,1.4,8.300000000000002e-15,1.4e-15,1.0563909347724554,0.1790493109783822,26Al,2,4,6,2,True,-0.0584,0.0584,-0.0869,0.0869,0.40520965209664006,0.3802178812476101,0.40520965209664006,0.3802178812476101,0.6163150723448158,0.6399792810836,0.2263741073165587,0.21241222416067593
8,16,18,F,9,9,6163.2,0.9,3,14.0 KEV 0.5,2047.0,0.0,1.5,0.3,M1,0.078,0.033,6,14.0,KEV,0.5,3.258781958889685e-20,9.124589484891121e-19,0.1396584625631381,0.0590862726228661,18F,3,6,4,3,True,-0.0149,0.0149,-0.0706,0.0706,0.044452999585439995,0.04744093472836001,0.044452999585439995,0.04744093472836001,0.6816143848629137,0.6602139039653345,0.024834077980692735,0.026503315490703908
66,78,22,Na,11,11,4360.0,0.4,2,5.0 FS 1.4,2408.1,0.3,100.0,5.0,M1,0.24,0.07,4,5.0,FS,1.4,5.000000000000001e-15,1.4e-15,0.4297183463481174,0.1253345176848675,22Na,2,4,3,1,True,-0.0225,0.0225,-0.1278,0.1278,0.11530778489999999,0.12628940053284002,0.11530778489999999,0.12628940053284002,0.7315926794692739,0.7060302594673183,0.0644177569273743,0.07055273772784358
104,120,26,Al,13,13,3753.63,0.13,0,5 FS 2,1681.93,0.0,11.0,0.3,[M1],0.09,0.04,0,5.0,FS,2.0,5.000000000000001e-15,2e-15,0.161144379880544,0.0716197243913529,26Al,1,2,2,3,True,0.0606,-0.0606,-0.2533,0.2533,0.10053160931583996,0.044457005612889997,0.10053160931583996,0.044457005612889997,0.37596766408541304,0.724040933501614,0.056162910232312825,0.024836315984854737
100,116,26,Al,13,13,3680.68,0.06,3,8.3 FS 1.4,520.79,0.0,0.28,0.04,[M1],0.049,0.011,6,8.3,FS,1.4,8.300000000000002e-15,1.4e-15,0.0877341623794073,0.019695424207622,26Al,2,4,6,5,True,-0.0006,0.0006,-0.1171,0.1171,0.01506687510784,0.02294555418841,0.01506687510784,0.02294555418841,0.8282194150286171,0.738392951905028,0.008417248663597766,0.012818745356653631
27,37,19,F,9,10,1554.038,0.009,3/2,3.5 FS 2.1,1554.0,0.0,2.55,0.1,M1,0.043,0.025,3,3.5,FS,2.1,3.5e-15,2.1000000000000002e-15,0.0769912037207043,0.0447623277445955,19F,1/2,1,1,1,True,-0.0066,-0.0084,-0.1078,0.1228,0.012661808110090001,0.019645442308840005,0.012661808110090001,0.019645442308840005,0.8354968414955177,0.7447649433696245,0.007073635815692738,0.010975107435106147
71,84,23,Na,11,12,3914.6,0.4,5/2,6.9 FS 1.4,1838.0,1.0,11.3,0.3,M1,0.046,0.01,5,6.9,FS,1.4,6.900000000000001e-15,1.4e-15,0.0823626830500558,0.0179049310978382,23Na,7/2,7,2,1,True,0.0562,0.0142,-0.309,0.2386,0.0024420517490943983,0.019764142225000003,0.0024420517490943983,0.019764142225000003,0.970341853909468,0.7599691252732572,0.0013642747201644684,0.011041420237430166
155,185,32,P,15,17,2657.53,0.09,2,8.3 FS 2.8,902.51,0.14,10.0,3.0,(M1),0.24,0.11,4,8.3,FS,2.8,8.300000000000002e-15,2.8e-15,0.4297183463481174,0.1969542420762204,32P,3,6,4,1,True,0.021,-0.0717,-0.0371,0.0878,0.12570244775206807,0.09720932501281,0.12570244775206807,0.09720932501281,0.707396536889972,0.773721310491597,0.07022483114640674,0.054306885482016745
9,17,18,F,9,9,6163.2,0.9,3,14.0 KEV 0.5,3640.0,0.0,5.5,0.4,M1,0.052,0.017,6,14.0,KEV,0.5,3.258781958889685e-20,9.124589484891121e-19,0.0931056417087587,0.0304383828663249,18F,2,4,4,1,True,-0.0125,0.0125,0.1954,-0.1954,0.0060450624999999975,0.01830733478116,0.0060450624999999975,0.01830733478116,0.9350551944563816,0.8033161282642888,0.0033771298882681548,0.010227561330256983
35,46,19,F,9,10,6330.0,2.0,7/2,2.4 KEV,1952.0,0.0,18.0,2.0,M1,0.22,0.06,7,2.4,KEV,0.0,1.9009561426856504e-19,,0.3939084841524409,0.1074295865870293,19F,7/2,7,4,1,True,-0.0034,0.0523,-0.0417,-0.0072,0.06802022343919688,0.06292938496329001,0.06802022343919688,0.06292938496329001,0.8272721598801501,0.8401996318860081,0.03800012482636697,0.03515608098507821
2,4,19,O,8,11,96.0,0.5,3/2,1.39 NS 0.05,96.0,0.0,100.0,0.0,M1,0.088,0.038,3,1.39,NS,0.05,1.39e-09,5.000000000000001e-11,0.1575633936609763,0.0680387381717852,19O,5/2,5,1,1,True,0.0,-0.0439,0.0,0.0439,0.028215456166684895,0.023071787236,0.028215456166684895,0.023071787236,0.8208769923394814,0.8535310612239715,0.01576282467412564,0.012889266612290503
52,63,20,F,9,11,3488.41,0.03,1,8.1 FS 0.5,3488.13,0.04,72.6,2.5,[M1],0.0458,0.0032,2,8.1,FS,0.5,8.1e-15,5e-16,0.082004584428099,0.0057295779513082,20F,2,4,3,1,True,-0.007,-0.0189,-0.0948,0.1207,0.0037924449508088998,0.008044511357440002,0.0037924449508088998,0.008044511357440002,0.9537405168108988,0.9018746632499818,0.0021186843300608376,0.004494140423150838
24,34,18,F,9,9,6484.9,1.5,3,0.40 KEV 0.1,2646.0,0.0,9.0,2.0,M1,0.017,0.006,6,0.4,KEV,0.1,1.1405736856113897e-18,4.562294742445559e-18,0.0304383828663249,0.0107429586587029,18F,2,4,6,3,True,-0.0079,0.0079,0.094,-0.094,0.00038593388304000004,0.002369352975999999,0.00038593388304000004,0.002369352975999999,0.9873173222793296,0.9221375952678278,0.00021560552125139635,0.001323660880446927
37,48,19,F,9,10,6592.0,2.0,9/2,7.6 EV 1.8,3812.0,0.0,63.0,3.0,M1,0.35,0.07,9,7.6,EV,1.8,6.003019397954684e-20,2.534608190247533e-19,0.6266725884243378,0.1253345176848675,19F,9/2,9,2,1,True,0.0039,-0.0704,-0.0493,0.1158,0.058494203808062493,0.04098369460249001,0.058494203808062493,0.04098369460249001,0.9066333538578412,0.9345830892218835,0.032678326149755584,0.022895918772340786
97,113,26,Al,13,13,3159.889,0.013,2,3.5 FS 0.7,794.726,0.0,0.35,0.08,[M1],0.028,0.009,4,3.5,FS,0.7,3.5e-15,7e-16,0.050133807073947,0.0161144379880544,26Al,3,6,5,2,True,0.0022,-0.0022,-0.0525,0.0525,0.00101083300096,0.0021559770562499993,0.00101083300096,0.0021559770562499993,0.9798317437956904,0.9569836979998004,0.0005647111737206703,0.0012044564560055866
56,67,22,F,9,13,709.1,0.3,2,57 FS 28,637.4,0.2,100.0,7.0,[M1],1.5,0.8,4,57.0,FS,28.0,5.700000000000001e-14,2.8e-14,2.685739664675734,1.4323944878270582,22F,3,6,2,1,True,-0.0593,-0.0301,-0.1028,0.1922,0.10167194193374443,0.11221374428224003,0.10167194193374443,0.11221374428224003,0.9621333549594993,0.9582071715894823,0.05679996756075108,0.06268924261577655
31,42,19,F,9,10,5500.7,1.7,3/2,4 KEV 1,3946.7,0.0,11.0,0.0,M1,0.18,0.0,3,4.0,KEV,1.0,1.1405736856113902e-19,4.562294742445562e-19,0.322288759761088,0.0,19F,3/2,3,3,1,True,-0.0227,-0.0351,0.084,-0.0262,0.008373666479907598,0.011537767396,0.008373666479907598,0.011537767396,0.9740109668531731,0.9641906660583489,0.004678025966428826,0.006445680109497206
20,29,18,F,9,9,6310.5,0.8,3,0.95 KEV 0.14,3249.0,0.0,57.0,3.0,M1,0.14,0.03,6,0.95,KEV,0.14,4.802415518363747e-19,3.258781958889685e-18,0.2506690353697351,0.0537147932935146,18F,2,4,5,2,True,0.0105,-0.0105,-0.1442,0.1442,0.0020587998759999996,0.007877592033639996,0.0020587998759999996,0.007877592033639996,0.9917845176536313,0.9685650756837988,0.00115016752849162,0.004400889404268156
12,21,18,F,9,9,6283.2,0.9,2,10.0 KEV 0.5,1923.0,0.0,0.5,0.4,M1,0.06,0.05,4,10.0,KEV,0.5,4.562294742445559e-20,9.124589484891121e-19,0.1074295865870293,0.0895246554891911,18F,1,2,5,4,True,0.0438,-0.0438,-0.3404,0.3404,0.005161790239360002,0.0019447747201599965,0.005161790239360002,0.0019447747201599965,0.9519386383672253,0.9818922279314711,0.0028836816979664814,0.0010864663241117306
144,173,28,Si,14,14,8588.71,0.1,3,11 FS 2,789.7,0.0,0.59,0.1,[M1],0.021,0.006,6,11.0,FS,2.0,1.1e-14,2e-15,0.0376003553054602,0.0107429586587029,28Si,3,6,3,2,True,0.0477,0.0477,-0.0477,-0.0477,0.0013121332586244015,0.0006415430436900012,0.0013121332586244015,0.0006415430436900012,0.9650935552374461,0.9829331459513168,0.0007330353400136321,0.00035840393502234707
11,19,18,F,9,9,6163.2,0.9,3,14.0 KEV 0.5,2324.0,0.0,25.0,1.6,M1,0.91,0.23,6,14.0,KEV,0.5,3.258781958889685e-20,9.124589484891121e-19,1.6293487299032785,0.4118134152502792,18F,2,4,4,3,True,0.0338,-0.0338,-0.1073,0.1073,0.04444743361535998,0.02561353778929,0.04444743361535998,0.02561353778929,0.9727132214283505,0.9842755615511757,0.024830968500201105,0.01430923898843016
25,35,18,F,9,9,6484.9,1.5,3,0.40 KEV 0.1,1521.0,0.0,2.0,2.0,M1,0.02,0.02,6,0.4,KEV,0.1,1.1405736856113897e-18,4.562294742445559e-18,0.0358098621956764,0.0358098621956764,18F,2,4,6,4,True,0.0399,0.0399,-0.0399,-0.0399,0.0009180936360036006,0.0004488847316100005,0.0009180936360036006,0.0004488847316100005,0.9743549263686144,0.9874613203460892,0.0005129014726277094,0.0002507735930782128
6,14,18,F,9,9,4360.15,0.26,1,19 FS 7,1298.0,0.0,100.0,0.0,M1,0.5,0.2,2,19.0,FS,7.0,1.9e-14,7e-15,0.8952465548919113,0.3580986219567645,18F,2,4,4,2,True,0.1352,0.1352,-0.1352,-0.1352,0.010541309599974404,0.00515397639744001,0.010541309599974404,0.00515397639744001,0.988222000446956,0.9942413671536983,0.0058889997765220106,0.0028793164231508445
18,27,18,F,9,9,6310.5,0.8,3,0.95 KEV 0.14,2195.0,0.0,2.4,1.7,M1,0.018,0.014,6,0.95,KEV,0.14,4.802415518363747e-19,3.258781958889685e-18,0.0322288759761088,0.0250669035369735,18F,3,6,5,3,True,-0.0212,-0.0212,0.0212,0.0212,0.0002591868165184006,0.00012672455184000044,0.0002591868165184006,0.00012672455184000044,0.9919557164333209,0.9960668978324022,0.00014479710420022367,7.079583901676003e-05
17,26,18,F,9,9,6283.2,0.9,2,10.0 KEV 0.5,2167.0,0.0,3.9,0.2,M1,0.33,0.11,4,10.0,KEV,0.5,4.562294742445559e-20,9.124589484891121e-19,0.5908627262286614,0.1969542420762204,18F,3,6,5,3,True,-0.071,-0.071,0.071,0.071,0.002907086022760002,0.0014213654010000025,0.002907086022760002,0.0014213654010000025,0.9950785745340105,0.9975937609598781,0.0016240704037765365,0.000794058883240224
21,30,18,F,9,9,6385.5,1.7,2,0.49 KEV 0.09,4685.0,0.0,6.8,1.7,M1,0.014,0.007,4,0.49,KEV,0.09,9.310805596827677e-19,5.0692163804950674e-18,0.0250669035369735,0.0125334517684867,18F,1,2,6,2,True,0.0124,0.0124,-0.0124,-0.0124,8.867160223359999e-05,4.335432336000004e-05,8.867160223359999e-05,4.335432336000004e-05,0.9964616280034477,0.9982699791157224,4.9537207951731833e-05,2.422029237988829e-05
15,24,18,F,9,9,6283.2,0.9,2,10.0 KEV 0.5,2444.0,0.0,15.8,1.4,M1,0.91,0.29,4,10.0,KEV,0.5,4.562294742445559e-20,9.124589484891121e-19,1.6293487299032785,0.5192430018373085,18F,2,4,5,3,True,-0.0925,-0.0925,0.0925,0.0925,0.004934289780250002,0.0024125288062500075,0.004934289780250002,0.0024125288062500075,0.9969707840995456,0.998518921476917,0.0027565864694134067,0.0013477814560055904
23,33,18,F,9,9,6484.9,1.5,3,0.40 KEV 0.1,3423.0,0.0,21.0,3.0,M1,0.019,0.007,6,0.4,KEV,0.1,1.1405736856113897e-18,4.562294742445559e-18,0.0340193690858926,0.0125334517684867,18F,2,4,6,2,True,-0.0067,-0.0067,0.0067,0.0067,2.5887540480400034e-05,1.2657229290000002e-05,2.5887540480400034e-05,1.2657229290000002e-05,0.9992388256253926,0.999627838009703,1.4462313117541918e-05,7.071077815642463e-06
10,18,18,F,9,9,6163.2,0.9,3,14.0 KEV 0.5,3101.0,0.0,1.3,0.3,M1,0.019,0.01,6,14.0,KEV,0.5,3.258781958889685e-20,9.124589484891121e-19,0.0340193690858926,0.0179049310978382,18F,2,4,4,2,True,0.0003,0.0003,-0.0003,-0.0003,5.190195240000002e-08,2.537649000000006e-08,5.190195240000002e-08,2.537649000000006e-08,0.9999984739208351,0.9999992538521023,2.8995504134078253e-08,1.417681005586594e-08
