,Index,A,Element,Z,N,Energy (keV),Energy Unc (keV),Ji,Thalf,E_gamma (keV),E_gamma Unc (keV),I_gamma,I_gamma Unc,Mult,B_exp (W.u.),B_exp Unc (W.u.),twoJi,Thalf Value,Thalf Units,Thalf Unc,Thalf (sec),Thalf Unc (sec),B_exp (mu_N^2),B_exp Unc (mu_N^2),Nucleus,Jf,twoJf,ni,nf,Include,Mth_sp,Mth_sn,Mth_lp,Mth_ln,B_th_free (W.u.),B_th_brown (W.u.),B_rel_err_free,B_rel_err_brown,B_residual_free,B_residual_brown,B_residual_free (Abs),B_residual_brown (Abs)
14,23,18,F,9,9,6283.2,0.9,2,10.0 KEV 0.5,2559.0,0.0,1.4,0.5,M1,0.071,0.034,4,10.0,KEV,0.5,4.562294742445559e-20,9.124589484891121e-19,0.1271250107946513,0.0608767657326499,18F,1,2,5,3,True,-0.0034,0.0034,0.3106,-0.3106,0.04336173979924022,0.07174383216109496,0.3892712704332363,-0.010476509311196768,0.05354995111611231,-0.0014411969341012595,0.05354995111611231,0.0014411969341012595
148,177,29,Si,14,15,4895.2,0.4,5/2,12 FS 5,3621.6,0.4,100.0,7.0,(M1),0.021,0.009,5,12.0,FS,5.0,1.2e-14,5.000000000000001e-15,0.0376003553054602,0.0161144379880544,29Si,3/2,3,3,1,True,0.0203,0.0614,-0.0753,-0.0064,0.021646925883191122,0.022373572520050282,-0.030805994437672405,-0.06540821524048955,-0.0012559749900629457,-0.002666723927803057,0.0012559749900629457,0.002666723927803057
163,197,34,Cl,17,17,461.0,0.04,1,5.2 PS 0.4,461.0,0.04,100.0,0.0,M1,0.043,0.004,2,5.2,PS,0.4,5.200000000000001e-12,4e-13,0.0769912037207043,0.0071619724391352,34Cl,0,0,1,1,True,0.0094,-0.0094,-0.2776,0.2776,0.019982736189854747,0.039214790680312854,0.5352852048870989,0.08802812371365448,0.04469236809754772,0.007349699322956078,0.04469236809754772,0.007349699322956078
41,52,20,F,9,11,822.73,0.03,4,55 PS 4,166.78,0.05,66.8,2.4,[M1],0.0572,0.0048,8,55.0,PS,4.0,5.5e-11,4e-12,0.1024162058796346,0.0085943669269623,20F,3,6,1,1,True,-0.0074,0.0512,-0.0944,0.0505,0.06144445833952379,0.06225634836042459,-0.0742038171245418,-0.08839769860882148,-0.008241308726703665,-0.009817725734279728,0.008241308726703665,0.009817725734279728
107,123,26,Al,13,13,3753.63,0.13,0,5 FS 2,1902.93,0.0,3.0,0.4,[M1],0.017,0.007,0,5.0,FS,2.0,5.000000000000001e-15,2e-15,0.0304383828663249,0.0125334517684867,26Al,1,2,2,2,True,-0.0053,0.0053,-0.1318,0.1318,0.01844074330109497,0.024808030321363136,-0.08474960594676291,-0.4592959012566549,-0.0027973014208471842,-0.01515982361005423,0.0027973014208471842,0.01515982361005423
70,83,23,Na,11,12,2982.0,0.5,3/2,3.3 FS 0.4,591.0,1.0,0.51,0.17,[M1],0.1,0.04,3,3.3,FS,0.4,3.3e-15,4e-16,0.1790493109783822,0.0716197243913529,23Na,1/2,1,2,1,True,-0.084,-0.0083,0.0056,0.0867,0.10418224920506151,0.09138427996969832,-0.041822492050615084,0.08615720030301685,-0.008096487472412973,0.016679319158392714,0.008096487472412973,0.016679319158392714
49,60,20,F,9,11,2966.11,0.03,3,3.6 FS 0.8,2309.96,0.06,12.2,1.1,[M1],0.059,0.014,6,3.6,FS,0.8,3.6e-15,8.000000000000001e-16,0.1056390934772455,0.0250669035369735,20F,3,6,3,1,True,0.0032,-0.0428,0.1478,-0.1083,0.06063163940470077,0.06822755523789943,-0.027654905164419832,-0.1563992413203294,-0.003167061848164631,-0.017910966149498272,0.003167061848164631,0.017910966149498272
75,88,23,Na,11,12,6235.4,0.6,13/2,16 FS 8,701.0,1.0,12.0,6.0,(M1),0.4,0.3,13,16.0,FS,8.0,1.6e-14,8e-15,0.7161972439135291,0.5371479329351467,23Na,11/2,11,1,1,True,-0.0912,0.0317,-0.1979,0.2574,0.383571947682236,0.38927526310525706,0.04107013079441002,0.026811842236857397,0.027563496988977275,0.017994297034601613,0.027563496988977275,0.017994297034601613
142,171,27,Si,14,13,2909.9,0.2,9/2,52 FS 6,746.2,0.0,6.4,2.2,(M1),0.061,0.023,9,52.0,FS,6.0,5.2000000000000006e-14,6.000000000000001e-15,0.1092200796968131,0.0411813415250279,27Si,7/2,7,1,1,True,-0.0088,0.0171,-0.2013,0.1931,0.05574448712934754,0.07108520865613967,0.08615594869922061,-0.1653312894449126,0.01019471757494255,-0.019563429196006427,0.01019471757494255,0.019563429196006427
156,186,32,P,15,17,2740.36,0.06,1,14 FS 5,2227.57,0.07,100.0,1.5,M1,0.09,0.04,2,14.0,FS,5.0,1.4e-14,5.000000000000001e-15,0.161144379880544,0.0716197243913529,32P,0,0,4,1,True,0.0384,0.0253,0.2103,-0.2739,0.06009747578242463,0.07912125908139105,0.33225026908417077,0.120874899095655,0.05788880596309751,0.021060339842146822,0.05788880596309751,0.021060339842146822
74,87,23,Na,11,12,6115.1,0.6,11/2,35 FS 9,3411.0,1.0,100.0,0.9,M1,0.012,0.004,11,35.0,FS,9.0,3.5e-14,9.000000000000001e-15,0.0214859173174058,0.0071619724391352,23Na,9/2,9,2,1,True,0.0303,-0.0067,0.0179,-0.0415,0.025294173767444913,0.023320126024139663,-1.1078478139537427,-0.9433438353449718,-0.025813151053407573,-0.021980164252124745,0.025813151053407573,0.021980164252124745
129,157,27,Al,13,14,5667.3,1.2,9/2,11 FS 3,1156.9,1.4,20.0,8.0,(M1),0.14,0.07,9,11.0,FS,3.0,1.1e-14,3.0000000000000002e-15,0.2506690353697351,0.1253345176848675,27Al,11/2,11,3,1,True,0.0283,-0.0825,0.0368,0.0173,0.14561802139128693,0.12856185121879332,-0.040128724223478,0.08170106272290494,-0.010809385325582477,0.02200763382267625,0.010809385325582477,0.02200763382267625
149,179,30,Si,14,16,5372.2,0.6,0,59 FS 21,1602.8,0.9,66.0,20.0,M1,0.036,0.019,0,59.0,FS,21.0,5.9e-14,2.1e-14,0.0644577519522176,0.0340193690858926,30Si,1,2,3,1,True,0.0084,-0.0506,-0.0087,0.0509,0.030025393807841107,0.024222314044966477,0.16596128311552474,0.3271579431953756,0.011593289892401439,0.022853745192037467,0.011593289892401439,0.022853745192037467
162,196,33,Cl,17,16,810.55,0.16,1/2,1.2 PS 0.2,810.55,0.16,100.0,0.0,[M1],0.034,0.006,1,1.2,PS,0.2,1.2e-12,2e-13,0.0608767657326499,0.0107429586587029,33Cl,3/2,3,1,1,True,0.0609,0.0244,-0.0333,-0.052,0.025466711801624645,0.020831131765413416,0.2509790646580987,0.387319653958429,0.016568367241671288,0.025568882709170692,0.016568367241671288,0.025568882709170692
21,30,18,F,9,9,6385.5,1.7,2,0.49 KEV 0.09,4685.0,0.0,6.8,1.7,M1,0.014,0.007,4,0.49,KEV,0.09,9.310805596827677e-19,5.0692163804950674e-18,0.0250669035369735,0.0125334517684867,18F,1,2,6,2,True,0.0124,0.0124,-0.0124,-0.0124,4.9537207951731833e-05,2.422029237988829e-05,0.9964616280034477,0.9982699791157224,0.0270857753494424,0.02713492986839575,0.0270857753494424,0.02713492986839575
79,93,31,Mg,12,19,50.1,0.2,3/2,16 NS 3,50.2,0.2,100.0,0.0,[M1],0.0106,0.0021,3,16.0,NS,3.0,1.6e-08,3e-09,0.0189792269637085,0.003760035530546,31Mg,1/2,1,1,1,True,-0.0189,-0.012,-0.123,0.1539,0.018638285589975923,0.024905791312290503,-0.7583288292430116,-1.3496029539896701,-0.015608191772712991,-0.02777800462092196,0.015608191772712991,0.02777800462092196
48,59,20,F,9,11,2966.11,0.03,3,3.6 FS 0.8,2965.9,0.09,27.1,1.4,[M1],0.063,0.014,6,3.6,FS,0.8,3.6e-15,8.000000000000001e-16,0.1128010659163808,0.0250669035369735,20F,2,4,3,1,True,0.0122,-0.037,0.0815,-0.0567,0.04737893647120089,0.048203390403491635,0.24795338934601766,0.23486681899219627,0.030320960738802805,0.028720670511069437,0.030320960738802805,0.028720670511069437
134,162,28,Al,13,15,1622.907,0.02,2,63 FS 10,1622.87,0.06,100.0,11.0,[M1],0.073,0.016,4,63.0,FS,10.0,6.300000000000001e-14,1.0000000000000002e-14,0.130705997014219,0.0286478897565411,28Al,3,6,2,1,True,0.0063,0.0477,-0.212,0.158,0.072130820204,0.08796900844916201,0.011906572547945202,-0.20505491026249342,0.0016869138356021898,-0.029052018436629072,0.0016869138356021898,0.029052018436629072
24,34,18,F,9,9,6484.9,1.5,3,0.40 KEV 0.1,2646.0,0.0,9.0,2.0,M1,0.017,0.006,6,0.4,KEV,0.1,1.1405736856113897e-18,4.562294742445559e-18,0.0304383828663249,0.0107429586587029,18F,2,4,6,3,True,-0.0079,0.0079,0.094,-0.094,0.00021560552125139635,0.001323660880446927,0.9873173222793296,0.9221375952678278,0.03258884561123015,0.03043742781208107,0.03258884561123015,0.03043742781208107
57,68,18,Ne,10,8,3616.4,0.6,2,44 FS +21-14,1729.0,0.0,91.0,2.0,M1,0.088,0.038,4,44.0,FS,21.0,4.4e-14,2.1e-14,0.1575633936609763,0.0680387381717852,18Ne,2,4,2,1,True,-0.09,0.0,0.09,0.0,0.09515755327877094,0.07207679111731843,-0.08133583271330623,0.18094555548501776,-0.013860481684661365,0.03083502650745798,0.013860481684661365,0.03083502650745798
102,118,26,Al,13,13,3750.9,0.04,2,22 FS 6,1681.37,0.0,100.0,3.0,[M1],0.14,0.04,4,22.0,FS,6.0,2.2e-14,6.000000000000001e-15,0.2506690353697351,0.0716197243913529,26Al,2,4,6,2,True,0.0459,-0.0459,0.0552,-0.0552,0.13261137633331846,0.122503513025162,0.05277588333343967,0.12497490696312862,0.014303762406903585,0.033871747152601654,0.014303762406903585,0.033871747152601654
18,27,18,F,9,9,6310.5,0.8,3,0.95 KEV 0.14,2195.0,0.0,2.4,1.7,M1,0.018,0.014,6,0.95,KEV,0.14,4.802415518363747e-19,3.258781958889685e-18,0.0322288759761088,0.0250669035369735,18F,3,6,5,3,True,-0.0212,-0.0212,0.0212,0.0212,0.00014479710420022367,7.079583901676003e-05,0.9919557164333209,0.9960668978324022,0.034657493389537664,0.03480113210223561,0.034657493389537664,0.03480113210223561
89,104,26,Al,13,13,2740.03,0.03,1,31 FS 3,2511.59,0.0,100.0,0.2,M1,0.044,0.005,2,31.0,FS,3.0,3.1e-14,3.0000000000000002e-15,0.0787816968304881,0.0089524655489191,26Al,0,0,4,1,True,0.0513,-0.0513,-0.0902,0.0902,0.0861244214454525,0.062191316178793275,-0.9573732146693751,-0.4134390040634836,-0.08179113838917726,-0.03532127939104511,0.08179113838917726,0.03532127939104511
23,33,18,F,9,9,6484.9,1.5,3,0.40 KEV 0.1,3423.0,0.0,21.0,3.0,M1,0.019,0.007,6,0.4,KEV,0.1,1.1405736856113897e-18,4.562294742445559e-18,0.0340193690858926,0.0125334517684867,18F,2,4,6,2,True,-0.0067,-0.0067,0.0067,0.0067,1.4462313117541918e-05,7.071077815642463e-06,0.9992388256253926,0.999627838009703,0.03686171680041934,0.03687606738806122,0.03686171680041934,0.03687606738806122
10,18,18,F,9,9,6163.2,0.9,3,14.0 KEV 0.5,3101.0,0.0,1.3,0.3,M1,0.019,0.01,6,14.0,KEV,0.5,3.258781958889685e-20,9.124589484891121e-19,0.0340193690858926,0.0179049310978382,18F,2,4,4,2,True,0.0003,0.0003,-0.0003,-0.0003,2.8995504134078253e-08,1.417681005586594e-08,0.9999984739208351,0.9999992538521023,0.036886194481675565,0.03688622325041588,0.036886194481675565,0.03688622325041588
25,35,18,F,9,9,6484.9,1.5,3,0.40 KEV 0.1,1521.0,0.0,2.0,2.0,M1,0.02,0.02,6,0.4,KEV,0.1,1.1405736856113897e-18,4.562294742445559e-18,0.0358098621956764,0.0358098621956764,18F,2,4,6,4,True,0.0399,0.0399,-0.0399,-0.0399,0.0005129014726277094,0.0002507735930782128,0.9743549263686144,0.9874613203460892,0.03781052497184673,0.03831912776469462,0.03781052497184673,0.03831912776469462
152,182,32,P,15,17,78.06,0.02,2,278 PS 9,78.05,0.02,100.0,0.0,(M1),0.165,0.006,4,278.0,PS,9.0,2.7799999999999997e-10,9e-12,0.2954313631143307,0.0107429586587029,32P,1,2,1,1,True,0.1254,0.0643,0.0603,-0.2499,0.14800683884479116,0.1452637876098827,0.10298885548611425,0.11961340842495334,0.03299419028997604,0.03832014192387678,0.03299419028997604,0.03832014192387678
151,181,31,P,15,16,3134.3,0.4,1/2,7.2 FS 0.6,3134.3,0.0,100.0,0.3,M1,0.097,0.008,1,7.2,FS,0.6,7.2e-15,6e-16,0.1736778316490308,0.0143239448782705,31P,1/2,1,2,1,True,-0.0937,-0.0268,-0.0484,0.1688,0.12300654739807963,0.11754641075237991,-0.2681087360626766,-0.21181866755030834,-0.05049205867317719,-0.03989113054310972,0.05049205867317719,0.03989113054310972
144,173,28,Si,14,14,8588.71,0.1,3,11 FS 2,789.7,0.0,0.59,0.1,[M1],0.021,0.006,6,11.0,FS,2.0,1.1e-14,2e-15,0.0376003553054602,0.0107429586587029,28Si,3,6,3,2,True,0.0477,0.0477,-0.0477,-0.0477,0.0007330353400136321,0.00035840393502234707,0.9650935552374461,0.9829331459513168,0.039350658920034906,0.040078049177326415,0.039350658920034906,0.040078049177326415
145,174,28,Si,14,14,9381.55,0.12,2,1.1 FS 0.3,3105.0,0.0,4.48,0.23,(M1),0.027,0.008,4,1.1,FS,0.3,1.1000000000000001e-15,3e-16,0.0483433139641632,0.0143239448782705,28Si,3,6,6,1,True,0.0436,-0.0436,-0.0671,0.0671,0.06582660585153072,0.04878625767955864,-1.4380224389455822,-0.8068984325762458,-0.0753823731665579,-0.04229830989047244,0.0753823731665579,0.04229830989047244
105,121,26,Al,13,13,3753.63,0.13,0,5 FS 2,1013.58,0.0,2.2,0.3,[M1],0.08,0.04,0,5.0,FS,2.0,5.000000000000001e-15,2e-15,0.1432394487827058,0.0716197243913529,26Al,1,2,2,4,True,-0.0544,0.0544,0.1248,-0.1248,0.08376187289599997,0.05628257377823463,-0.0470234111999996,0.2964678277720671,-0.007282673815422653,0.04591496940211101,0.007282673815422653,0.04591496940211101
160,194,33,S,16,17,2313.399,0.014,3/2,109 FS 17,346.19,0.14,1.6,0.3,(M1),0.055,0.014,3,109.0,FS,17.0,1.09e-13,1.7e-14,0.0984771210381102,0.0250669035369735,33S,5/2,5,2,1,True,-0.0312,-0.1648,-0.136,0.3321,0.057314159910703905,0.03133882760279327,-0.042075634740070984,0.43020313449466774,-0.0044918549666226664,0.045927057268993966,0.0044918549666226664,0.045927057268993966
135,163,28,Al,13,15,2271.745,0.019,4,22 FS 3,2271.65,0.023,100.0,5.0,[M1],0.079,0.013,8,22.0,FS,3.0,2.2e-14,3.0000000000000002e-15,0.1414489556729219,0.0232764104271896,28Al,3,6,1,1,True,-0.0507,0.0358,-0.033,0.0479,0.11473126667197815,0.10365818268659217,-0.4522945148351665,-0.3121288947669895,-0.06935900625267857,-0.04786471923426927,0.06935900625267857,0.04786471923426927
161,195,33,S,16,17,3831.6,0.3,5/2,30 FS 8,862.4,0.0,19.0,7.0,[M1],0.12,0.06,5,30.0,FS,8.0,3.0000000000000005e-14,8e-15,0.2148591731740587,0.1074295865870293,33S,7/2,7,3,1,True,-0.1002,-0.0279,0.013,0.1152,0.10812367041316025,0.09496075184134077,0.09896941322366458,0.2086604013221602,0.02290590283840285,0.04829325266490221,0.02290590283840285,0.04829325266490221
43,54,20,F,9,11,2043.98,0.03,2,2.7 FS 0.5,2043.89,0.06,7.5,0.6,[M1],0.071,0.014,4,2.7,FS,0.5,2.7000000000000005e-15,5e-16,0.1271250107946513,0.0250669035369735,20F,2,4,2,1,True,-0.0128,0.0213,-0.1169,0.1084,0.0406952355185042,0.0459450718657039,0.4268276687534619,0.3528863117506492,0.05882247212861433,0.04863237966307148,0.05882247212861433,0.04863237966307148
97,113,26,Al,13,13,3159.889,0.013,2,3.5 FS 0.7,794.726,0.0,0.35,0.08,[M1],0.028,0.009,4,3.5,FS,0.7,3.5e-15,7e-16,0.050133807073947,0.0161144379880544,26Al,3,6,5,2,True,0.0022,-0.0022,-0.0525,0.0525,0.0005647111737206703,0.0012044564560055866,0.9798317437956904,0.9569836979998004,0.05326427262577208,0.052022238421487135,0.05326427262577208,0.052022238421487135
86,100,26,Al,13,13,2069.47,0.03,2,14 FS 2,1652.56,0.0,28.4,1.1,[M1],0.075,0.011,4,14.0,FS,2.0,1.4e-14,2e-15,0.1342869832337866,0.019695424207622,26Al,3,6,2,1,True,0.0433,-0.0433,0.0407,-0.0407,0.1122451055911508,0.10211962483937992,-0.4966014078820108,-0.361594997858399,-0.07230410210225197,-0.05264745775958229,0.07230410210225197,0.05264745775958229
36,47,19,F,9,10,6592.0,2.0,9/2,7.6 EV 1.8,2214.0,0.0,24.0,2.0,M1,0.35,0.07,9,7.6,EV,1.8,6.003019397954684e-20,2.534608190247533e-19,0.6266725884243378,0.1253345176848675,19F,7/2,7,2,1,True,0.0411,-0.0548,0.2821,-0.2684,0.2906988192119107,0.3204055071296145,0.1694319451088265,0.08455569391538703,0.11409876694215464,0.056941448718464335,0.11409876694215464,0.056941448718464335
165,200,35,Cl,17,18,3967.5,0.23,1/2,10 FS 3,2748.5,0.6,100.0,6.0,[M1],0.079,0.025,1,10.0,FS,3.0,1.0000000000000002e-14,3.0000000000000002e-15,0.1414489556729219,0.0447623277445955,35Cl,1/2,1,2,1,True,0.0743,0.0038,-0.0656,-0.0126,0.06264971334586868,0.048373253449139696,0.2069656538497636,0.38768033608683933,0.03171078833682445,0.05939946484513168,0.03171078833682445,0.05939946484513168
158,190,33,P,15,18,2538.6,0.3,3/2,35 FS 7,691.0,0.4,8.2,1.2,[M1],0.13,0.06,3,35.0,FS,7.0,3.5e-14,7e-15,0.2327641042718969,0.1074295865870293,33P,5/2,5,2,1,True,0.1177,0.0156,-0.0202,-0.1131,0.18634641716340344,0.1614254842351062,-0.43343397818002644,-0.24173449411620143,-0.10867545796870022,-0.06061040014726022,0.10867545796870022,0.06061040014726022
153,183,32,P,15,17,512.7,0.03,0,1.83 PS 0.08,512.69,0.03,100.0,0.0,M1,0.088,0.004,0,1.83,PS,0.08,1.83e-12,8e-14,0.1575633936609763,0.0071619724391352,32P,1,2,1,1,True,-0.1272,-0.0125,0.2439,-0.1042,0.09797219601779002,0.05672393680425142,-0.11332040929306844,0.3554098090425975,-0.01936290337740013,0.06072838807062965,0.01936290337740013,0.06072838807062965
157,189,33,P,15,18,2538.6,0.3,3/2,35 FS 7,1106.8,0.3,9.4,1.2,[M1],0.037,0.015,3,35.0,FS,7.0,3.5e-14,7e-15,0.0662482450620014,0.0268573966467573,33P,3/2,3,2,1,True,-0.0099,-0.0185,-0.2903,0.3187,0.04219082088778458,0.06861211906731286,-0.14029245642661028,-0.8543815964138612,-0.010074991275228684,-0.061356735414270544,0.010074991275228684,0.061356735414270544
27,37,19,F,9,10,1554.038,0.009,3/2,3.5 FS 2.1,1554.0,0.0,2.55,0.1,M1,0.043,0.025,3,3.5,FS,2.1,3.5e-15,2.1000000000000002e-15,0.0769912037207043,0.0447623277445955,19F,1/2,1,1,1,True,-0.0066,-0.0084,-0.1078,0.1228,0.007073635815692738,0.010975107435106147,0.8354968414955177,0.7447649433696245,0.06967788115643686,0.06211111836245946,0.06967788115643686,0.06211111836245946
137,166,28,Al,13,15,2581.81,0.22,5,313 FS 25,310.2,0.0,6.0,2.0,[M1],0.13,0.05,10,313.0,FS,25.0,3.1300000000000013e-13,2.5e-14,0.2327641042718969,0.0895246554891911,28Al,4,8,1,1,True,0.0101,-0.0953,0.1251,-0.0399,0.16664407069890588,0.16224918210145808,-0.2818774669146606,-0.2480706315496775,-0.07082054242376061,-0.062326715498234375,0.07082054242376061,0.062326715498234375
29,40,19,F,9,10,3908.17,0.2,3/2,6 FS 3,2354.1,0.0,21.0,3.0,M1,0.056,0.033,3,6.0,FS,3.0,6.000000000000001e-15,3.0000000000000002e-15,0.100267614147894,0.0590862726228661,19F,3/2,3,2,1,True,-0.0257,-0.0144,-0.0962,0.1362,0.019048611606264188,0.023475088338234636,0.6598462213167109,0.5808019939600958,0.07160341935985562,0.06302591027281808,0.07160341935985562,0.06302591027281808
78,92,26,Mg,12,14,6622.94,0.14,4,19 FS 5,1146.9,0.0,19.0,2.0,[M1],0.063,0.018,8,19.0,FS,5.0,1.9e-14,5.000000000000001e-15,0.1128010659163808,0.0322288759761088,26Mg,4,8,5,3,True,0.0278,-0.002,0.0625,-0.0883,0.02839160127218078,0.02972150746941341,0.5493396623463368,0.5282300401680412,0.06715976542003403,0.06457899914595047,0.06715976542003403,0.06457899914595047
92,107,26,Al,13,13,3159.889,0.013,2,3.5 FS 0.7,2102.058,0.0,25.7,0.8,M1,0.09,0.03,4,3.5,FS,0.7,3.5e-15,7e-16,0.161144379880544,0.0537147932935146,26Al,1,2,5,1,True,0.0199,-0.0199,0.1158,-0.1158,0.051323398079016765,0.0564101043584581,0.42974002134425815,0.3732210626837989,0.07497310082593561,0.06511271692924245,0.07497310082593561,0.06511271692924245
131,159,28,Al,13,15,1013.637,0.009,3,103 FS 14,1013.676,0.021,61.0,7.0,[M1],0.078,0.016,6,103.0,FS,14.0,1.03e-13,1.4e-14,0.1396584625631381,0.0286478897565411,28Al,3,6,2,1,True,-0.0154,-0.1015,0.0085,0.1083,0.05398185326207202,0.044149817475000006,0.30792495817856386,0.4339766990384615,0.04661468688549029,0.0656968115249218,0.04661468688549029,0.0656968115249218
76,90,26,Mg,12,14,4835.13,0.05,2,28 FS 6,1896.72,0.05,100.0,0.4,M1,0.096,0.021,4,28.0,FS,6.0,2.8e-14,6.000000000000001e-15,0.1718873385392469,0.0376003553054602,26Mg,2,4,4,2,True,0.021,-0.0153,0.1358,-0.1416,0.05425742584333412,0.06180087052594413,0.4348184807986029,0.3562409320214153,0.0809862405186569,0.06635093740792432,0.0809862405186569,0.06635093740792432
71,84,23,Na,11,12,3914.6,0.4,5/2,6.9 FS 1.4,1838.0,1.0,11.3,0.3,M1,0.046,0.01,5,6.9,FS,1.4,6.900000000000001e-15,1.4e-15,0.0823626830500558,0.0179049310978382,23Na,7/2,7,2,1,True,0.0562,0.0142,-0.309,0.2386,0.0013642747201644684,0.011041420237430166,0.970341853909468,0.7599691252732572,0.08665497663723101,0.06786794419950394,0.08665497663723101,0.06786794419950394
100,116,26,Al,13,13,3680.68,0.06,3,8.3 FS 1.4,520.79,0.0,0.28,0.04,[M1],0.049,0.011,6,8.3,FS,1.4,8.300000000000002e-15,1.4e-15,0.0877341623794073,0.019695424207622,26Al,2,4,6,5,True,-0.0006,0.0006,-0.1171,0.1171,0.008417248663597766,0.012818745356653631,0.8282194150286171,0.738392951905028,0.07878348979401739,0.07023884315531786,0.07878348979401739,0.07023884315531786
147,176,28,Si,14,14,9381.55,0.12,2,1.1 FS 0.3,1122.7,0.0,0.6,0.18,(M1),0.08,0.03,4,1.1,FS,0.3,1.1000000000000001e-15,3e-16,0.1432394487827058,0.0537147932935146,28Si,2,4,6,5,True,0.0291,-0.0291,0.0201,-0.0201,0.04828472051208939,0.04326084914525698,0.3964409935988827,0.4592393856842878,0.06147884583107145,0.0712174266736069,0.06147884583107145,0.0712174266736069
69,82,23,Na,11,12,2982.0,0.5,3/2,3.3 FS 0.4,2981.7,0.8,100.0,0.3,M1,0.147,0.018,3,3.3,FS,0.4,3.3e-15,4e-16,0.2632024871382219,0.0322288759761088,23Na,3/2,3,2,1,True,-0.1577,-0.0109,0.1698,-0.0012,0.250301914347245,0.18570630407510616,-0.7027341112057486,-0.26330819098711683,-0.2004638350813,-0.07511200741775667,0.2004638350813,0.07511200741775667
136,165,28,Al,13,15,2486.2,0.06,2,66 FS 7,865.87,0.15,100.0,13.0,[M1],0.3,0.06,4,66.0,FS,7.0,6.600000000000002e-14,7e-15,0.5371479329351467,0.1074295865870293,28Al,1,2,4,2,True,-0.1498,-0.0387,-0.0253,0.2138,0.284770364802236,0.26034112453077657,0.050765450659213306,0.13219625156407808,0.029373430701255032,0.07649015982050378,0.029373430701255032,0.07649015982050378
133,161,28,Al,13,15,1620.3,0.04,1,92 FS 22,647.93,0.07,4.4,2.5,[M1],0.034,0.022,2,92.0,FS,22.0,9.200000000000001e-14,2.2e-14,0.0608767657326499,0.039390848415244,28Al,0,0,2,1,True,-0.0254,-0.0113,-0.217,0.2537,0.055658296522552025,0.07444001729664805,-0.6370087212515301,-1.1894122734308248,-0.04201662482984947,-0.07845275518767675,0.04201662482984947,0.07845275518767675
52,63,20,F,9,11,3488.41,0.03,1,8.1 FS 0.5,3488.13,0.04,72.6,2.5,[M1],0.0458,0.0032,2,8.1,FS,0.5,8.1e-15,5e-16,0.082004584428099,0.0057295779513082,20F,2,4,3,1,True,-0.007,-0.0189,-0.0948,0.1207,0.0021186843300608376,0.004494140423150838,0.9537405168108988,0.9018746632499818,0.08481645136762804,0.0802040043040393,0.08481645136762804,0.0802040043040393
30,41,19,F,9,10,3908.17,0.2,3/2,6 FS 3,3908.2,0.0,48.0,2.0,M1,0.12,0.07,3,6.0,FS,3.0,6.000000000000001e-15,3.0000000000000002e-15,0.2148591731740587,0.1253345176848675,19F,1/2,1,2,1,True,0.0163,-0.0088,0.2069,-0.2144,0.06143616204286173,0.0782592715863743,0.48803198297615225,0.3478394034468808,0.11268007836450586,0.08031148081656105,0.11268007836450586,0.08031148081656105
9,17,18,F,9,9,6163.2,0.9,3,14.0 KEV 0.5,3640.0,0.0,5.5,0.4,M1,0.052,0.017,6,14.0,KEV,0.5,3.258781958889685e-20,9.124589484891121e-19,0.0931056417087587,0.0304383828663249,18F,2,4,4,1,True,-0.0125,0.0125,0.1954,-0.1954,0.0033771298882681548,0.010227561330256983,0.9350551944563816,0.8033161282642888,0.0943619437045888,0.08106737625935842,0.0943619437045888,0.08106737625935842
72,85,23,Na,11,12,4429.63,0.16,1/2,0.21 FS 0.02,4429.2,0.0,100.0,3.0,M1,1.1,0.12,1,0.21,FS,0.02,2.1e-16,2e-17,1.969542420762205,0.2148591731740587,23Na,3/2,3,2,1,True,-0.2232,-0.0087,-0.2334,0.4652,1.1694661096104613,1.1439583485457878,-0.06315100873678288,-0.039962135041625206,-0.13136660573734393,-0.08312915570860778,0.13136660573734393,0.08312915570860778
101,117,26,Al,13,13,3723.81,0.04,1,4.2 FS 1.4,3495.25,0.0,100.0,0.1,M1,0.12,0.04,2,4.2,FS,1.4,4.2000000000000004e-15,1.4e-15,0.2148591731740587,0.0716197243913529,26Al,0,0,5,1,True,0.0234,-0.0234,0.1328,-0.1328,0.06963005947745253,0.07625208580326258,0.4197495043545622,0.36456595163947847,0.09751202580980449,0.0846923322525619,0.09751202580980449,0.0846923322525619
59,70,21,Ne,10,11,2794.17,0.03,1/2,5.5 FS 0.7,2793.94,0.05,100.0,3.0,M1,0.184,0.024,1,5.5,FS,0.7,5.5e-15,7e-16,0.3294507322002233,0.0429718346348117,21Ne,3/2,3,1,1,True,-0.0047,0.1079,-0.1947,0.0914,0.22442224914386236,0.22963793763625132,-0.21968613665142586,-0.24803226976223544,-0.07840471297290537,-0.08852128411535834,0.07840471297290537,0.08852128411535834
45,56,20,F,9,11,2194.3,0.03,3,2.9 FS 0.8,2194.16,0.03,47.0,1.9,[M1],0.34,0.1,6,2.9,FS,0.8,2.9e-15,8.000000000000001e-16,0.6087676573264997,0.1790493109783822,20F,2,4,2,1,True,0.037,-0.0623,0.3394,-0.3141,0.34377700864322464,0.387972005096067,-0.011108848950660619,-0.1410941326354911,-0.0071995282217920935,-0.09144162409176397,0.0071995282217920935,0.09144162409176397
166,201,38,K,19,19,458.53,0.16,1,7.0 PS 0.6,328.1,0.2,100.0,0.3,M1,0.088,0.009,2,7.0,PS,0.6,7e-12,6e-13,0.1575633936609763,0.0161144379880544,38K,0,0,1,1,True,-0.0276,0.0276,0.4048,-0.4048,0.011750476441027936,0.03937267140505029,0.8664718586246826,0.5525832794880648,0.14803472404271048,0.0944075822837132,0.14803472404271048,0.0944075822837132
140,169,30,Al,13,17,1118.9,0.3,3,83 FS 55,875.1,0.5,100.0,4.0,M1,0.4,0.3,6,83.0,FS,55.0,8.300000000000001e-14,5.5000000000000005e-14,0.7161972439135291,0.5371479329351467,30Al,2,4,2,1,True,0.0617,-0.0416,0.2534,-0.2735,0.3203182483947112,0.3431560492113744,0.1992043790132221,0.1421098769715641,0.13369252045015093,0.0953745481264155,0.13369252045015093,0.0953745481264155
8,16,18,F,9,9,6163.2,0.9,3,14.0 KEV 0.5,2047.0,0.0,1.5,0.3,M1,0.078,0.033,6,14.0,KEV,0.5,3.258781958889685e-20,9.124589484891121e-19,0.1396584625631381,0.0590862726228661,18F,3,6,4,3,True,-0.0149,0.0149,-0.0706,0.0706,0.024834077980692735,0.026503315490703908,0.6816143848629137,0.6602139039653345,0.1030235121191603,0.09978890799097567,0.1030235121191603,0.09978890799097567
85,99,26,Al,13,13,2069.47,0.03,2,14 FS 2,218.85,0.0,0.053,0.013,[M1],0.06,0.017,4,14.0,FS,2.0,1.4e-14,2e-15,0.1074295865870293,0.0304383828663249,26Al,1,2,2,2,True,-0.0585,0.0585,0.0391,-0.0391,0.146164411175419,0.11827094135129051,-1.436073519590317,-0.971182355854842,-0.16721845703452518,-0.11308586421921575,0.16721845703452518,0.11308586421921575
12,21,18,F,9,9,6283.2,0.9,2,10.0 KEV 0.5,1923.0,0.0,0.5,0.4,M1,0.06,0.05,4,10.0,KEV,0.5,4.562294742445559e-20,9.124589484891121e-19,0.1074295865870293,0.0895246554891911,18F,1,2,5,4,True,0.0438,-0.0438,-0.3404,0.3404,0.0028836816979664814,0.0010864663241117306,0.9519386383672253,0.9818922279314711,0.11038644359778935,0.11385985048739333,0.11038644359778935,0.11385985048739333
16,25,18,F,9,9,6283.2,0.9,2,10.0 KEV 0.5,4582.0,0.0,5.7,0.6,M1,0.05,0.015,4,10.0,KEV,0.5,4.562294742445559e-20,9.124589484891121e-19,0.0895246554891911,0.0268573966467573,18F,1,2,5,2,True,0.0424,-0.0424,0.0592,-0.0592,0.1173241860633743,0.10954763179477098,-1.3464837212674858,-1.1909526358954194,-0.13067116008502078,-0.11557745562068514,0.13067116008502078,0.11557745562068514
138,167,28,Al,13,15,2656.3,0.04,4,22 FS 3,1642.35,0.1,100.0,5.0,[M1],0.16,0.03,8,22.0,FS,3.0,2.2e-14,3.0000000000000002e-15,0.2864788975654116,0.0537147932935146,28Al,3,6,2,2,True,-0.0984,-0.0871,-0.1675,0.3531,0.08231851966626956,0.10018093666047487,0.48550925208581525,0.37386914587203207,0.15058255296748288,0.11595694668910651,0.15058255296748288,0.11595694668910651
132,160,28,Al,13,15,1372.917,0.02,1,223 FS 35,400.58,0.03,63.0,7.0,[M1],0.54,0.12,2,223.0,FS,35.0,2.23e-13,3.5e-14,0.9668662792832644,0.2148591731740587,28Al,0,0,1,1,True,0.1493,-0.0183,0.0625,-0.1936,0.521819613986419,0.4766823517107543,0.033667381506631615,0.11725490423934395,0.03438073061801584,0.11973931728251758,0.03438073061801584,0.11973931728251758
154,184,32,P,15,17,1149.39,0.03,1,183 FS 12,636.68,0.05,100.0,4.0,M1,0.232,0.019,2,183.0,FS,12.0,1.83e-13,1.2e-14,0.4153944014698468,0.0340193690858926,32P,0,0,2,1,True,-0.0153,0.1403,-0.1286,0.0036,0.3149929855079386,0.29464360131059214,-0.35772838581008004,-0.2700155228904833,-0.1610418677120762,-0.12155536390847689,0.1610418677120762,0.12155536390847689
84,98,26,Al,13,13,2069.47,0.03,2,14 FS 2,310.43,0.0,0.23,0.03,[M1],0.091,0.018,4,14.0,FS,2.0,1.4e-14,2e-15,0.1629348729903278,0.0322288759761088,26Al,2,4,2,1,True,-0.0618,0.0618,0.008,-0.008,0.18384783872321786,0.15554945152178773,-1.0203059200353612,-0.7093346321075575,-0.1801770465443719,-0.12526225371734478,0.1801770465443719,0.12526225371734478
104,120,26,Al,13,13,3753.63,0.13,0,5 FS 2,1681.93,0.0,11.0,0.3,[M1],0.09,0.04,0,5.0,FS,2.0,5.000000000000001e-15,2e-15,0.161144379880544,0.0716197243913529,26Al,1,2,2,3,True,0.0606,-0.0606,-0.2533,0.2533,0.056162910232312825,0.024836315984854737,0.37596766408541304,0.724040933501614,0.06550579842909271,0.12615148581925348,0.06550579842909271,0.12615148581925348
95,111,26,Al,13,13,3159.889,0.013,2,3.5 FS 0.7,1088.224,0.0,4.25,0.13,[M1],0.13,0.03,4,3.5,FS,0.7,3.5e-15,7e-16,0.2327641042718969,0.0537147932935146,26Al,1,2,5,3,True,-0.0371,0.0371,-0.0112,0.0112,0.07255725831231284,0.06335558065778772,0.4418672437514397,0.5126493795554791,0.11135053883657371,0.12918763600374214,0.11135053883657371,0.12918763600374214
64,76,22,Na,11,11,3059.4,0.6,2,23 FS 3,1107.6,0.5,100.0,1.0,M1,0.68,0.09,4,23.0,FS,3.0,2.3000000000000003e-14,3.0000000000000002e-15,1.2175353146529997,0.161144379880544,22Na,2,4,2,1,True,0.1432,-0.1432,-0.0672,0.0672,0.9161632749064582,0.7542057773250502,-0.34729893368596787,-0.1091261431250738,-0.4517234997648451,-0.14193779049396896,0.4517234997648451,0.14193779049396896
2,4,19,O,8,11,96.0,0.5,3/2,1.39 NS 0.05,96.0,0.0,100.0,0.0,M1,0.088,0.038,3,1.39,NS,0.05,1.39e-09,5.000000000000001e-11,0.1575633936609763,0.0680387381717852,19O,5/2,5,1,1,True,0.0,-0.0439,0.0,0.0439,0.01576282467412564,0.012889266612290503,0.8208769923394814,0.8535310612239715,0.1398860765068424,0.14545067342070792,0.1398860765068424,0.14545067342070792
46,57,20,F,9,11,2194.3,0.03,3,2.9 FS 0.8,1371.53,0.04,51.2,1.9,[M1],1.52,0.45,6,2.9,FS,0.8,2.9e-15,8.000000000000001e-16,2.7215495268714105,0.8057218994027202,20F,4,8,2,1,True,-0.2386,0.0341,-0.2693,0.4738,1.6768951708757105,1.6232852471913355,-0.10322050715507268,-0.06795082052061543,-0.22941102465951183,-0.15102296812657037,0.22941102465951183,0.15102296812657037
139,168,30,Al,13,17,687.52,0.12,1,0.7 PS 0.2,443.63,0.08,100.0,2.0,(M1),0.35,0.1,2,0.7,PS,0.2,6.999999999999999e-13,2e-13,0.6266725884243378,0.1790493109783822,30Al,2,4,1,1,True,-0.1352,-0.0675,-0.3258,0.5285,0.37813074370711275,0.4344192136384581,-0.08037355344889363,-0.24119775325273748,-0.053621291966769485,-0.16091530850527416,0.053621291966769485,0.16091530850527416
82,96,26,Al,13,13,1850.62,0.03,1,32 FS 3,1622.0,0.7,100.0,0.1,M1,0.16,0.015,2,32.0,FS,3.0,3.2e-14,3.0000000000000002e-15,0.2864788975654116,0.0268573966467573,26Al,0,0,2,1,True,0.0975,-0.0975,-0.1505,0.1505,0.32879877592178774,0.24355515972081004,-1.0549923495111733,-0.5222197482550628,-0.32762567452161145,-0.16217425401221738,0.32762567452161145,0.16217425401221738
143,172,27,Si,14,13,4289.2,0.9,5/2,3.5 FS 1.4,4288.8,0.0,100.0,8.0,M1,0.041,0.018,5,3.5,FS,1.4,3.5e-15,1.4e-15,0.0734102175011367,0.0322288759761088,27Si,5/2,5,3,1,True,0.0063,0.0982,-0.1338,0.0292,0.12570420750422487,0.12544699622113964,-2.06595628059085,-2.0596828346619422,-0.1643738200895402,-0.16387468548434667,0.1643738200895402,0.16387468548434667
0,1,18,O,8,10,3920.44,0.14,2,18.4 FS 2,1938.0,0.0,87.6,0.7,M1,0.14,0.02,4,18.4,FS,2.0,1.84e-14,2e-15,0.2506690353697351,0.0358098621956764,18O,2,4,2,1,True,0.0,-0.09,0.0,0.09,0.06625063166983239,0.054173162011173163,0.5267812023583401,0.6130488427773345,0.14309479315193557,0.16652852637209764,0.14309479315193557,0.16652852637209764
65,77,22,Na,11,11,4319.0,0.5,1,17 FS 10,3662.0,0.0,100.0,0.0,M1,0.026,0.016,2,17.0,FS,10.0,1.7e-14,1.0000000000000002e-14,0.0465528208543793,0.0286478897565411,22Na,0,0,4,1,True,0.0043,-0.0043,0.3288,-0.3288,0.07617961707629049,0.112165788711419,-1.9299852721650192,-3.3140687965930384,-0.09738916010331926,-0.16723152310004652,0.09738916010331926,0.16723152310004652
130,158,28,Al,13,15,30.6382,0.0007,2,2.07 NS 0.05,30.6382,0.0007,100.0,0.0,M1,0.37,0.009,4,2.07,NS,0.05,2.07e-09,5.000000000000001e-11,0.6624824506200143,0.0161144379880544,28Al,3,6,1,1,True,-0.0093,0.1138,-0.2106,0.106,0.272165369051398,0.27806979022802236,0.26441792148270815,0.24846002641075035,0.1899411552794228,0.17847801008563652,0.1899411552794228,0.17847801008563652
141,170,27,Si,14,13,957.4,0.2,3/2,1.20 PS 0.08,176.4,0.0,6.42,0.29,(M1),0.17,0.06,3,1.2,PS,0.08,1.2e-12,8e-14,0.3043838286632498,0.1074295865870293,27Si,1/2,1,1,1,True,0.0083,-0.0141,0.1967,-0.1909,0.049282799613061215,0.06380696129032963,0.7101011787466988,0.6246649335862963,0.23282752830060358,0.2048147459206484,0.23282752830060358,0.2048147459206484
98,114,26,Al,13,13,3596.34,0.04,3,18 FS 3,1526.82,0.0,100.0,0.22,[M1],0.32,0.06,6,18.0,FS,3.0,1.8000000000000002e-14,3.0000000000000002e-15,0.5729577951308232,0.1074295865870293,26Al,2,4,5,2,True,0.068,-0.068,0.2291,-0.2291,0.4219902913162011,0.4304122150652572,-0.3187196603631284,-0.3450381720789286,-0.19670889783473527,-0.21295228058171486,0.19670889783473527,0.21295228058171486
61,73,22,Ne,10,12,5523.3,0.6,4,21 FS 3,2166.1,0.5,100.0,0.6,M1,0.102,0.015,8,21.0,FS,3.0,2.1e-14,3.0000000000000002e-15,0.1826302971979499,0.0268573966467573,22Ne,4,8,2,1,True,0.0352,-0.0442,0.2255,-0.2166,0.19528696836246368,0.2140830527833799,-0.9145781212006244,-1.0988534586605876,-0.18106295953229976,-0.21754473970599697,0.18106295953229976,0.21754473970599697
159,193,33,P,15,18,4048.4,0.5,5/2,62 FS 21,772.4,0.0,9.0,4.0,[M1],0.05,0.03,5,62.0,FS,21.0,6.2e-14,2.1e-14,0.0895246554891911,0.0537147932935146,33P,3/2,3,3,3,True,0.1094,0.0428,0.0968,-0.249,0.16539420492000204,0.16658869020639117,-2.3078840984000406,-2.331773804127823,-0.22368721476284367,-0.22600267841175753,0.22368721476284367,0.22600267841175753
1,2,18,O,8,10,5254.8,0.9,2,7.0 FS 0.3,1334.0,0.0,8.7,0.4,M1,0.111,0.008,4,7.0,FS,0.3,7e-15,3e-16,0.1987447351860043,0.0143239448782705,18O,2,4,3,2,True,0.0,0.1849,0.0,-0.1849,0.27962682197957367,0.22865093883575416,-1.5191605583745376,-1.059918367889677,-0.3273912241765991,-0.22842086708856754,0.3273912241765991,0.22842086708856754
164,199,34,Cl,17,17,2580.4,0.2,1,33 FS 8,2580.3,0.0,100.0,0.0,M1,0.038,0.01,2,33.0,FS,8.0,3.3000000000000005e-14,8e-15,0.0680387381717852,0.0179049310978382,34Cl,0,0,3,1,True,-0.0393,0.0393,-0.1513,0.1513,0.1517545720170726,0.1574511189528994,-2.9935413688703316,-3.1434504987605103,-0.22084103526308735,-0.2319002067796744,0.22084103526308735,0.2319002067796744
88,102,26,Al,13,13,2545.367,0.017,3,0.69 PS 0.17,475.892,0.0,100.0,1.5,[M1],0.2,0.05,6,0.69,PS,0.17,6.899999999999999e-13,1.7e-13,0.3580986219567645,0.0895246554891911,26Al,2,4,3,2,True,0.0146,-0.0146,0.1997,-0.1997,0.06348975311231285,0.07916819211848602,0.6825512344384357,0.6041590394075699,0.263827941235692,0.23352684385220224,0.263827941235692,0.23352684385220224
94,109,26,Al,13,13,3159.889,0.013,2,3.5 FS 0.7,1400.814,0.0,23.1,0.6,[M1],0.34,0.07,4,3.5,FS,0.7,3.5e-15,7e-16,0.6087676573264997,0.1253345176848675,26Al,2,4,5,1,True,0.0613,-0.0613,0.3027,-0.3027,0.43228713665439106,0.46403223282306705,-0.27143275486585594,-0.3648006847737265,-0.17756557891344846,-0.23864490787739293,0.17756557891344846,0.23864490787739293
33,44,19,F,9,10,6070.0,1.0,7/2,1.2 KEV,1692.0,0.0,4.0,1.0,M1,0.25,0.1,7,1.2,KEV,0.0,3.8019122853713e-19,,0.4476232774459556,0.1790493109783822,19F,7/2,7,3,1,True,0.0191,0.1021,-0.1753,0.0541,0.1178416826616143,0.12452980008094414,0.5286332693535428,0.5018807996762235,0.2519129886369394,0.2391644633727728,0.2519129886369394,0.2391644633727728
90,105,26,Al,13,13,2913.4,0.05,2,68 FS 4,843.92,0.0,100.0,1.3,[M1],0.365,0.023,4,68.0,FS,4.0,6.8e-14,4e-15,0.6535299850710953,0.0411813415250279,26Al,2,4,4,2,True,0.0799,-0.0799,-0.0328,0.0328,0.2889808280857206,0.239066463074771,0.208271703874738,0.34502338883624384,0.14746305584651145,0.24428764114260867,0.14746305584651145,0.24428764114260867
28,38,19,F,9,10,1554.038,0.009,3/2,3.5 FS 2.1,1356.9,0.0,92.6,0.2,M1,2.3,1.4,3,3.5,FS,2.1,3.5e-15,2.1000000000000002e-15,4.118134152502791,2.506690353697352,19F,5/2,5,1,1,True,-0.3453,0.0093,-0.0066,0.3426,2.1701410340548826,1.9115841467505927,0.05646041997613794,0.16887645793452483,0.08705324710740488,0.26038141461595027,0.08705324710740488,0.26038141461595027
20,29,18,F,9,9,6310.5,0.8,3,0.95 KEV 0.14,3249.0,0.0,57.0,3.0,M1,0.14,0.03,6,0.95,KEV,0.14,4.802415518363747e-19,3.258781958889685e-18,0.2506690353697351,0.0537147932935146,18F,2,4,5,2,True,0.0105,-0.0105,-0.1442,0.1442,0.00115016752849162,0.004400889404268156,0.9917845176536313,0.9685650756837988,0.2691550439415135,0.262853644985949,0.2691550439415135,0.262853644985949
80,94,25,Al,13,12,2485.3,0.9,1/2,4 FS 2,2033.4,1.0,100.0,4.0,M1,0.5,0.3,1,4.0,FS,2.0,4e-15,2e-15,0.8952465548919113,0.5371479329351467,25Al,1/2,1,2,1,True,0.1774,0.0028,-0.1096,-0.0706,0.42342242857955953,0.34250572156746373,0.15315514284088094,0.31498855686507254,0.1284842304153188,0.2642487974464413,0.1284842304153188,0.2642487974464413
3,6,18,F,9,9,1700.81,0.18,1,662 FS 19,659.0,0.0,70.2,1.3,M1,0.0805,0.0027,2,662.0,FS,19.0,6.62e-13,1.9e-14,0.1441346953375977,0.0048343313964163,18F,0,0,2,1,True,0.0268,-0.0268,0.3135,-0.3135,0.17880645696679326,0.2180318170738827,-1.2211982231899783,-1.7084697773153128,-0.19088370090145984,-0.26704840195423907,0.19088370090145984,0.26704840195423907
93,108,26,Al,13,13,3159.889,0.013,2,3.5 FS 0.7,614.514,0.0,2.24,0.08,[M1],0.39,0.08,4,3.5,FS,0.7,3.5e-15,7e-16,0.6982923128156908,0.1432394487827058,26Al,3,6,5,3,True,-0.0728,0.0728,-0.2754,0.2754,0.5154972426597543,0.5336217432162904,-0.3217878016916776,-0.36826088004177027,-0.24079602545060239,-0.2755721496489926,0.24079602545060239,0.2755721496489926
4,12,18,F,9,9,3839.17,0.22,2,13.2 FS 1.9,777.0,0.0,50.0,3.0,M1,1.7,0.3,4,13.2,FS,1.9,1.32e-14,1.9e-15,3.0438382866324982,0.5371479329351467,18F,2,4,3,2,True,0.1563,-0.1563,0.3789,-0.3789,1.912002078223106,1.8771478579593348,-0.12470710483712119,-0.1042046223290205,-0.35570367878855513,-0.2972241842805679,0.35570367878855513,0.2972241842805679
167,202,38,K,19,19,1697.65,0.25,1,48 FS 10,1567.4,0.2,100.0,0.0,M1,0.119,0.032,2,48.0,FS,10.0,4.8e-14,1.0000000000000002e-14,0.2130686800642748,0.0572957795130823,38K,0,0,2,1,True,-0.1499,0.1499,0.4849,-0.4849,0.4789942454175644,0.2725632069284972,-3.0251617261980206,-1.2904471170461953,-0.6976724374475839,-0.297607026345108,0.6976724374475839,0.297607026345108
66,78,22,Na,11,11,4360.0,0.4,2,5.0 FS 1.4,2408.1,0.3,100.0,5.0,M1,0.24,0.07,4,5.0,FS,1.4,5.000000000000001e-15,1.4e-15,0.4297183463481174,0.1253345176848675,22Na,2,4,3,1,True,-0.0225,0.0225,-0.1278,0.1278,0.0644177569273743,0.07055273772784358,0.7315926794692739,0.7060302594673183,0.33782999200494956,0.3260259480509388,0.33782999200494956,0.3260259480509388
51,62,20,F,9,11,3488.41,0.03,1,8.1 FS 0.5,2431.43,0.99,7.1,2.9,[M1],0.0132,0.0055,2,8.1,FS,0.5,8.1e-15,5e-16,0.0236345090491464,0.009847712103811,20F,1,2,3,1,True,-0.0578,-0.0161,-0.2603,0.3342,0.1519633708340787,0.18296379865502238,-10.512376578339296,-12.860893837501697,-0.26942807426191406,-0.3296196472893478,0.26942807426191406,0.3296196472893478
42,53,20,F,9,11,1056.848,0.004,1,5.1 FS 1.1,1056.78,0.03,100.0,0.0,[M1],3.59,0.78,2,5.1,FS,1.1,5.1e-15,1.1000000000000001e-15,6.427870264123923,1.3965846256313816,20F,2,4,1,1,True,0.3414,-0.0654,0.3259,-0.6018,3.4445674176558647,3.2778458056156476,0.04051046861953625,0.08695102907642123,0.15559627256767325,0.33396937831743595,0.15559627256767325,0.33396937831743595
91,106,26,Al,13,13,3073.63,0.04,3,194 FS 31,1004.14,0.0,100.0,0.6,[M1],0.093,0.015,6,194.0,FS,31.0,1.94e-13,3.1e-14,0.1665158592098955,0.0268573966467573,26Al,2,4,4,2,True,0.0617,-0.0617,0.1221,-0.1221,0.2759533601431062,0.26543279440805023,-1.967240431646303,-1.854116068903766,-0.3550986533851023,-0.33467902992234855,0.3550986533851023,0.33467902992234855
31,42,19,F,9,10,5500.7,1.7,3/2,4 KEV 1,3946.7,0.0,11.0,0.0,M1,0.18,0.0,3,4.0,KEV,1.0,1.1405736856113902e-19,4.562294742445562e-19,0.322288759761088,0.0,19F,3/2,3,3,1,True,-0.0227,-0.0351,0.084,-0.0262,0.004678025966428826,0.006445680109497206,0.9740109668531731,0.9641906660583489,0.34043101754091487,0.33699867939903455,0.34043101754091487,0.33699867939903455
81,95,26,Al,13,13,1057.739,0.012,1,25 FS 5,829.3,0.4,100.0,0.0,M1,1.5,0.3,2,25.0,FS,5.0,2.5e-14,5.000000000000001e-15,2.685739664675734,0.5371479329351467,26Al,0,0,1,1,True,0.1298,-0.1298,0.4932,-0.4932,1.6429079234534976,1.701651510157676,-0.09527194896899838,-0.13443434010511726,-0.2397753575177079,-0.3383371738500976,0.2397753575177079,0.3383371738500976
155,185,32,P,15,17,2657.53,0.09,2,8.3 FS 2.8,902.51,0.14,10.0,3.0,(M1),0.24,0.11,4,8.3,FS,2.8,8.300000000000002e-15,2.8e-15,0.4297183463481174,0.1969542420762204,32P,3,6,4,1,True,0.021,-0.0717,-0.0371,0.0878,0.07022483114640674,0.054306885482016745,0.707396536889972,0.773721310491597,0.32238858808614007,0.35261541137618196,0.32238858808614007,0.35261541137618196
35,46,19,F,9,10,6330.0,2.0,7/2,2.4 KEV,1952.0,0.0,18.0,2.0,M1,0.22,0.06,7,2.4,KEV,0.0,1.9009561426856504e-19,,0.3939084841524409,0.1074295865870293,19F,7/2,7,4,1,True,-0.0034,0.0523,-0.0417,-0.0072,0.03800012482636697,0.03515608098507821,0.8272721598801501,0.8401996318860081,0.3510235571390881,0.35650887071348625,0.3510235571390881,0.35650887071348625
106,122,26,Al,13,13,3753.63,0.13,0,5 FS 2,2695.74,0.0,100.0,0.5,[M1],0.19,0.08,0,5.0,FS,2.0,5.000000000000001e-15,2e-15,0.3401936908589263,0.1432394487827058,26Al,1,2,2,1,True,0.036,-0.036,0.4171,-0.4171,0.31923641822569837,0.388725922979,-0.6801916748720966,-1.0459259104157894,-0.24797051467171172,-0.3813025003033914,0.24797051467171172,0.3813025003033914
13,22,18,F,9,9,6283.2,0.9,2,10.0 KEV 0.5,2925.0,0.0,2.3,0.3,M1,0.078,0.027,4,10.0,KEV,0.5,4.562294742445559e-20,9.124589484891121e-19,0.1396584625631381,0.0483433139641632,18F,3,6,5,2,True,-0.1231,0.1231,0.265,-0.265,0.4461182682323127,0.3059093856005585,-4.719464977337342,-2.9219152000071604,-0.7138124311422461,-0.44193555890848385,0.7138124311422461,0.44193555890848385
96,112,26,Al,13,13,3159.889,0.013,2,3.5 FS 0.7,2742.881,0.0,100.0,1.1,M1,0.16,0.06,4,3.5,FS,0.7,3.5e-15,7e-16,0.2864788975654116,0.1074295865870293,26Al,3,6,5,1,True,-0.1217,0.1217,0.1669,-0.1669,0.534939281805676,0.40394655874726826,-2.3433705112854746,-1.5246659921704266,-0.7231462125182299,-0.4705002611766148,0.7231462125182299,0.4705002611766148
19,28,18,F,9,9,6310.5,0.8,3,0.95 KEV 0.14,1347.0,0.0,13.0,1.5,M1,0.62,0.2,6,0.95,KEV,0.14,4.802415518363747e-19,3.258781958889685e-18,1.11010572806597,0.3580986219567645,18F,2,4,5,4,True,0.0037,-0.0037,0.5821,-0.5821,0.21262330464545245,0.32203050080581563,0.6570591860557219,0.48059596644223285,0.7373711296727732,0.5393389183385292,0.7373711296727732,0.5393389183385292
63,75,22,Na,11,11,2968.6,0.6,3,32 FS 4,1016.8,0.5,100.0,0.0,M1,0.65,0.09,6,32.0,FS,4.0,3.2e-14,4e-15,1.1638205213594848,0.161144379880544,22Na,2,4,3,1,True,0.1069,-0.1069,-0.0981,0.0981,0.4606378361071731,0.36428003156961447,0.2913264059889644,0.43956918220059316,0.3622042395482244,0.5465135260475902,0.3622042395482244,0.5465135260475902
60,71,21,Ne,10,11,4684.53,0.15,3/2,11 FS 3,4333.35,0.25,100.0,3.0,M1,0.015,0.005,3,11.0,FS,3.0,1.1e-14,3.0000000000000002e-15,0.0268573966467573,0.0089524655489191,21Ne,5/2,5,2,1,True,-0.0133,-0.1975,0.1017,0.1092,0.3425991977361529,0.30647790837278777,-21.839946515743524,-19.43186055818585,-0.6360849692124073,-0.5659498486401234,0.6360849692124073,0.5659498486401234
77,91,26,Mg,12,14,6125.47,0.05,3,14 FS 6,1775.31,0.05,100.0,1.4,[M1],0.2,0.09,6,14.0,FS,6.0,1.4e-14,6.000000000000001e-15,0.3580986219567645,0.161144379880544,26Mg,3,6,3,2,True,-0.0589,0.0937,-0.2524,0.2175,0.4935494085350622,0.5021504131103688,-1.4677470426753108,-1.5107520655518438,-0.561489360400686,-0.5779410118684676,0.561489360400686,0.5779410118684676
87,101,26,Al,13,13,2365.15,0.018,3,0.8 PS 0.2,295.678,0.0,100.0,2.0,[M1],0.54,0.14,6,0.8,PS,0.2,8e-13,2e-13,0.9668662792832644,0.2506690353697351,26Al,2,4,2,2,True,-0.0241,0.0241,-0.3438,0.3438,0.18190932061041337,0.22816669799242456,0.6631308877584938,0.5774690777918065,0.6709713307543557,0.5842967093648188,0.6709713307543557,0.5842967093648188
17,26,18,F,9,9,6283.2,0.9,2,10.0 KEV 0.5,2167.0,0.0,3.9,0.2,M1,0.33,0.11,4,10.0,KEV,0.5,4.562294742445559e-20,9.124589484891121e-19,0.5908627262286614,0.1969542420762204,18F,3,6,5,3,True,-0.071,-0.071,0.071,0.071,0.0016240704037765365,0.000794058883240224,0.9950785745340105,0.9975937609598781,0.6235579267501321,0.6251340479462281,0.6235579267501321,0.6251340479462281
150,180,30,P,15,15,3019.2,0.1,1,2 FS 1,2342.2,0.1,100.0,0.0,M1,0.9,0.5,2,2.0,FS,1.0,2e-15,1e-15,1.6114437988054404,0.8952465548919113,30P,0,0,3,1,True,-0.1231,0.1231,0.14,-0.14,0.5796541900200224,0.4486106883240222,0.3559397888666418,0.5015436796399754,0.446293522948519,0.6288583145250766,0.446293522948519,0.6288583145250766
37,48,19,F,9,10,6592.0,2.0,9/2,7.6 EV 1.8,3812.0,0.0,63.0,3.0,M1,0.35,0.07,9,7.6,EV,1.8,6.003019397954684e-20,2.534608190247533e-19,0.6266725884243378,0.1253345176848675,19F,9/2,9,2,1,True,0.0039,-0.0704,-0.0493,0.1158,0.032678326149755584,0.022895918772340786,0.9066333538578412,0.9345830892218835,0.6105445326580322,0.6293664280175433,0.6105445326580322,0.6293664280175433
50,61,20,F,9,11,2966.11,0.03,3,3.6 FS 0.8,2143.26,0.03,58.3,1.6,[M1],0.357,0.076,6,3.6,FS,0.8,3.6e-15,8.000000000000001e-16,0.6392060401928247,0.1360774763435705,20F,4,8,3,1,True,0.2018,-0.0131,0.0108,-0.1995,0.7886180218721026,0.6960937494457209,-1.2090140668686349,-0.9498424354221875,-0.829113761006667,-0.6513798768581165,0.829113761006667,0.6513798768581165
146,175,28,Si,14,14,9381.55,0.12,2,1.1 FS 0.3,1448.0,0.0,3.14,0.23,(M1),0.18,0.06,4,1.1,FS,0.3,1.1000000000000001e-15,3e-16,0.322288759761088,0.1074295865870293,28Si,2,4,6,4,True,0.0779,-0.0779,0.2289,-0.2289,0.5171097230095194,0.5187571288274916,-1.87283179449733,-1.88198404904162,-0.6501842597643583,-0.6533616149670722,0.6501842597643583,0.6533616149670722
99,115,26,Al,13,13,3680.68,0.06,3,8.3 FS 1.4,1611.16,0.0,100.0,0.21,[M1],0.59,0.1,6,8.3,FS,1.4,8.300000000000002e-15,1.4e-15,1.0563909347724554,0.1790493109783822,26Al,2,4,6,2,True,-0.0584,0.0584,-0.0869,0.0869,0.2263741073165587,0.21241222416067593,0.6163150723448158,0.6399792810836,0.6931238776074718,0.7197372590701957,0.6931238776074718,0.7197372590701957
47,58,20,F,9,11,2966.11,0.03,3,3.6 FS 0.8,771.71,0.1,2.4,0.6,[M1],0.31,0.1,6,3.6,FS,0.8,3.6e-15,8.000000000000001e-16,0.555052864032985,0.1790493109783822,20F,3,6,3,2,True,0.1933,0.0134,0.1207,-0.3274,0.7377265535087664,0.6973853284320057,-1.3797630758347303,-1.2496300917161476,-0.8153090670629695,-0.7384128203565165,0.8153090670629695,0.7384128203565165
73,86,23,Na,11,12,4429.63,0.16,1/2,0.21 FS 0.02,2038.6,0.0,9.9,0.3,[M1],1.11,0.12,1,0.21,FS,0.02,2.1e-16,2e-17,1.9874473518600435,0.2148591731740587,23Na,1/2,1,2,1,True,-0.1848,0.0155,-0.0698,0.2392,0.7534761074032962,0.6872965088879553,0.32119269603306655,0.380813955956797,0.6742184627486499,0.7993699830334603,0.6742184627486499,0.7993699830334603
103,119,26,Al,13,13,3750.9,0.04,2,22 FS 6,591.0,0.0,23.2,1.4,[M1],0.76,0.22,4,22.0,FS,6.0,2.2e-14,6.000000000000001e-15,1.3607747634357052,0.3939084841524409,26Al,2,4,6,5,True,-0.1277,0.1277,-0.2968,0.2968,1.2548261776054526,1.2264886809643802,-0.651087075796648,-0.6138008960057635,-0.8835829556512115,-0.8329822999643183,0.8835829556512115,0.8329822999643183
55,66,21,F,9,12,1730.4,0.06,3/2,0.05 PS 0.04,1450.5,0.2,22.0,2.5,[M1],0.026,0.021,3,0.05,PS,0.04,5e-14,4e-14,0.0465528208543793,0.0376003553054602,21F,1/2,1,1,1,True,0.0804,-0.0097,0.363,-0.4337,0.4028769801145543,0.4608430056005586,-14.495268465944395,-16.724730984636867,-0.7311923228057157,-0.8436542535026869,0.7311923228057157,0.8436542535026869
5,13,18,F,9,9,4115.9,0.25,3,63 FS 15,1054.0,0.0,95.0,3.0,M1,0.28,0.07,6,63.0,FS,15.0,6.300000000000001e-14,1.5000000000000002e-14,0.5013380707394703,0.1253345176848675,18F,2,4,3,2,True,-0.104,0.104,-0.1876,0.1876,0.7601122551418993,0.7249033853819886,-1.714686625506783,-1.5889406620785305,-0.9237626566199932,-0.8560188347998449,0.9237626566199932,0.8560188347998449
34,45,19,F,9,10,6282.0,2.0,5/2,2.4 KEV,4728.0,0.0,20.0,2.0,M1,0.022,0.005,5,2.4,KEV,0.0,1.9009561426856504e-19,,0.039390848415244,0.0089524655489191,19F,3/2,3,5,1,True,0.0569,-0.0569,0.3407,-0.3407,0.4289393544982346,0.4734294024773687,-18.49724338628339,-20.51951829442585,-0.7901362657969683,-0.8765206372930741,0.7901362657969683,0.8765206372930741
6,14,18,F,9,9,4360.15,0.26,1,19 FS 7,1298.0,0.0,100.0,0.0,M1,0.5,0.2,2,19.0,FS,7.0,1.9e-14,7e-15,0.8952465548919113,0.3580986219567645,18F,2,4,4,2,True,0.1352,0.1352,-0.1352,-0.1352,0.0058889997765220106,0.0028793164231508445,0.988222000446956,0.9942413671536983,0.8943643329951291,0.8998120025342548,0.8943643329951291,0.8998120025342548
68,81,22,Na,11,11,5100.4,1.3,4,38 FS 12,1029.0,0.0,100.0,9.0,[M1],0.2,0.07,8,38.0,FS,12.0,3.8e-14,1.2e-14,0.3580986219567645,0.1253345176848675,22Na,4,8,3,2,True,0.122,-0.122,0.0288,-0.0288,0.7740109832938546,0.6727505869214749,-2.8700549164692735,-2.3637529346073745,-1.104429027123809,-0.9095983979083628,1.104429027123809,0.9095983979083628
67,79,22,Na,11,11,4710.0,0.4,5,37 FS 14,638.6,0.0,83.0,6.0,M1,1.0,0.4,10,37.0,FS,14.0,3.7e-14,1.4e-14,1.7904931097838226,0.7161972439135291,22Na,4,8,3,2,True,-0.0599,0.0599,-0.2297,0.2297,0.3517366514242682,0.364751332648095,0.6482633485757319,0.635248667351905,0.994127467252344,0.9741691399605641,0.994127467252344,0.9741691399605641
83,97,26,Al,13,13,2069.47,0.03,2,14 FS 2,1011.71,0.0,100.0,1.2,[M1],1.14,0.17,4,14.0,FS,2.0,1.4e-14,2e-15,2.041162145153557,0.3043838286632498,26Al,1,2,2,1,True,0.1268,-0.1268,0.5151,-0.5151,1.6307901670003124,1.7040959559195588,-0.4305176903511514,-0.4948210139645254,-0.9049610408300053,-1.040128547230319,0.9049610408300053,1.040128547230319
44,55,20,F,9,11,2043.98,0.03,2,2.7 FS 0.5,1387.9,0.03,91.8,0.6,[M1],2.8,0.5,4,2.7,FS,0.5,2.7000000000000005e-15,5e-16,5.013380707394703,0.8952465548919113,20F,3,6,2,1,True,0.3014,-0.0374,0.1608,-0.4249,2.206643751066458,2.037165974066615,0.2119129460476935,0.27244072354763754,0.8266412184901687,1.0627511715545495,0.8266412184901687,1.0627511715545495
62,74,22,Na,11,11,657.0,0.14,0,19.6 PS 0.7,73.9,0.1,100.0,0.0,M1,2.77,0.1,0,19.6,PS,0.7,1.96e-11,6.999999999999999e-13,4.959665914101189,0.1790493109783822,22Na,1,2,1,1,True,-0.2042,0.2042,-0.5375,0.5375,3.379216699689475,3.347544276539805,-0.21993382660269847,-0.20849973882303424,-1.161255701775894,-1.1008834532962313,1.161255701775894,1.1008834532962313
53,64,20,F,9,11,3526.31,0.04,0,3.8 FS 0.4,2469.34,0.04,100.0,0.0,[M1],0.378,0.041,0,3.8,FS,0.4,3.8e-15,4e-16,0.6768063954982849,0.0734102175011367,20F,1,2,1,1,True,0.0578,-0.214,0.2101,-0.0539,1.0208456180515952,0.9524708030076031,-1.7006497832052785,-1.5197640291206431,-1.2443069289446924,-1.1119590467542242,1.2443069289446924,1.1119590467542242
56,67,22,F,9,13,709.1,0.3,2,57 FS 28,637.4,0.2,100.0,7.0,[M1],1.5,0.8,4,57.0,FS,28.0,5.700000000000001e-14,2.8e-14,2.685739664675734,1.4323944878270582,22F,3,6,2,1,True,-0.0593,-0.0301,-0.1028,0.1922,0.05679996756075108,0.06268924261577655,0.9621333549594993,0.9582071715894823,1.5168696439297533,1.510679744847904,1.5168696439297533,1.510679744847904
15,24,18,F,9,9,6283.2,0.9,2,10.0 KEV 0.5,2444.0,0.0,15.8,1.4,M1,0.91,0.29,4,10.0,KEV,0.5,4.562294742445559e-20,9.124589484891121e-19,1.6293487299032785,0.5192430018373085,18F,2,4,5,3,True,-0.0925,-0.0925,0.0925,0.0925,0.0027565864694134067,0.0013477814560055904,0.9969707840995456,0.998518921476917,1.5350021570385564,1.5373857717357546,1.5350021570385564,1.5373857717357546
11,19,18,F,9,9,6163.2,0.9,3,14.0 KEV 0.5,2324.0,0.0,25.0,1.6,M1,0.91,0.23,6,14.0,KEV,0.5,3.258781958889685e-20,9.124589484891121e-19,1.6293487299032785,0.4118134152502792,18F,2,4,4,3,True,0.0338,-0.0338,-0.1073,0.1073,0.024830968500201105,0.01430923898843016,0.9727132214283505,0.9842755615511757,1.5693771009901083,1.5880317994386146,1.5693771009901083,1.5880317994386146
7,15,18,F,9,9,5297.6,1.5,4,21 FS 3,646.0,0.0,1.3,0.3,M1,0.019,0.009,8,21.0,FS,3.0,2.1e-14,3.0000000000000002e-15,0.0340193690858926,0.0161144379880544,18F,4,8,2,1,True,-0.1606,0.1606,0.092,-0.092,1.1257938744781224,0.918616796281564,-58.25230918305908,-47.34825243587179,-2.1487862236124378,-1.7465620500399617,2.1487862236124378,1.7465620500399617
58,69,19,Ne,10,9,1536.0,0.4,3/2,19 FS 8,1297.7,0.0,95.0,3.0,M1,0.5,0.28,3,19.0,FS,8.0,1.9e-14,8e-15,0.8952465548919113,0.5013380707394703,19Ne,5/2,5,1,1,True,0.0093,-0.3453,0.3426,-0.0066,1.64461519689305,1.5606158733132736,-2.2892303937861,-2.121231746626547,-1.9526172930394734,-1.8093215092068782,1.9526172930394734,1.8093215092068782
32,43,19,F,9,10,6070.0,1.0,7/2,1.2 KEV,3290.0,0.0,23.0,3.0,M1,0.19,0.07,7,1.2,KEV,0.0,3.8019122853713e-19,,0.3401936908589263,0.1253345176848675,19F,9/2,9,3,1,True,-0.2667,0.0097,-0.0304,0.2874,1.3547140654601617,1.2056298024403125,-6.130074028737694,-5.34542001284375,-2.2409745799847562,-1.954128173977589,2.2409745799847562,1.954128173977589
54,65,21,F,9,12,1730.4,0.06,3/2,0.05 PS 0.04,1730.28,0.08,100.0,2.5,[M1],0.07,0.06,3,0.05,PS,0.04,5e-14,4e-14,0.1253345176848675,0.1074295865870293,21F,5/2,5,1,1,True,0.2161,-0.0103,0.1842,-0.39,1.1434900284346567,1.0919517169814748,-15.335571834780808,-14.599310242592495,-2.0704425647269087,-1.971040510753088,2.0704425647269087,1.971040510753088
22,31,18,F,9,9,6385.5,1.7,2,0.49 KEV 0.09,2270.0,0.0,2.3,0.5,M1,0.041,0.02,4,0.49,KEV,0.09,9.310805596827677e-19,5.0692163804950674e-18,0.0734102175011367,0.0358098621956764,18F,3,6,6,3,True,-0.2563,0.2563,0.1038,-0.1038,2.9771798520778536,2.4640715010225906,-71.61414273360619,-59.09930490299001,-5.6970257251423195,-4.701449288065916,5.6970257251423195,4.701449288065916
